,File,NaiveRMSE,NNRMSE,NN-Naive-Ratio,Average-Ratio,TotalNN-RMSE,TotalNaive-RMSE
0,SaoPaulo_2016-2017.csv,67.15209595289603,62.63644238777117,0.9327548380873714,0.7067896265574733,1204.3405383485804,1703.9589901941608
1,huila_2016-2017.csv,108.014643754012,14.179952327925182,0.13127805485539543,0.7067896265574733,1204.3405383485804,1703.9589901941608
2,tolima_2016-2017.csv,54.45930890610541,38.849549501655844,0.713368389757521,0.7067896265574733,1204.3405383485804,1703.9589901941608
3,santander_norte_2016-2017.csv,165.42693682883518,35.24204545649719,0.21303692211239825,0.7067896265574733,1204.3405383485804,1703.9589901941608
4,santander_2016-2017.csv,66.52880303036467,66.67763450134058,1.0022370982821978,0.7067896265574733,1204.3405383485804,1703.9589901941608
5,MinasGerais_2016-2017.csv,219.60331450736328,209.03277065569137,0.9518652809253593,0.7067896265574733,1204.3405383485804,1703.9589901941608
6,MatoGrosso_2016-2017.csv,242.69168331016576,116.78578116352858,0.4812104789527277,0.7067896265574733,1204.3405383485804,1703.9589901941608
7,valle_cauca_2016-2017.csv,166.8083343486268,164.8443157898661,0.9882258967069599,0.7067896265574733,1204.3405383485804,1703.9589901941608
8,Bahia_2016-2017.csv,613.2738695557917,496.09204656430444,0.8089241547559091,0.7067896265574733,1204.3405383485804,1703.9589901941608
