,File,NaiveRMSE,P-LSTM-RMSE - No Google,P-LSTM - No Google-Naive-Ratio,Average-Ratio,Total P-LSTM-RMSE - No Google,TotalNaive-RMSE
0,SaoPaulo_2016-2017.csv,49.0806253593854,78.10135737938023,1.5912869244736583,1.8943139523671797,3355.2290674952533,1771.210660884633
1,huila_2016-2017.csv,90.44028109445726,93.49557063196283,1.0337823976278289,1.8943139523671797,3355.2290674952533,1771.210660884633
2,tolima_2016-2017.csv,131.52827402762824,120.2682646795653,0.9143909594244527,1.8943139523671797,3355.2290674952533,1771.210660884633
3,santander_norte_2016-2017.csv,132.83003493870723,125.31649345675211,0.9434349205326781,1.8943139523671797,3355.2290674952533,1771.210660884633
4,santander_2016-2017.csv,56.64696627250914,169.15932262422092,2.9862026822487437,1.8943139523671797,3355.2290674952533,1771.210660884633
5,MinasGerais_2016-2017.csv,160.97848418309562,204.43554475757136,1.2699557074040282,1.8943139523671797,3355.2290674952533,1771.210660884633
6,MatoGrosso_2016-2017.csv,171.58162382403037,416.1381740334496,2.425307353777174,1.8943139523671797,3355.2290674952533,1771.210660884633
7,Bahia_2016-2017.csv,449.9565305209188,1055.883410336266,2.3466342606781594,1.8943139523671797,3355.2290674952533,1771.210660884633
8,RioDeJaneiro_2016-2017.csv,528.1678406639006,1092.4309295960848,2.0683404885517307,1.8943139523671797,3355.2290674952533,1771.210660884633
