,File,NaiveRMSE,H-LSTM-RMSE,H-LSTM-Naive-Ratio,Average-Ratio,Total H-LSTM-RMSE,TotalNaive-RMSE
0,SaoPaulo_2016-2017.csv,67.15209595289603,70.91944732560184,1.0561017689656094,0.5750394484763504,1282.267323221226,2229.8771442877137
1,huila_2016-2017.csv,108.014643754012,12.963291560693037,0.12001420465002033,0.5750394484763504,1282.267323221226,2229.8771442877137
2,tolima_2016-2017.csv,54.45930890610541,38.06871372356083,0.6990304226811986,0.5750394484763504,1282.267323221226,2229.8771442877137
3,santander_norte_2016-2017.csv,165.42693682883518,30.932878700336563,0.18698816101722512,0.5750394484763504,1282.267323221226,2229.8771442877137
4,santander_2016-2017.csv,66.52880303036467,65.73714026773214,0.9881004508337359,0.5750394484763504,1282.267323221226,2229.8771442877137
5,MinasGerais_2016-2017.csv,219.60331450736328,176.44774276912813,0.8034839691056296,0.5750394484763504,1282.267323221226,2229.8771442877137
6,MatoGrosso_2016-2017.csv,242.69168331016576,105.75215383698873,0.43574692133901827,0.5750394484763504,1282.267323221226,2229.8771442877137
7,Bahia_2016-2017.csv,613.2738695557917,344.35789367460967,0.5615075266846702,0.5750394484763504,1282.267323221226,2229.8771442877137
8,RioDeJaneiro_2016-2017.csv,692.7264884421796,437.08806136257505,0.6309677320777922,0.5750394484763504,1282.267323221226,2229.8771442877137
