,File,NaiveRMSE,P-LSTM-RMSE - No Google,P-LSTM - No Google-Naive-Ratio,Average-Ratio,Total P-LSTM-RMSE - No Google,TotalNaive-RMSE
0,SaoPaulo_2016-2017.csv,80.94359268557656,96.8998806240873,1.1971284867536405,1.1308545561851897,2353.041613371098,2080.764144691443
1,huila_2016-2017.csv,120.99953139553122,64.29813798015896,0.5313916280384341,1.1308545561851897,2353.041613371098,2080.764144691443
2,tolima_2016-2017.csv,119.19558560981183,89.5965811861165,0.7516770082359591,1.1308545561851897,2353.041613371098,2080.764144691443
3,santander_norte_2016-2017.csv,186.8847431346252,73.6181316199232,0.3939226412232661,1.1308545561851897,2353.041613371098,2080.764144691443
4,santander_2016-2017.csv,77.58885827124311,167.7147109923005,2.1615824066644485,1.1308545561851897,2353.041613371098,2080.764144691443
5,MinasGerais_2016-2017.csv,259.48555288548124,246.04384434051167,0.9481986245650377,1.1308545561851897,2353.041613371098,2080.764144691443
6,MatoGrosso_2016-2017.csv,310.24237797643605,274.7237773006844,0.8855133818035349,1.1308545561851897,2353.041613371098,2080.764144691443
7,valle_cauca_2016-2017.csv,189.1969736686103,428.47067682521293,2.2646803937556883,1.1308545561851897,2353.041613371098,2080.764144691443
8,Bahia_2016-2017.csv,736.2269290641273,911.6758725021025,1.2383082396361151,1.1308545561851897,2353.041613371098,2080.764144691443
