,File,NaiveRMSE,NNRMSE,NN-Naive-Ratio,Average-Ratio,TotalNN-RMSE,TotalNaive-RMSE
0,SaoPaulo_2016-2017.csv,80.94359268557656,117.5474517420645,1.452214410579411,0.546876314944619,1170.0244999389015,2139.4682270293374
1,huila_2016-2017.csv,120.99953139553122,13.707342895724105,0.11328426430774051,0.546876314944619,1170.0244999389015,2139.4682270293374
2,tolima_2016-2017.csv,119.19558560981183,33.445140548909265,0.280590429400568,0.546876314944619,1170.0244999389015,2139.4682270293374
3,santander_norte_2016-2017.csv,186.8847431346252,37.87998364040074,0.20269168582217184,0.546876314944619,1170.0244999389015,2139.4682270293374
4,santander_2016-2017.csv,77.58885827124311,71.89701760430509,0.9266410049875989,0.546876314944619,1170.0244999389015,2139.4682270293374
5,MinasGerais_2016-2017.csv,259.48555288548124,207.0188152511869,0.7978047831531897,0.546876314944619,1170.0244999389015,2139.4682270293374
6,MatoGrosso_2016-2017.csv,310.24237797643605,94.11287440584525,0.30335273672055674,0.546876314944619,1170.0244999389015,2139.4682270293374
7,valle_cauca_2016-2017.csv,189.1969736686103,157.38380100367868,0.8318515774958734,0.546876314944619,1170.0244999389015,2139.4682270293374
8,RioDeJaneiro_2016-2017.csv,794.9310114020219,437.0320728467872,0.5497735861077964,0.546876314944619,1170.0244999389015,2139.4682270293374
