,File,NaiveRMSE,NNRMSE,NN-Naive-Ratio,Average-Ratio,TotalNN-RMSE,TotalNaive-RMSE
0,SaoPaulo_2016-2017.csv,49.0806253593854,54.23270475750566,1.104971755359573,0.7318640105085971,1296.28533773061,1771.210660884633
1,huila_2016-2017.csv,90.44028109445726,14.363268324506299,0.15881494562699416,0.7318640105085971,1296.28533773061,1771.210660884633
2,tolima_2016-2017.csv,131.52827402762824,34.79480044681602,0.2645423632602917,0.7318640105085971,1296.28533773061,1771.210660884633
3,santander_norte_2016-2017.csv,132.83003493870723,50.18047404910243,0.377779574267654,0.7318640105085971,1296.28533773061,1771.210660884633
4,santander_2016-2017.csv,56.64696627250914,54.52193723332793,0.9624864458061457,0.7318640105085971,1296.28533773061,1771.210660884633
5,MinasGerais_2016-2017.csv,160.97848418309562,162.13193353614474,1.0071652392486017,0.7318640105085971,1296.28533773061,1771.210660884633
6,MatoGrosso_2016-2017.csv,171.58162382403037,111.09007062942229,0.647447367343681,0.7318640105085971,1296.28533773061,1771.210660884633
7,Bahia_2016-2017.csv,449.9565305209188,360.30885968245883,0.8007637076971101,0.7318640105085971,1296.28533773061,1771.210660884633
8,RioDeJaneiro_2016-2017.csv,528.1678406639006,454.66128907132594,0.860827286454666,0.7318640105085971,1296.28533773061,1771.210660884633
