,File,NaiveRMSE,NNRMSE,NN-Naive-Ratio,Average-Ratio,TotalNN-RMSE,TotalNaive-RMSE
0,SaoPaulo_2016-2017.csv,49.0806253593854,118.96265545718549,2.423821102239419,0.8564213374292491,1524.4230270875119,1779.9918807060876
1,huila_2016-2017.csv,90.44028109445726,27.03266370298653,0.2989007041536413,0.8564213374292491,1524.4230270875119,1779.9918807060876
2,tolima_2016-2017.csv,131.52827402762824,43.89666419445319,0.3337431781795635,0.8564213374292491,1524.4230270875119,1779.9918807060876
3,santander_2016-2017.csv,56.64696627250914,55.47773283357917,0.9793592929000788,0.8564213374292491,1524.4230270875119,1779.9918807060876
4,MinasGerais_2016-2017.csv,160.97848418309562,162.04374552377556,1.006617414408427,0.8564213374292491,1524.4230270875119,1779.9918807060876
5,MatoGrosso_2016-2017.csv,171.58162382403037,116.41375510365064,0.6784744922512305,0.8564213374292491,1524.4230270875119,1779.9918807060876
6,valle_cauca_2016-2017.csv,141.6112547601619,146.19713628433848,1.0323835950182307,0.8564213374292491,1524.4230270875119,1779.9918807060876
7,Bahia_2016-2017.csv,449.9565305209188,376.29244734292166,0.8362862228208677,0.8564213374292491,1524.4230270875119,1779.9918807060876
8,RioDeJaneiro_2016-2017.csv,528.1678406639006,478.106226644621,0.9052164668784969,0.8564213374292491,1524.4230270875119,1779.9918807060876
