,File,NaiveRMSE,NNRMSE,NN-Naive-Ratio,Average-Ratio,TotalNN-RMSE,TotalNaive-RMSE
0,SaoPaulo_2016-2017.csv,49.0806253593854,30.130939667630592,0.6139070039756295,0.5728682833812387,793.2244030111418,1384.6540749808942
1,huila_2016-2017.csv,90.44028109445726,14.212651447619884,0.157149571801706,0.5728682833812387,793.2244030111418,1384.6540749808942
2,tolima_2016-2017.csv,131.52827402762824,30.242702740275387,0.22993309205838694,0.5728682833812387,793.2244030111418,1384.6540749808942
3,santander_norte_2016-2017.csv,132.83003493870723,39.8819862873051,0.30024825564269514,0.5728682833812387,793.2244030111418,1384.6540749808942
4,santander_2016-2017.csv,56.64696627250914,52.09605318286147,0.9196618391220672,0.5728682833812387,793.2244030111418,1384.6540749808942
5,MinasGerais_2016-2017.csv,160.97848418309562,145.14227005419056,0.9016252748976499,0.5728682833812387,793.2244030111418,1384.6540749808942
6,MatoGrosso_2016-2017.csv,171.58162382403037,93.36280004298459,0.5441305307772063,0.5728682833812387,793.2244030111418,1384.6540749808942
7,valle_cauca_2016-2017.csv,141.6112547601619,133.3519204618419,0.9416760037024718,0.5728682833812387,793.2244030111418,1384.6540749808942
8,Bahia_2016-2017.csv,449.9565305209188,254.8030791264324,0.5662837670817769,0.5728682833812387,793.2244030111418,1384.6540749808942
