,File,NaiveRMSE,NNRMSE,NN-Naive-Ratio,Average-Ratio,TotalNN-RMSE,TotalNaive-RMSE
0,SaoPaulo_2016-2017.csv,49.0806253593854,38.535525964385286,0.7851474116764969,0.7243258596106522,1290.2370481833432,1781.2936416171665
1,huila_2016-2017.csv,90.44028109445726,14.291986484633854,0.15802678089541847,0.7243258596106522,1290.2370481833432,1781.2936416171665
2,santander_norte_2016-2017.csv,132.83003493870723,39.900653255425276,0.30038878837784644,0.7243258596106522,1290.2370481833432,1781.2936416171665
3,santander_2016-2017.csv,56.64696627250914,50.95504463070757,0.8995193914812721,0.7243258596106522,1290.2370481833432,1781.2936416171665
4,MinasGerais_2016-2017.csv,160.97848418309562,138.00609430982553,0.8572952777518921,0.7243258596106522,1290.2370481833432,1781.2936416171665
5,MatoGrosso_2016-2017.csv,171.58162382403037,85.94910252954155,0.5009225382881834,0.7243258596106522,1290.2370481833432,1781.2936416171665
6,valle_cauca_2016-2017.csv,141.6112547601619,138.29945277461266,0.9766134267282764,0.7243258596106522,1290.2370481833432,1781.2936416171665
7,Bahia_2016-2017.csv,449.9565305209188,269.78997396656536,0.5995911952966368,0.7243258596106522,1290.2370481833432,1781.2936416171665
8,RioDeJaneiro_2016-2017.csv,528.1678406639006,514.5092142676461,0.9741396099030079,0.7243258596106522,1290.2370481833432,1781.2936416171665
