,File,NaiveRMSE,H-LSTM-RMSE - No Google,H-LSTM - No Google-Naive-Ratio,Average-Ratio,Total H-LSTM-RMSE - No Google,TotalNaive-RMSE
0,SaoPaulo_2016-2017.csv,49.0806253593854,60.88782547653652,1.2405674343123114,0.5382125991157811,958.0140565198108,1779.9918807060876
1,huila_2016-2017.csv,90.44028109445726,15.122113212755654,0.1672055087595524,0.5382125991157811,958.0140565198108,1779.9918807060876
2,tolima_2016-2017.csv,131.52827402762824,44.37862088153412,0.33740746018009893,0.5382125991157811,958.0140565198108,1779.9918807060876
3,santander_2016-2017.csv,56.64696627250914,51.12206440281229,0.9024678242587884,0.5382125991157811,958.0140565198108,1779.9918807060876
4,MinasGerais_2016-2017.csv,160.97848418309562,117.79436591247158,0.731739812995712,0.5382125991157811,958.0140565198108,1779.9918807060876
5,MatoGrosso_2016-2017.csv,171.58162382403037,81.58466309970743,0.4754860181494641,0.5382125991157811,958.0140565198108,1779.9918807060876
6,valle_cauca_2016-2017.csv,141.6112547601619,131.04488143967936,0.9253846501227735,0.5382125991157811,958.0140565198108,1779.9918807060876
7,Bahia_2016-2017.csv,449.9565305209188,126.56187231055253,0.2812757760489234,0.5382125991157811,958.0140565198108,1779.9918807060876
8,RioDeJaneiro_2016-2017.csv,528.1678406639006,329.5176497837613,0.6238881363347711,0.5382125991157811,958.0140565198108,1779.9918807060876
