,File,NaiveRMSE,P-LSTM-RMSE,P-LSTM-Naive-Ratio,Average-Ratio,Total P-LSTM-RMSE,TotalNaive-RMSE
0,SaoPaulo_2016-2017.csv,49.0806253593854,77.51588626215505,1.5793581620966886,2.104385572328265,3748.52863949924,1781.2936416171665
1,huila_2016-2017.csv,90.44028109445726,94.6616769618122,1.0466760586794954,2.104385572328265,3748.52863949924,1781.2936416171665
2,santander_norte_2016-2017.csv,132.83003493870723,127.27858947458799,0.9582063991274196,2.104385572328265,3748.52863949924,1781.2936416171665
3,santander_2016-2017.csv,56.64696627250914,172.93516237617845,3.052858321560358,2.104385572328265,3748.52863949924,1781.2936416171665
4,MinasGerais_2016-2017.csv,160.97848418309562,224.2481974309538,1.3930321096569387,2.104385572328265,3748.52863949924,1781.2936416171665
5,MatoGrosso_2016-2017.csv,171.58162382403037,421.1656180342177,2.454607950710119,2.104385572328265,3748.52863949924,1781.2936416171665
6,valle_cauca_2016-2017.csv,141.6112547601619,444.24916015704315,3.1371034802949813,2.104385572328265,3748.52863949924,1781.2936416171665
7,Bahia_2016-2017.csv,449.9565305209188,1068.4437830168472,2.3745488964898454,2.104385572328265,3748.52863949924,1781.2936416171665
8,RioDeJaneiro_2016-2017.csv,528.1678406639006,1118.030565785444,2.116809240752131,2.104385572328265,3748.52863949924,1781.2936416171665
