,File,NaiveRMSE,P-LSTM-RMSE - No Google,P-LSTM - No Google-Naive-Ratio,Average-Ratio,Total P-LSTM-RMSE - No Google,TotalNaive-RMSE
0,SaoPaulo_2016-2017.csv,80.94359268557656,93.21537780988234,1.1516090985975287,1.1314623271188133,2354.3062413379675,2080.764144691443
1,huila_2016-2017.csv,120.99953139553122,63.304424425630714,0.5231790875180917,1.1314623271188133,2354.3062413379675,2080.764144691443
2,tolima_2016-2017.csv,119.19558560981183,88.10770009825801,0.739185932494846,1.1314623271188133,2354.3062413379675,2080.764144691443
3,santander_norte_2016-2017.csv,186.8847431346252,72.7541666602095,0.38929965838784364,1.1314623271188133,2354.3062413379675,2080.764144691443
4,santander_2016-2017.csv,77.58885827124311,165.9658760044648,2.1390426370789504,1.1314623271188133,2354.3062413379675,2080.764144691443
5,MinasGerais_2016-2017.csv,259.48555288548124,269.1878533957653,1.037390522911177,1.1314623271188133,2354.3062413379675,2080.764144691443
6,MatoGrosso_2016-2017.csv,310.24237797643605,273.6633296106037,0.8820952553148279,1.1314623271188133,2354.3062413379675,2080.764144691443
7,valle_cauca_2016-2017.csv,189.1969736686103,424.45790998106116,2.243470927418344,1.1314623271188133,2354.3062413379675,2080.764144691443
8,Bahia_2016-2017.csv,736.2269290641273,903.6496033520921,1.2274063439934046,1.1314623271188133,2354.3062413379675,2080.764144691443
