,File,NaiveRMSE,P-LSTM-RMSE,P-LSTM-Naive-Ratio,Average-Ratio,Total P-LSTM-RMSE,TotalNaive-RMSE
0,SaoPaulo_2016-2017.csv,26.394997414214608,87.03542040145645,3.297421061863219,3.814718162816492,3982.830484338461,1044.069394997676
1,huila_2016-2017.csv,59.602097278535425,125.39827095356013,2.1039237993177125,3.814718162816492,3982.830484338461,1044.069394997676
2,santander_norte_2016-2017.csv,96.52642125345785,168.24971909823114,1.7430431680093388,3.814718162816492,3982.830484338461,1044.069394997676
3,santander_2016-2017.csv,49.70010060351991,175.44156846441692,3.5300042924257506,3.814718162816492,3982.830484338461,1044.069394997676
4,MinasGerais_2016-2017.csv,86.68787754174761,232.05027954260294,2.676848091370687,3.814718162816492,3982.830484338461,1044.069394997676
5,MatoGrosso_2016-2017.csv,90.72776124509527,476.65410420883165,5.253674263174873,3.814718162816492,3982.830484338461,1044.069394997676
6,valle_cauca_2016-2017.csv,100.06008195079595,447.88641445518385,4.476174771428129,3.814718162816492,3982.830484338461,1044.069394997676
7,Bahia_2016-2017.csv,243.01872804580026,1103.9791592246818,4.542773999774296,3.814718162816492,3982.830484338461,1044.069394997676
8,RioDeJaneiro_2016-2017.csv,291.35132966450914,1166.135547989496,4.002506353179511,3.814718162816492,3982.830484338461,1044.069394997676
