,File,NaiveRMSE,P-LSTM-RMSE,P-LSTM-Naive-Ratio,Average-Ratio,Total P-LSTM-RMSE,TotalNaive-RMSE
0,SaoPaulo_2016-2017.csv,80.94359268557656,98.22465148912167,1.2134950800945168,1.2496705557117525,3444.7163500655133,2756.499570483653
1,huila_2016-2017.csv,120.99953139553122,65.8506581899158,0.5442224232642592,1.2496705557117525,3444.7163500655133,2756.499570483653
2,santander_norte_2016-2017.csv,186.8847431346252,78.50285367420973,0.420060259374191,1.2496705557117525,3444.7163500655133,2756.499570483653
3,santander_2016-2017.csv,77.58885827124311,179.3004781778781,2.3109049697710597,1.2496705557117525,3444.7163500655133,2756.499570483653
4,MinasGerais_2016-2017.csv,259.48555288548124,279.6775031740544,1.0778153159743904,1.2496705557117525,3444.7163500655133,2756.499570483653
5,MatoGrosso_2016-2017.csv,310.24237797643605,284.4547836254475,0.9168792009680018,1.2496705557117525,3444.7163500655133,2756.499570483653
6,valle_cauca_2016-2017.csv,189.1969736686103,453.19771561959584,2.395375078321276,1.2496705557117525,3444.7163500655133,2756.499570483653
7,Bahia_2016-2017.csv,736.2269290641273,964.1403402710835,1.309569512075134,1.2496705557117525,3444.7163500655133,2756.499570483653
8,RioDeJaneiro_2016-2017.csv,794.9310114020219,1041.3673658442067,1.3100097378356699,1.2496705557117525,3444.7163500655133,2756.499570483653
