,File,NaiveRMSE,P-NN-RMSE - No Google,P-NN - No Google-Naive-Ratio,Average-Ratio,Total P-NN-RMSE - No Google,TotalNaive-RMSE
0,SaoPaulo_2016-2017.csv,49.0806253593854,43.305385568550214,0.8823315768992984,0.6445558209267023,942.8983992137764,1462.865385123876
1,huila_2016-2017.csv,90.44028109445726,14.67841992199048,0.16229958315432597,0.6445558209267023,942.8983992137764,1462.865385123876
2,tolima_2016-2017.csv,131.52827402762824,31.232344906996232,0.23745727021732,0.6445558209267023,942.8983992137764,1462.865385123876
3,santander_norte_2016-2017.csv,132.83003493870723,37.622144469398805,0.28323522226549946,0.6445558209267023,942.8983992137764,1462.865385123876
4,santander_2016-2017.csv,56.64696627250914,51.731469265573686,0.9132257677615305,0.6445558209267023,942.8983992137764,1462.865385123876
5,MinasGerais_2016-2017.csv,160.97848418309562,142.09124312020774,0.8826722641927371,0.6445558209267023,942.8983992137764,1462.865385123876
6,MatoGrosso_2016-2017.csv,171.58162382403037,89.68764285383702,0.5227112371067097,0.6445558209267023,942.8983992137764,1462.865385123876
7,valle_cauca_2016-2017.csv,141.6112547601619,139.95643472089037,0.9883143466098496,0.6445558209267023,942.8983992137764,1462.865385123876
8,RioDeJaneiro_2016-2017.csv,528.1678406639006,392.593314386332,0.7433116599693895,0.6445558209267023,942.8983992137764,1462.865385123876
