,File,NaiveRMSE,H-LSTM-RMSE,H-LSTM-Naive-Ratio,Average-Ratio,Total H-LSTM-RMSE,TotalNaive-RMSE
0,SaoPaulo_2016-2017.csv,26.394997414214608,107.28284097332633,4.064514168717094,0.9830611493832744,862.6923127292937,877.5571217217827
1,huila_2016-2017.csv,59.602097278535425,53.06254115080249,0.8902797648684749,0.9830611493832744,862.6923127292937,877.5571217217827
2,tolima_2016-2017.csv,124.83905638861582,72.43586710977885,0.5802340165427936,0.9830611493832744,862.6923127292937,877.5571217217827
3,santander_norte_2016-2017.csv,96.52642125345785,73.95183219426406,0.7661304670156813,0.9830611493832744,862.6923127292937,877.5571217217827
4,santander_2016-2017.csv,49.70010060351991,50.19285698874284,1.0099145953275603,0.9830611493832744,862.6923127292937,877.5571217217827
5,MinasGerais_2016-2017.csv,86.68787754174761,104.97048509530121,1.2109015478519354,0.9830611493832744,862.6923127292937,877.5571217217827
6,MatoGrosso_2016-2017.csv,90.72776124509527,93.99372390899764,1.0359973906451807,0.9830611493832744,862.6923127292937,877.5571217217827
7,valle_cauca_2016-2017.csv,100.06008195079595,99.09950973631939,0.9904000456950564,0.9830611493832744,862.6923127292937,877.5571217217827
8,Bahia_2016-2017.csv,243.01872804580026,207.70265557176077,0.8546775684408007,0.9830611493832744,862.6923127292937,877.5571217217827
