,File,NaiveRMSE,P-LSTM-RMSE,P-LSTM-Naive-Ratio,Average-Ratio,Total P-LSTM-RMSE,TotalNaive-RMSE
0,SaoPaulo_2016-2017.csv,49.0806253593854,120.59494782097228,2.4570784691094327,2.2103305359295202,3848.716587402265,1741.2402918207645
1,huila_2016-2017.csv,90.44028109445726,98.93979724888423,1.093979320404256,2.2103305359295202,3848.716587402265,1741.2402918207645
2,tolima_2016-2017.csv,131.52827402762824,127.75429231023358,0.9713066886546241,2.2103305359295202,3848.716587402265,1741.2402918207645
3,santander_norte_2016-2017.csv,132.83003493870723,131.72263308849537,0.9916630161941699,2.2103305359295202,3848.716587402265,1741.2402918207645
4,santander_2016-2017.csv,56.64696627250914,186.73587904101623,3.296485078171599,2.2103305359295202,3848.716587402265,1741.2402918207645
5,MinasGerais_2016-2017.csv,160.97848418309562,304.86858090804566,1.8938467612932086,2.2103305359295202,3848.716587402265,1741.2402918207645
6,valle_cauca_2016-2017.csv,141.6112547601619,482.7672707316119,3.409102415971418,2.2103305359295202,3848.716587402265,1741.2402918207645
7,Bahia_2016-2017.csv,449.9565305209188,1156.156947687426,2.569485870888311,2.2103305359295202,3848.716587402265,1741.2402918207645
8,RioDeJaneiro_2016-2017.csv,528.1678406639006,1239.1762385655795,2.3461788908009806,2.2103305359295202,3848.716587402265,1741.2402918207645
