,File,NaiveRMSE,P-LSTM-RMSE,P-LSTM-Naive-Ratio,Average-Ratio,Total P-LSTM-RMSE,TotalNaive-RMSE
0,SaoPaulo_2016-2017.csv,26.394997414214608,51.96462424743674,1.9687300374370187,0.7982394714982413,833.4174020704334,1044.069394997676
1,huila_2016-2017.csv,59.602097278535425,85.94612326092557,1.4419983051817449,0.7982394714982413,833.4174020704334,1044.069394997676
2,santander_norte_2016-2017.csv,96.52642125345785,113.15346973072192,1.1722538581804973,0.7982394714982413,833.4174020704334,1044.069394997676
3,santander_2016-2017.csv,49.70010060351991,39.460780215694584,0.7939778740186263,0.7982394714982413,833.4174020704334,1044.069394997676
4,MinasGerais_2016-2017.csv,86.68787754174761,28.6837272623134,0.33088510268923976,0.7982394714982413,833.4174020704334,1044.069394997676
5,MatoGrosso_2016-2017.csv,90.72776124509527,229.898848258626,2.533941597407754,0.7982394714982413,833.4174020704334,1044.069394997676
6,valle_cauca_2016-2017.csv,100.06008195079595,57.81301420137442,0.5777829987167479,0.7982394714982413,833.4174020704334,1044.069394997676
7,Bahia_2016-2017.csv,243.01872804580026,80.26123502938133,0.3302676944891876,0.7982394714982413,833.4174020704334,1044.069394997676
8,RioDeJaneiro_2016-2017.csv,291.35132966450914,146.23557986395934,0.5019217864299762,0.7982394714982413,833.4174020704334,1044.069394997676
