,File,NaiveRMSE,P-LSTM-RMSE,P-LSTM-Naive-Ratio,Average-Ratio,Total P-LSTM-RMSE,TotalNaive-RMSE
0,SaoPaulo_2016-2017.csv,26.394997414214608,49.988175221678375,1.8938503549448364,0.829457644299887,727.896462921939,877.5571217217827
1,huila_2016-2017.csv,59.602097278535425,86.35915383606448,1.4489281045344207,0.829457644299887,727.896462921939,877.5571217217827
2,tolima_2016-2017.csv,124.83905638861582,82.35191855339829,0.6596646989788368,0.829457644299887,727.896462921939,877.5571217217827
3,santander_norte_2016-2017.csv,96.52642125345785,109.85941091843992,1.1381278772365595,0.829457644299887,727.896462921939,877.5571217217827
4,santander_2016-2017.csv,49.70010060351991,42.12631240303899,0.8476102038323737,0.829457644299887,727.896462921939,877.5571217217827
5,MinasGerais_2016-2017.csv,86.68787754174761,28.292569629016143,0.3263728497146658,0.829457644299887,727.896462921939,877.5571217217827
6,MatoGrosso_2016-2017.csv,90.72776124509527,224.13843176787412,2.4704503747466933,0.829457644299887,727.896462921939,877.5571217217827
7,valle_cauca_2016-2017.csv,100.06008195079595,65.53091348393947,0.6549156487415628,0.829457644299887,727.896462921939,877.5571217217827
8,Bahia_2016-2017.csv,243.01872804580026,39.24957710848919,0.1615084459708474,0.829457644299887,727.896462921939,877.5571217217827
