,File,NaiveRMSE,NNRMSE,NN-Naive-Ratio,Average-Ratio,TotalNN-RMSE,TotalNaive-RMSE
0,SaoPaulo_2016-2017.csv,67.15209595289603,46.92485319448163,0.6987846399820068,0.6721323758541938,1566.1737424875546,2330.156675605976
1,huila_2016-2017.csv,108.014643754012,14.315099138858084,0.13252924456667828,0.6721323758541938,1566.1737424875546,2330.156675605976
2,tolima_2016-2017.csv,54.45930890610541,33.98548547916192,0.6240528233246057,0.6721323758541938,1566.1737424875546,2330.156675605976
3,santander_norte_2016-2017.csv,165.42693682883518,35.59105586874457,0.21514667774795412,0.6721323758541938,1566.1737424875546,2330.156675605976
4,MinasGerais_2016-2017.csv,219.60331450736328,220.1370059761527,1.0024302523392539,0.6721323758541938,1566.1737424875546,2330.156675605976
5,MatoGrosso_2016-2017.csv,242.69168331016576,113.3537930155294,0.4670691284903264,0.6721323758541938,1566.1737424875546,2330.156675605976
6,valle_cauca_2016-2017.csv,166.8083343486268,159.39352031356367,0.9555488994958352,0.6721323758541938,1566.1737424875546,2330.156675605976
7,Bahia_2016-2017.csv,613.2738695557917,457.63527990164687,0.7462168251732665,0.6721323758541938,1566.1737424875546,2330.156675605976
8,RioDeJaneiro_2016-2017.csv,692.7264884421796,484.8376495994156,0.699897661903662,0.6721323758541938,1566.1737424875546,2330.156675605976
