,File,NaiveRMSE,LSTMRMSE,LSTM-Naive-Ratio,Average-Ratio
0,casanare_2016-2017.csv,40.9847847050535,78.27816378719325,1.9099322919595918,1.3615485796256432
1,cordoba_2016-2017.csv,89.37993732307206,42.623409336467695,0.4768789351731299,1.3615485796256432
2,cundinamarca_2016-2017.csv,56.12247284967838,59.33076355119088,1.0571658827312505,1.3615485796256432
3,huila_2016-2017.csv,139.40854445851315,117.41204590892875,0.8422155640816522,1.3615485796256432
4,meta_2016-2017.csv,43.017378411065735,79.19219739875867,1.840934997061266,1.3615485796256432
5,santander_2016-2017.csv,88.7820800159512,191.98682438518028,2.1624501740743924,1.3615485796256432
6,santander_norte_2016-2017.csv,202.8498505192205,178.46465890934633,0.8797869875306434,1.3615485796256432
7,tolima_2016-2017.csv,156.70301545135115,151.79941924292422,0.9687077099677813,1.3615485796256432
8,valle_cauca_2016-2017.csv,232.93448483812807,492.85784783728235,2.115864674051081,1.3615485796256432
