,File,NaiveRMSE,LSTMRMSE,LSTM-Naive-Ratio,Average-Ratio
0,casanare_2016-2017.csv,40.9847847050535,86.71270906934463,2.1157292808385253,1.4722721070528266
1,cordoba_2016-2017.csv,89.37993732307206,46.049635828860836,0.5152122188496303,1.4722721070528266
2,cundinamarca_2016-2017.csv,56.12247284967838,62.6762388584634,1.1167761446709412,1.4722721070528266
3,huila_2016-2017.csv,139.40854445851315,112.41988078467107,0.8064059575496558,1.4722721070528266
4,meta_2016-2017.csv,43.017378411065735,89.33383277092145,2.076691701601726,1.4722721070528266
5,santander_2016-2017.csv,88.7820800159512,216.82061613924927,2.442166438320591,1.4722721070528266
6,santander_norte_2016-2017.csv,202.8498505192205,161.28810778186366,0.7951108042181241,1.4722721070528266
7,tolima_2016-2017.csv,156.70301545135115,153.3014672735641,0.9782930266658265,1.4722721070528266
8,valle_cauca_2016-2017.csv,232.93448483812807,559.9892674449818,2.40406339076042,1.4722721070528266
