,File,NaiveRMSE,LSTMRMSE,LSTM-Naive-Ratio,Average-Ratio
0,casanare_2016-2017.csv,40.9847847050535,31.294233293603728,0.7635573425311928,0.5850830543592769
1,cordoba_2016-2017.csv,89.37993732307206,42.104744525087185,0.47107601309783526,0.5850830543592769
2,cundinamarca_2016-2017.csv,56.12247284967838,24.34033162223954,0.43370026989783694,0.5850830543592769
3,huila_2016-2017.csv,139.40854445851315,71.39341274995996,0.5121164777041773,0.5850830543592769
4,meta_2016-2017.csv,43.017378411065735,26.542142705052203,0.6170097687362681,0.5850830543592769
5,santander_2016-2017.csv,88.7820800159512,61.7888268935181,0.6959605686464735,0.5850830543592769
6,santander_norte_2016-2017.csv,202.8498505192205,113.88848129099999,0.5614422736792147,0.5850830543592769
7,tolima_2016-2017.csv,156.70301545135115,93.03328386206535,0.593691726953064,0.5850830543592769
8,valle_cauca_2016-2017.csv,232.93448483812807,143.76554467862587,0.6171930479874291,0.5850830543592769
