,File,NaiveRMSE,P-NN-RMSE - No Google,P-NN - No Google-Naive-Ratio,Average-Ratio,Total P-NN-RMSE - No Google,TotalNaive-RMSE
0,SaoPaulo_2016-2017.csv,67.15209595289603,112.9134339886617,1.6814580749328367,0.6564664609360209,1463.8395572326763,2229.8771442877137
1,huila_2016-2017.csv,108.014643754012,15.843042137004186,0.14667494689964874,0.6564664609360209,1463.8395572326763,2229.8771442877137
2,tolima_2016-2017.csv,54.45930890610541,40.259244889391105,0.739253686799497,0.6564664609360209,1463.8395572326763,2229.8771442877137
3,santander_norte_2016-2017.csv,165.42693682883518,36.21686117490632,0.21892964875713908,0.6564664609360209,1463.8395572326763,2229.8771442877137
4,santander_2016-2017.csv,66.52880303036467,63.520691488829605,0.9547848239481759,0.6564664609360209,1463.8395572326763,2229.8771442877137
5,MinasGerais_2016-2017.csv,219.60331450736328,196.6412503170857,0.8954384443523158,0.6564664609360209,1463.8395572326763,2229.8771442877137
6,MatoGrosso_2016-2017.csv,242.69168331016576,101.39758055202007,0.41780410094412485,0.6564664609360209,1463.8395572326763,2229.8771442877137
7,Bahia_2016-2017.csv,613.2738695557917,423.98215742089786,0.6913422835510631,0.6564664609360209,1463.8395572326763,2229.8771442877137
8,RioDeJaneiro_2016-2017.csv,692.7264884421796,473.06529526387976,0.6829034303679085,0.6564664609360209,1463.8395572326763,2229.8771442877137
