,File,NaiveRMSE,P-NN-RMSE - No Google,P-NN - No Google-Naive-Ratio,Average-Ratio,Total P-NN-RMSE - No Google,TotalNaive-RMSE
0,SaoPaulo_2016-2017.csv,80.94359268557656,66.76253489908237,0.8248032078143582,0.5360064465868871,1499.8030138680792,2798.1062978222217
1,huila_2016-2017.csv,120.99953139553122,13.895125381263428,0.11483619168608289,0.5360064465868871,1499.8030138680792,2798.1062978222217
2,tolima_2016-2017.csv,119.19558560981183,31.75698717122694,0.26642754434869603,0.5360064465868871,1499.8030138680792,2798.1062978222217
3,santander_norte_2016-2017.csv,186.8847431346252,39.18278469238033,0.20966283301229371,0.5360064465868871,1499.8030138680792,2798.1062978222217
4,MinasGerais_2016-2017.csv,259.48555288548124,258.06072591056005,0.9945090315854694,0.5360064465868871,1499.8030138680792,2798.1062978222217
5,MatoGrosso_2016-2017.csv,310.24237797643605,119.41776060052331,0.38491762917570693,0.5360064465868871,1499.8030138680792,2798.1062978222217
6,valle_cauca_2016-2017.csv,189.1969736686103,158.00743376325352,0.8351477864546232,0.5360064465868871,1499.8030138680792,2798.1062978222217
7,Bahia_2016-2017.csv,736.2269290641273,317.5339052552009,0.43129895514531347,0.5360064465868871,1499.8030138680792,2798.1062978222217
8,RioDeJaneiro_2016-2017.csv,794.9310114020219,495.18575619458824,0.6229292216455713,0.5360064465868871,1499.8030138680792,2798.1062978222217
