,File,NaiveRMSE,H-LSTM-RMSE,H-LSTM-Naive-Ratio,Average-Ratio,Total H-LSTM-RMSE,TotalNaive-RMSE
0,huila_2016-2017.csv,120.99953139553122,65.36483641417465,0.540207351716973,0.7212637228706139,2015.7529171220422,2794.751563407888
1,tolima_2016-2017.csv,119.19558560981183,53.212965587039314,0.4464340295389176,0.7212637228706139,2015.7529171220422,2794.751563407888
2,santander_norte_2016-2017.csv,186.8847431346252,46.44051467848424,0.248498159344287,0.7212637228706139,2015.7529171220422,2794.751563407888
3,santander_2016-2017.csv,77.58885827124311,87.02498762562124,1.1216170667364422,0.7212637228706139,2015.7529171220422,2794.751563407888
4,MinasGerais_2016-2017.csv,259.48555288548124,252.94707945414373,0.9748021677560479,0.7212637228706139,2015.7529171220422,2794.751563407888
5,MatoGrosso_2016-2017.csv,310.24237797643605,146.34852882913947,0.47172320488162045,0.7212637228706139,2015.7529171220422,2794.751563407888
6,valle_cauca_2016-2017.csv,189.1969736686103,197.076709387348,1.04164831797225,0.7212637228706139,2015.7529171220422,2794.751563407888
7,Bahia_2016-2017.csv,736.2269290641273,618.5740337769025,0.8401947950521423,0.7212637228706139,2015.7529171220422,2794.751563407888
8,RioDeJaneiro_2016-2017.csv,794.9310114020219,548.7632613691891,0.690328158667925,0.7212637228706139,2015.7529171220422,2794.751563407888
