,File,NaiveRMSE,H-LSTM-RMSE - No Google,H-LSTM - No Google-Naive-Ratio,Average-Ratio,Total H-LSTM-RMSE - No Google,TotalNaive-RMSE
0,SaoPaulo_2016-2017.csv,67.15209595289603,104.7397298708289,1.5597388046428033,0.7229357018677349,1289.291923329713,1783.4116090805487
1,huila_2016-2017.csv,108.014643754012,32.41334952253839,0.30008291835276696,0.7229357018677349,1289.291923329713,1783.4116090805487
2,tolima_2016-2017.csv,54.45930890610541,62.354493741134256,1.1449740180992953,0.7229357018677349,1289.291923329713,1783.4116090805487
3,santander_norte_2016-2017.csv,165.42693682883518,33.90491204915626,0.20495399781377305,0.7229357018677349,1289.291923329713,1783.4116090805487
4,santander_2016-2017.csv,66.52880303036467,71.83139394838497,1.079703687372823,0.7229357018677349,1289.291923329713,1783.4116090805487
5,MinasGerais_2016-2017.csv,219.60331450736328,225.52529696451256,1.0269667262100943,0.7229357018677349,1289.291923329713,1783.4116090805487
6,MatoGrosso_2016-2017.csv,242.69168331016576,108.58749941889882,0.4474298333500015,0.7229357018677349,1289.291923329713,1783.4116090805487
7,valle_cauca_2016-2017.csv,166.8083343486268,150.63386801143992,0.9030356222886171,0.7229357018677349,1289.291923329713,1783.4116090805487
8,RioDeJaneiro_2016-2017.csv,692.7264884421796,499.301379802819,0.7207770860988154,0.7229357018677349,1289.291923329713,1783.4116090805487
