,File,NaiveRMSE,P-LSTM-RMSE,P-LSTM-Naive-Ratio,Average-Ratio,Total P-LSTM-RMSE,TotalNaive-RMSE
0,SaoPaulo_2016-2017.csv,26.394997414214608,48.883018529349506,1.8519804250113066,0.8831215540550083,817.6731713600166,925.8897233404916
1,huila_2016-2017.csv,59.602097278535425,83.91129511310207,1.4078580946734762,0.8831215540550083,817.6731713600166,925.8897233404916
2,tolima_2016-2017.csv,124.83905638861582,80.32169741528749,0.6434019908421231,0.8831215540550083,817.6731713600166,925.8897233404916
3,santander_norte_2016-2017.csv,96.52642125345785,106.67416134234098,1.1051291445089144,0.8831215540550083,817.6731713600166,925.8897233404916
4,santander_2016-2017.csv,49.70010060351991,40.29610592549295,0.8107851983430203,0.8831215540550083,817.6731713600166,925.8897233404916
5,MinasGerais_2016-2017.csv,86.68787754174761,28.94417830417076,0.3338895717020141,0.8831215540550083,817.6731713600166,925.8897233404916
6,MatoGrosso_2016-2017.csv,90.72776124509527,219.73752848733463,2.4219436859433543,0.8831215540550083,817.6731713600166,925.8897233404916
7,valle_cauca_2016-2017.csv,100.06008195079595,69.14777180759867,0.6910625142362141,0.8831215540550083,817.6731713600166,925.8897233404916
8,RioDeJaneiro_2016-2017.csv,291.35132966450914,139.75741443533946,0.479686894157202,0.8831215540550083,817.6731713600166,925.8897233404916
