,File,NaiveRMSE,H-LSTM-RMSE,H-LSTM-Naive-Ratio,Average-Ratio,Total H-LSTM-RMSE,TotalNaive-RMSE
0,SaoPaulo_2016-2017.csv,80.94359268557656,78.97198896898256,0.9756422509654019,0.5030584735343795,1351.4656748035322,2686.4981824248543
1,huila_2016-2017.csv,120.99953139553122,13.200246374461017,0.10909336773636903,0.5030584735343795,1351.4656748035322,2686.4981824248543
2,tolima_2016-2017.csv,119.19558560981183,31.550979012418615,0.2646992239771456,0.5030584735343795,1351.4656748035322,2686.4981824248543
3,santander_norte_2016-2017.csv,186.8847431346252,35.00282400994643,0.1872963165576958,0.5030584735343795,1351.4656748035322,2686.4981824248543
4,santander_2016-2017.csv,77.58885827124311,74.07355829063329,0.9546932374192094,0.5030584735343795,1351.4656748035322,2686.4981824248543
5,MinasGerais_2016-2017.csv,259.48555288548124,190.99765748969497,0.7360627802426749,0.5030584735343795,1351.4656748035322,2686.4981824248543
6,MatoGrosso_2016-2017.csv,310.24237797643605,103.86467957809298,0.33478559652473344,0.5030584735343795,1351.4656748035322,2686.4981824248543
7,Bahia_2016-2017.csv,736.2269290641273,405.80111102813333,0.5511902580689044,0.5030584735343795,1351.4656748035322,2686.4981824248543
8,RioDeJaneiro_2016-2017.csv,794.9310114020219,418.00263005116904,0.5258351027392134,0.5030584735343795,1351.4656748035322,2686.4981824248543
