,File,NaiveRMSE,H-LSTM-RMSE,H-LSTM-Naive-Ratio,Average-Ratio,Total H-LSTM-RMSE,TotalNaive-RMSE
0,SaoPaulo_2016-2017.csv,26.394997414214608,121.12034213657778,4.588761280626242,0.8446627238670882,881.8864990849999,1044.069394997676
1,huila_2016-2017.csv,59.602097278535425,65.5160784842099,1.0992243809481563,0.8446627238670882,881.8864990849999,1044.069394997676
2,santander_norte_2016-2017.csv,96.52642125345785,59.27162693557764,0.6140456277762848,0.8446627238670882,881.8864990849999,1044.069394997676
3,santander_2016-2017.csv,49.70010060351991,48.1937076035624,0.9696903430442791,0.8446627238670882,881.8864990849999,1044.069394997676
4,MinasGerais_2016-2017.csv,86.68787754174761,90.78015449534618,1.0472070267452078,0.8446627238670882,881.8864990849999,1044.069394997676
5,MatoGrosso_2016-2017.csv,90.72776124509527,51.1999357844119,0.5643249109398669,0.8446627238670882,881.8864990849999,1044.069394997676
6,valle_cauca_2016-2017.csv,100.06008195079595,93.45834791500621,0.934022300331154,0.8446627238670882,881.8864990849999,1044.069394997676
7,Bahia_2016-2017.csv,243.01872804580026,89.90370322785068,0.36994557559739627,0.8446627238670882,881.8864990849999,1044.069394997676
8,RioDeJaneiro_2016-2017.csv,291.35132966450914,262.44260250245713,0.9007770886258168,0.8446627238670882,881.8864990849999,1044.069394997676
