,File,NaiveRMSE,H-LSTM-RMSE,H-LSTM-Naive-Ratio,Average-Ratio,Total H-LSTM-RMSE,TotalNaive-RMSE
0,SaoPaulo_2016-2017.csv,67.15209595289603,79.85370437653184,1.1891468649399324,0.7041206274488465,1640.7113804817982,2330.156675605976
1,huila_2016-2017.csv,108.014643754012,14.042159390467186,0.1300023672942551,0.7041206274488465,1640.7113804817982,2330.156675605976
2,tolima_2016-2017.csv,54.45930890610541,40.51188020045565,0.7438926606707982,0.7041206274488465,1640.7113804817982,2330.156675605976
3,santander_norte_2016-2017.csv,165.42693682883518,33.94877651227567,0.20521915694662213,0.7041206274488465,1640.7113804817982,2330.156675605976
4,MinasGerais_2016-2017.csv,219.60331450736328,242.1165270700237,1.102517635551924,0.7041206274488465,1640.7113804817982,2330.156675605976
5,MatoGrosso_2016-2017.csv,242.69168331016576,118.97099675912717,0.490214560039453,0.7041206274488465,1640.7113804817982,2330.156675605976
6,valle_cauca_2016-2017.csv,166.8083343486268,159.42110013591534,0.9557142378913019,0.7041206274488465,1640.7113804817982,2330.156675605976
7,Bahia_2016-2017.csv,613.2738695557917,446.55185324537354,0.7281442686753004,0.7041206274488465,1640.7113804817982,2330.156675605976
8,RioDeJaneiro_2016-2017.csv,692.7264884421796,505.2943827916282,0.7294284125441004,0.7041206274488465,1640.7113804817982,2330.156675605976
