,File,NaiveRMSE,NNRMSE,NN-Naive-Ratio,Average-Ratio,TotalNN-RMSE,TotalNaive-RMSE
0,huila_2016-2017.csv,120.99953139553122,22.03302725073388,0.18209183950234378,0.5601974569273769,1565.6127185649098,2794.751563407888
1,tolima_2016-2017.csv,119.19558560981183,30.54930694953791,0.2562956236444983,0.5601974569273769,1565.6127185649098,2794.751563407888
2,santander_norte_2016-2017.csv,186.8847431346252,37.53219953042554,0.20083073075359958,0.5601974569273769,1565.6127185649098,2794.751563407888
3,santander_2016-2017.csv,77.58885827124311,79.18660085450601,1.0205924229182153,0.5601974569273769,1565.6127185649098,2794.751563407888
4,MinasGerais_2016-2017.csv,259.48555288548124,235.77581016908485,0.9086278890953894,0.5601974569273769,1565.6127185649098,2794.751563407888
5,MatoGrosso_2016-2017.csv,310.24237797643605,109.118960709955,0.35172164880145085,0.5601974569273769,1565.6127185649098,2794.751563407888
6,valle_cauca_2016-2017.csv,189.1969736686103,161.94927124119252,0.8559823558534094,0.5601974569273769,1565.6127185649098,2794.751563407888
7,Bahia_2016-2017.csv,736.2269290641273,425.8012264847025,0.5783559520513194,0.5601974569273769,1565.6127185649098,2794.751563407888
8,RioDeJaneiro_2016-2017.csv,794.9310114020219,463.6663153747716,0.5832786854761172,0.5601974569273769,1565.6127185649098,2794.751563407888
