,File,NaiveRMSE,P-LSTM-RMSE - No Google,P-LSTM - No Google-Naive-Ratio,Average-Ratio,Total P-LSTM-RMSE - No Google,TotalNaive-RMSE
0,SaoPaulo_2016-2017.csv,80.94359268557656,104.23082432637779,1.2876970352830757,1.2262242421952643,3377.8745548738334,2754.6956246979335
1,tolima_2016-2017.csv,119.19558560981183,94.8048569255338,0.7953722148392192,1.2262242421952643,3377.8745548738334,2754.6956246979335
2,santander_norte_2016-2017.csv,186.8847431346252,77.43654806822673,0.41435457367669737,1.2262242421952643,3377.8745548738334,2754.6956246979335
3,santander_2016-2017.csv,77.58885827124311,175.11066739621916,2.256904809503051,1.2262242421952643,3377.8745548738334,2754.6956246979335
4,MinasGerais_2016-2017.csv,259.48555288548124,253.43913393884645,0.9766984370443804,1.2262242421952643,3377.8745548738334,2754.6956246979335
5,MatoGrosso_2016-2017.csv,310.24237797643605,280.79950618513374,0.9050971953498287,1.2262242421952643,3377.8745548738334,2754.6956246979335
6,valle_cauca_2016-2017.csv,189.1969736686103,442.9154677665211,2.3410282901369963,1.2262242421952643,3377.8745548738334,2754.6956246979335
7,Bahia_2016-2017.csv,736.2269290641273,941.0963028241373,1.2782693292955676,1.2262242421952643,3377.8745548738334,2754.6956246979335
8,RioDeJaneiro_2016-2017.csv,794.9310114020219,1008.0412474428374,1.268086454024422,1.2262242421952643,3377.8745548738334,2754.6956246979335
