,File,NaiveRMSE,LSTMRMSE,LSTM-Naive-Ratio,Average-Ratio,TotalLSTM-RMSE,TotalNaive-RMSE
0,huila_2016-2017.csv,120.99953139553122,77.94430520460622,0.6441703063280201,0.7831836320210065,543.4242528578441,693.8656920798217
1,tolima_2016-2017.csv,119.19558560981183,70.57635573503772,0.5921054489892794,0.7831836320210065,543.4242528578441,693.8656920798217
2,santander_norte_2016-2017.csv,186.8847431346252,131.67602672980829,0.7045841437947318,0.7831836320210065,543.4242528578441,693.8656920798217
3,santander_2016-2017.csv,77.58885827124311,76.24331633667137,0.9826580521410966,0.7831836320210065,543.4242528578441,693.8656920798217
4,valle_cauca_2016-2017.csv,189.1969736686103,186.98424885172054,0.9883046500481266,0.7831836320210065,543.4242528578441,693.8656920798217
