,File,NaiveRMSE,P-NN-RMSE - No Google,P-NN - No Google-Naive-Ratio,Average-Ratio,Total P-NN-RMSE - No Google,TotalNaive-RMSE
0,SaoPaulo_2016-2017.csv,80.94359268557656,69.64767159528498,0.8604470012324469,0.5891747221900715,1582.8168202942957,2686.4981824248543
1,huila_2016-2017.csv,120.99953139553122,13.957894931674454,0.11535495031007988,0.5891747221900715,1582.8168202942957,2686.4981824248543
2,tolima_2016-2017.csv,119.19558560981183,32.32345463490575,0.27117996417012424,0.5891747221900715,1582.8168202942957,2686.4981824248543
3,santander_norte_2016-2017.csv,186.8847431346252,37.26461530990843,0.19939891659890238,0.5891747221900715,1582.8168202942957,2686.4981824248543
4,santander_2016-2017.csv,77.58885827124311,82.76102317059186,1.0666611806719382,0.5891747221900715,1582.8168202942957,2686.4981824248543
5,MinasGerais_2016-2017.csv,259.48555288548124,244.41706383400972,0.9419293718516896,0.5891747221900715,1582.8168202942957,2686.4981824248543
6,MatoGrosso_2016-2017.csv,310.24237797643605,112.9392678125753,0.36403559226571364,0.5891747221900715,1582.8168202942957,2686.4981824248543
7,Bahia_2016-2017.csv,736.2269290641273,539.4210419612363,0.732683118025762,0.5891747221900715,1582.8168202942957,2686.4981824248543
8,RioDeJaneiro_2016-2017.csv,794.9310114020219,450.0847870441088,0.5661935194228906,0.5891747221900715,1582.8168202942957,2686.4981824248543
