,File,NaiveRMSE,P-LSTM-RMSE - No Google,P-LSTM - No Google-Naive-Ratio,Average-Ratio,Total P-LSTM-RMSE - No Google,TotalNaive-RMSE
0,SaoPaulo_2016-2017.csv,80.94359268557656,93.16761136437584,1.1510189784419773,1.1159577464744665,3122.5683985136993,2798.1062978222217
1,huila_2016-2017.csv,120.99953139553122,61.618130330502915,0.5092427187100546,1.1159577464744665,3122.5683985136993,2798.1062978222217
2,tolima_2016-2017.csv,119.19558560981183,86.39340805767019,0.7248037552370441,1.1159577464744665,3122.5683985136993,2798.1062978222217
3,santander_norte_2016-2017.csv,186.8847431346252,71.78617541261595,0.38412004216365436,1.1159577464744665,3122.5683985136993,2798.1062978222217
4,MinasGerais_2016-2017.csv,259.48555288548124,247.03689164596557,0.9520256095143391,1.1159577464744665,3122.5683985136993,2798.1062978222217
5,MatoGrosso_2016-2017.csv,310.24237797643605,274.1618924462415,0.8837022660620046,1.1159577464744665,3122.5683985136993,2798.1062978222217
6,valle_cauca_2016-2017.csv,189.1969736686103,426.32711144242086,2.2533505857718317,1.1159577464744665,3122.5683985136993,2798.1062978222217
7,Bahia_2016-2017.csv,736.2269290641273,907.387071390366,1.232482860337387,1.1159577464744665,3122.5683985136993,2798.1062978222217
8,RioDeJaneiro_2016-2017.csv,794.9310114020219,954.6901064235403,1.2009722764995052,1.1159577464744665,3122.5683985136993,2798.1062978222217
