,File,NaiveRMSE,H-LSTM-RMSE - No Google,H-LSTM - No Google-Naive-Ratio,Average-Ratio,Total H-LSTM-RMSE - No Google,TotalNaive-RMSE
0,SaoPaulo_2016-2017.csv,80.94359268557656,101.94235461176743,1.2594246342358444,0.6920599658377427,1775.4471619820129,2565.4527781170286
1,huila_2016-2017.csv,120.99953139553122,24.703532592866605,0.2041622170594535,0.6920599658377427,1775.4471619820129,2565.4527781170286
2,tolima_2016-2017.csv,119.19558560981183,47.22346022988157,0.39618464046536195,0.6920599658377427,1775.4471619820129,2565.4527781170286
3,santander_norte_2016-2017.csv,186.8847431346252,41.93778321218878,0.22440453141741099,0.6920599658377427,1775.4471619820129,2565.4527781170286
4,santander_2016-2017.csv,77.58885827124311,82.1342026968734,1.0585824373100092,0.6920599658377427,1775.4471619820129,2565.4527781170286
5,MinasGerais_2016-2017.csv,259.48555288548124,239.5538807099136,0.9231877383772341,0.6920599658377427,1775.4471619820129,2565.4527781170286
6,valle_cauca_2016-2017.csv,189.1969736686103,185.12780056821018,0.9784923985754258,0.6920599658377427,1775.4471619820129,2565.4527781170286
7,Bahia_2016-2017.csv,736.2269290641273,519.6201432478634,0.7057880155353611,0.6920599658377427,1775.4471619820129,2565.4527781170286
8,RioDeJaneiro_2016-2017.csv,794.9310114020219,533.2040041124478,0.6707550673762677,0.6920599658377427,1775.4471619820129,2565.4527781170286
