,File,NaiveRMSE,NNRMSE,NN-Naive-Ratio,Average-Ratio,TotalNN-RMSE,TotalNaive-RMSE
0,SaoPaulo_2016-2017.csv,26.394997414214608,113.83795730754873,4.312861089588253,0.9264994978889699,1002.676818272083,1082.220573844544
1,huila_2016-2017.csv,59.602097278535425,55.48268784264409,0.9308848241255621,0.9264994978889699,1002.676818272083,1082.220573844544
2,tolima_2016-2017.csv,124.83905638861582,66.30137715314108,0.5310948277816938,0.9264994978889699,1002.676818272083,1082.220573844544
3,santander_norte_2016-2017.csv,96.52642125345785,52.0330807292714,0.5390553182598948,0.9264994978889699,1002.676818272083,1082.220573844544
4,santander_2016-2017.csv,49.70010060351991,45.95522175495052,0.924650477502169,0.9264994978889699,1002.676818272083,1082.220573844544
5,MatoGrosso_2016-2017.csv,90.72776124509527,62.726906209747234,0.6913750030742464,0.9264994978889699,1002.676818272083,1082.220573844544
6,valle_cauca_2016-2017.csv,100.06008195079595,111.22480706121294,1.1115802115363767,0.9264994978889699,1002.676818272083,1082.220573844544
7,Bahia_2016-2017.csv,243.01872804580026,155.89102094728307,0.6414773964165562,0.9264994978889699,1002.676818272083,1082.220573844544
8,RioDeJaneiro_2016-2017.csv,291.35132966450914,339.22375926628393,1.1643116908266726,0.9264994978889699,1002.676818272083,1082.220573844544
