,File,NaiveRMSE,P-LSTM-RMSE - No Google,P-LSTM - No Google-Naive-Ratio,Average-Ratio,Total P-LSTM-RMSE - No Google,TotalNaive-RMSE
0,SaoPaulo_2016-2017.csv,67.15209595289603,111.42430835576833,1.6592826593815795,1.6127610670531891,3777.4511767740382,2342.226169730235
1,huila_2016-2017.csv,108.014643754012,80.17972837384052,0.7423042430842846,1.6127610670531891,3777.4511767740382,2342.226169730235
2,santander_norte_2016-2017.csv,165.42693682883518,98.27406073001991,0.5940632318647273,1.6127610670531891,3777.4511767740382,2342.226169730235
3,santander_2016-2017.csv,66.52880303036467,183.0802899244296,2.7518951429333427,1.6127610670531891,3777.4511767740382,2342.226169730235
4,MinasGerais_2016-2017.csv,219.60331450736328,287.06657774934746,1.3072051229888069,1.6127610670531891,3777.4511767740382,2342.226169730235
5,MatoGrosso_2016-2017.csv,242.69168331016576,358.4430138913253,1.4769480725601403,1.6127610670531891,3777.4511767740382,2342.226169730235
6,valle_cauca_2016-2017.csv,166.8083343486268,464.9209645122792,2.787156686911109,1.6127610670531891,3777.4511767740382,2342.226169730235
7,Bahia_2016-2017.csv,613.2738695557917,1065.5154600556348,1.7374219136833793,1.6127610670531891,3777.4511767740382,2342.226169730235
8,RioDeJaneiro_2016-2017.csv,692.7264884421796,1128.5467731813928,1.6291376062712668,1.6127610670531891,3777.4511767740382,2342.226169730235
