,File,NaiveRMSE,P-LSTM-RMSE - No Google,P-LSTM - No Google-Naive-Ratio,Average-Ratio,Total P-LSTM-RMSE - No Google,TotalNaive-RMSE
0,SaoPaulo_2016-2017.csv,80.94359268557656,107.01339440718367,1.3220736917729192,1.1193592467824123,3007.1565819614043,2686.4981824248543
1,huila_2016-2017.csv,120.99953139553122,65.87595433314304,0.5444314831088345,1.1193592467824123,3007.1565819614043,2686.4981824248543
2,tolima_2016-2017.csv,119.19558560981183,92.72955576042727,0.7779613253797719,1.1193592467824123,3007.1565819614043,2686.4981824248543
3,santander_norte_2016-2017.csv,186.8847431346252,76.52590806321523,0.4094818377340126,1.1193592467824123,3007.1565819614043,2686.4981824248543
4,santander_2016-2017.csv,77.58885827124311,173.69814871902176,2.2386996353495743,1.1193592467824123,3007.1565819614043,2686.4981824248543
5,MinasGerais_2016-2017.csv,259.48555288548124,242.29137715447249,0.9337374449567254,1.1193592467824123,3007.1565819614043,2686.4981824248543
6,MatoGrosso_2016-2017.csv,310.24237797643605,279.0760065943147,0.8995418627674118,1.1193592467824123,3007.1565819614043,2686.4981824248543
7,Bahia_2016-2017.csv,736.2269290641273,950.4456705995059,1.290968359181982,1.1193592467824123,3007.1565819614043,2686.4981824248543
8,RioDeJaneiro_2016-2017.csv,794.9310114020219,1019.5005663301203,1.2825019425673485,1.1193592467824123,3007.1565819614043,2686.4981824248543
