,File,NaiveRMSE,H-LSTM-RMSE,H-LSTM-Naive-Ratio,Average-Ratio,Total H-LSTM-RMSE,TotalNaive-RMSE
0,SaoPaulo_2016-2017.csv,49.0806253593854,118.08930760969768,2.4060269555452223,0.8572148454322376,1253.989924997134,1462.865385123876
1,huila_2016-2017.csv,90.44028109445726,35.749767643330074,0.39528589706607004,0.8572148454322376,1253.989924997134,1462.865385123876
2,tolima_2016-2017.csv,131.52827402762824,60.95380824420188,0.4634274166130865,0.8572148454322376,1253.989924997134,1462.865385123876
3,santander_norte_2016-2017.csv,132.83003493870723,68.72353297081034,0.5173794692030456,0.8572148454322376,1253.989924997134,1462.865385123876
4,santander_2016-2017.csv,56.64696627250914,59.77497143310184,1.0552192882765326,0.8572148454322376,1253.989924997134,1462.865385123876
5,MinasGerais_2016-2017.csv,160.97848418309562,203.68992086129688,1.2653238840888925,0.8572148454322376,1253.989924997134,1462.865385123876
6,MatoGrosso_2016-2017.csv,171.58162382403037,123.80492937335981,0.7215512163489658,0.8572148454322376,1253.989924997134,1462.865385123876
7,valle_cauca_2016-2017.csv,141.6112547601619,145.82067800773024,1.029725202666254,0.8572148454322376,1253.989924997134,1462.865385123876
8,RioDeJaneiro_2016-2017.csv,528.1678406639006,437.3830088536051,0.828113669896713,0.8572148454322376,1253.989924997134,1462.865385123876
