,File,NaiveRMSE,GRURMSE,NaiveRelativeRMSE,GRURelativeRMSE,GRU-Naive-Ratio,Average-Ratio,TotalGRU-RMSE,TotalNaive-RMSE
0,huila_2016-2017.csv,136.82185041140175,81.69281387315927,,,0.5970743242217661,0.7171043852392466,562.9410463175885,785.0196678545973
1,tolima_2016-2017.csv,131.2911046745615,60.938013249523685,,,0.46414426476625437,0.7171043852392466,562.9410463175885,785.0196678545973
2,santander_norte_2016-2017.csv,212.29720715701058,133.3091449186814,,,0.6279364043639478,0.7171043852392466,562.9410463175885,785.0196678545973
3,santander_2016-2017.csv,93.07495859073302,96.1677395537819,,,1.0332289265542236,0.7171043852392466,562.9410463175885,785.0196678545973
4,valle_cauca_2016-2017.csv,211.5345470208905,190.8333347224423,,,0.9021379127429061,0.7171043852392466,562.9410463175885,785.0196678545973
