,File,NaiveRMSE,GRURMSE,NaiveRelativeRMSE,GRURelativeRMSE,GRU-Naive-Ratio,Average-Ratio
0,huila_2016-2017.csv,136.82185041140175,173.6831946331777,6.413524238034458,8.141399748430205,1.269411238855049,0.9232231808087888
1,tolima_2016-2017.csv,131.2911046745615,173.2088791464906,3.8709908012155725,5.106895699650829,1.3192735301895204,0.9232231808087888
2,santander_norte_2016-2017.csv,212.29720715701058,241.3993422178586,8.288138221664504,9.424293148806191,1.1370820438505567,0.9232231808087888
3,santander_2016-2017.csv,93.07495859073302,98.15828715428118,0.9734389393953993,1.026603722280313,1.0546154265391667,0.9232231808087888
4,valle_cauca_2016-2017.csv,211.5345470208905,38.298651602372196,0.853966211690727,0.1546118819944378,0.18105152156820012,0.9232231808087888
