,File,NaiveRMSE,GRURMSE,NaiveRelativeRMSE,GRURelativeRMSE,GRU-Naive-Ratio,Average-Ratio,TotalGRU-RMSE,TotalNaive-RMSE
0,huila_2016-2017.csv,136.82185041140175,75.84368515659001,6.413524238034458,3.555172741715157,0.5543243636052282,0.5529160444258252,434.0499695466391,785.0196678545973
1,tolima_2016-2017.csv,131.2911046745615,122.57822644608599,3.8709908012155725,3.6141000426364425,0.9336369493571358,0.5529160444258252,434.0499695466391,785.0196678545973
2,santander_norte_2016-2017.csv,212.29720715701058,115.7859605208122,8.288138221664504,4.520314034159402,0.5453955898495608,0.5529160444258252,434.0499695466391,785.0196678545973
3,santander_2016-2017.csv,93.07495859073302,104.45110112603943,0.9734389393953993,1.092418096535547,1.1222255986739604,0.5529160444258252,434.0499695466391,785.0196678545973
4,valle_cauca_2016-2017.csv,211.5345470208905,15.390996297111487,0.853966211690727,0.06213354266285545,0.07275878344160738,0.5529160444258252,434.0499695466391,785.0196678545973
