,File,NaiveRMSE,P-LSTM-RMSE,P-LSTM-Naive-Ratio,Average-Ratio,Total P-LSTM-RMSE,TotalNaive-RMSE
0,SaoPaulo_2016-2017.csv,49.0806253593854,97.2617604605992,1.9816732111380975,1.970481901640905,2728.4357947831804,1384.6540749808942
1,huila_2016-2017.csv,90.44028109445726,96.2801093237002,1.0645710977296028,1.970481901640905,2728.4357947831804,1384.6540749808942
2,tolima_2016-2017.csv,131.52827402762824,121.54011052712482,0.9240607118557235,1.970481901640905,2728.4357947831804,1384.6540749808942
3,santander_norte_2016-2017.csv,132.83003493870723,125.69648991014574,0.9462956925980395,1.970481901640905,2728.4357947831804,1384.6540749808942
4,santander_2016-2017.csv,56.64696627250914,169.30659720477007,2.9888025492891193,1.970481901640905,2728.4357947831804,1384.6540749808942
5,MinasGerais_2016-2017.csv,160.97848418309562,212.5129995046616,1.3201329393992245,1.970481901640905,2728.4357947831804,1384.6540749808942
6,MatoGrosso_2016-2017.csv,171.58162382403037,417.8206947226543,2.4351133029907697,1.970481901640905,2728.4357947831804,1384.6540749808942
7,valle_cauca_2016-2017.csv,141.6112547601619,437.0528851595075,3.086286368267244,1.970481901640905,2728.4357947831804,1384.6540749808942
8,Bahia_2016-2017.csv,449.9565305209188,1050.9641479700172,2.3357015104399226,1.970481901640905,2728.4357947831804,1384.6540749808942
