,File,NaiveRMSE,P-NN-RMSE - No Google,P-NN - No Google-Naive-Ratio,Average-Ratio,Total P-NN-RMSE - No Google,TotalNaive-RMSE
0,huila_2016-2017.csv,120.99953139553122,17.311924353776668,0.14307430908295266,0.6155259754777046,1720.2421822844804,2794.751563407888
1,tolima_2016-2017.csv,119.19558560981183,33.609950757674746,0.2819731165858551,0.6155259754777046,1720.2421822844804,2794.751563407888
2,santander_norte_2016-2017.csv,186.8847431346252,38.609487142754325,0.20659517997647034,0.6155259754777046,1720.2421822844804,2794.751563407888
3,santander_2016-2017.csv,77.58885827124311,79.96499791971472,1.0306247533655521,0.6155259754777046,1720.2421822844804,2794.751563407888
4,MinasGerais_2016-2017.csv,259.48555288548124,232.97618228925714,0.8978387416893168,0.6155259754777046,1720.2421822844804,2794.751563407888
5,MatoGrosso_2016-2017.csv,310.24237797643605,111.47310730505852,0.3593097372194758,0.6155259754777046,1720.2421822844804,2794.751563407888
6,valle_cauca_2016-2017.csv,189.1969736686103,164.99904717317807,0.8721019368004462,0.6155259754777046,1720.2421822844804,2794.751563407888
7,Bahia_2016-2017.csv,736.2269290641273,482.02954472858727,0.654729575487453,0.6155259754777046,1720.2421822844804,2794.751563407888
8,RioDeJaneiro_2016-2017.csv,794.9310114020219,559.2679406144789,0.703542738417132,0.6155259754777046,1720.2421822844804,2794.751563407888
