File,Correlation
Bahia_2016-2017.csv,0.5459030632412246
MatoGrosso_2016-2017.csv,0.508963869535124
MinasGerais_2016-2017.csv,0.7689018463975335
RioDeJaneiro_2016-2017.csv,0.7618950714328908
SaoPaulo_2016-2017.csv,0.5574650561317113
