File,Correlation
huila_2016-2017.csv,0.24644726632144315
santander_2016-2017.csv,0.29890220891533603
santander_norte_2016-2017.csv,0.33401334683234896
tolima_2016-2017.csv,0.40662987808133616
valle_cauca_2016-2017.csv,0.525436636281923
