File,Correlation
Chiapas_2016-2017.csv,0.22943872765704876
Guerrero_2016-2017.csv,0.520559866692963
NuevoLeon_2016-2017.csv,0.4118092766446118
Veracruz_2016-2017.csv,0.48144979671579113
Yucatan_2016-2017.csv,0.4144294182234962
