,File,NaiveRMSE,H-LSTM-RMSE,H-LSTM-Naive-Ratio,Average-Ratio,Total H-LSTM-RMSE,TotalNaive-RMSE
0,SaoPaulo_2016-2017.csv,80.94359268557656,84.65369115703973,1.0458356041333001,0.49928917787077476,1038.9030191459765,2080.764144691443
1,huila_2016-2017.csv,120.99953139553122,16.07358361938504,0.13284004850268927,0.49928917787077476,1038.9030191459765,2080.764144691443
2,tolima_2016-2017.csv,119.19558560981183,36.29893970847768,0.30453258417893675,0.49928917787077476,1038.9030191459765,2080.764144691443
3,santander_norte_2016-2017.csv,186.8847431346252,38.63253825410892,0.20671852397431606,0.49928917787077476,1038.9030191459765,2080.764144691443
4,santander_2016-2017.csv,77.58885827124311,76.35223983123501,0.9840619069856009,0.49928917787077476,1038.9030191459765,2080.764144691443
5,MinasGerais_2016-2017.csv,259.48555288548124,173.89370898408725,0.6701479409947411,0.49928917787077476,1038.9030191459765,2080.764144691443
6,MatoGrosso_2016-2017.csv,310.24237797643605,105.3777601460905,0.3396626883581143,0.49928917787077476,1038.9030191459765,2080.764144691443
7,valle_cauca_2016-2017.csv,189.1969736686103,144.25168344057172,0.7624418120621586,0.49928917787077476,1038.9030191459765,2080.764144691443
8,Bahia_2016-2017.csv,736.2269290641273,363.36887400498074,0.49355553248627554,0.49928917787077476,1038.9030191459765,2080.764144691443
