,State,LSTM-RMSE,OBS
0,Bahia_2016-2017.csv,26.640013155613474,52
1,MatoGrosso_2016-2017.csv,20.36670669586209,52
2,MinasGerais_2016-2017.csv,10.144437743681955,52
3,RioDeJaneiro_2016-2017.csv,61.923398099687745,52
4,SaoPaulo_2016-2017.csv,5.991529775294317,52
