,State,LSTM-RMSE,OBS
0,huila_2016-2017.csv,2.3936022507138763,52
1,santander_2016-2017.csv,4.684770686034976,52
2,santander_norte_2016-2017.csv,5.090053681705006,52
3,tolima_2016-2017.csv,4.313779459838147,52
4,valle_cauca_2016-2017.csv,20.900014512828392,52
