,Country,Cumulative RMSE,AvgRMSE,OBS,HighestError,LowestError
0,Brazil,6520.2941157635805,25.078054291398388,260,145.68217607840774,-247.25953589475972
1,Colombia,1528.984481173757,5.880709542975989,260,85.48457447881461,-57.39989470920682
2,Mexico,514.1081287461358,1.9773389567159068,260,51.33548659799576,-60.7903862222828
