,Country,Cumulative RMSE,AvgRMSE,OBS,HighestError,LowestError
0,Brazil,125.06608547013957,0.48102340565438295,260,128.46644218411325,-250.6284843550763
1,Colombia,37.3822205911204,0.14377777150430923,260,62.44331199382901,-61.690588745073825
2,Mexico,19.630054544136698,0.07550020978514115,260,74.89825022365683,-67.32109230745733
