,Country,Cumulative RMSE,AvgRMSE,OBS,HighestError,LowestError
0,Brazil,178.88198763317936,0.6880076447429976,260,92.95164444004295,-194.33862454137088
1,Colombia,38.954548948319044,0.14982518826276556,260,67.1589917933938,-63.29571845758914
2,Mexico,17.02401697105737,0.06547698835022066,260,9.110051868360118,-67.20551405138708
