,Country,Cumulative RMSE,AvgRMSE
0,Brazil,59550.03599977861,25.44873333323872
1,Colombia,14417.464259702261,6.762412879785301
2,Mexico,5403.449822927828,2.3091665909947983
