,State,LSTM-RMSE,OBS
0,Chiapas_2016-2017.csv,0.5293891784843775,52
1,Guerrero_2016-2017.csv,0.976604660972301,52
2,NuevoLeon_2016-2017.csv,2.5681335035728017,52
3,Veracruz_2016-2017.csv,14.711291204864114,52
4,Yucatan_2016-2017.csv,0.8446359962431035,52
