,File,NaiveRMSE,H-LSTM-RMSE - No Google,H-LSTM - No Google-Naive-Ratio,Average-Ratio,Total H-LSTM-RMSE - No Google,TotalNaive-RMSE
0,SaoPaulo_2016-2017.csv,80.94359268557656,117.29503525859919,1.4490959860680872,0.6328972488252559,1770.913777812306,2798.1062978222217
1,huila_2016-2017.csv,120.99953139553122,27.75516619467318,0.22938242714300494,0.6328972488252559,1770.913777812306,2798.1062978222217
2,tolima_2016-2017.csv,119.19558560981183,40.058418918551844,0.33607300734847306,0.6328972488252559,1770.913777812306,2798.1062978222217
3,santander_norte_2016-2017.csv,186.8847431346252,40.2330729765198,0.21528281175706948,0.6328972488252559,1770.913777812306,2798.1062978222217
4,MinasGerais_2016-2017.csv,259.48555288548124,267.3943746842956,1.0304788521398136,0.6328972488252559,1770.913777812306,2798.1062978222217
5,MatoGrosso_2016-2017.csv,310.24237797643605,147.81106751844695,0.4764373857709204,0.6328972488252559,1770.913777812306,2798.1062978222217
6,valle_cauca_2016-2017.csv,189.1969736686103,180.66621647461577,0.9549107100997468,0.6328972488252559,1770.913777812306,2798.1062978222217
7,Bahia_2016-2017.csv,736.2269290641273,570.795166216105,0.7752978649418396,0.6328972488252559,1770.913777812306,2798.1062978222217
8,RioDeJaneiro_2016-2017.csv,794.9310114020219,378.9052595704987,0.47665175233536616,0.6328972488252559,1770.913777812306,2798.1062978222217
