,File,NaiveRMSE,NNRMSE,NN-Naive-Ratio,Average-Ratio,TotalNN-RMSE,TotalNaive-RMSE
0,SaoPaulo_2016-2017.csv,80.94359268557656,117.32427932891348,1.4494572755703694,0.5808611084015075,1600.095553870825,2754.6956246979335
1,tolima_2016-2017.csv,119.19558560981183,38.484414702162795,0.3228677849542347,0.5808611084015075,1600.095553870825,2754.6956246979335
2,santander_norte_2016-2017.csv,186.8847431346252,39.015377444318695,0.20876705497683878,0.5808611084015075,1600.095553870825,2754.6956246979335
3,santander_2016-2017.csv,77.58885827124311,80.41243651456163,1.0363915426290662,0.5808611084015075,1600.095553870825,2754.6956246979335
4,MinasGerais_2016-2017.csv,259.48555288548124,236.39878682484647,0.9110287035100422,0.5808611084015075,1600.095553870825,2754.6956246979335
5,MatoGrosso_2016-2017.csv,310.24237797643605,108.65006532228179,0.3502102647322221,0.5808611084015075,1600.095553870825,2754.6956246979335
6,valle_cauca_2016-2017.csv,189.1969736686103,162.69765051953354,0.8599379121386377,0.5808611084015075,1600.095553870825,2754.6956246979335
7,Bahia_2016-2017.csv,736.2269290641273,454.85667235636856,0.6178212917782981,0.5808611084015075,1600.095553870825,2754.6956246979335
8,RioDeJaneiro_2016-2017.csv,794.9310114020219,362.25587085783803,0.455707307504492,0.5808611084015075,1600.095553870825,2754.6956246979335
