,File,NaiveRMSE,LSTMRMSE,LSTM-Naive-Ratio,Average-Ratio
0,casanare_2016-2017.csv,40.9847847050535,31.421692938346194,0.76666726846248,0.5517752417775853
1,cordoba_2016-2017.csv,89.37993732307206,22.429895913379305,0.25095000718454713,0.5517752417775853
2,cundinamarca_2016-2017.csv,56.12247284967838,32.39598375921746,0.5772372832891505,0.5517752417775853
3,huila_2016-2017.csv,139.40854445851315,40.78913616896674,0.29258706005000473,0.5517752417775853
4,meta_2016-2017.csv,43.017378411065735,30.197765605719237,0.7019899101510845,0.5517752417775853
5,santander_2016-2017.csv,88.7820800159512,61.494431857690266,0.692644640074233,0.5517752417775853
6,santander_norte_2016-2017.csv,202.8498505192205,69.82150174768896,0.344202875027868,0.5517752417775853
7,tolima_2016-2017.csv,156.70301545135115,111.96446680748768,0.7145010355097304,0.5517752417775853
8,valle_cauca_2016-2017.csv,232.93448483812807,145.62996353709391,0.6251970962491697,0.5517752417775853
