,File,NaiveRMSE,LSTMRMSE,LSTM-Naive-Ratio,Average-Ratio
0,casanare_2016-2017.csv,40.9847847050535,38.91158047278269,0.9494152708818504,0.6565997256184292
1,cordoba_2016-2017.csv,89.37993732307206,29.14946622695212,0.32612985754944845,0.6565997256184292
2,cundinamarca_2016-2017.csv,56.12247284967838,34.170575326485334,0.6088572650390823,0.6565997256184292
3,huila_2016-2017.csv,139.40854445851315,55.24620849122106,0.3962899742322601,0.6565997256184292
4,meta_2016-2017.csv,43.017378411065735,34.97967319566632,0.8131521372922204,0.6565997256184292
5,santander_2016-2017.csv,88.7820800159512,75.41452114973913,0.8494340427278753,0.6565997256184292
6,santander_norte_2016-2017.csv,202.8498505192205,74.4993888564649,0.36726371089638005,0.6565997256184292
7,tolima_2016-2017.csv,156.70301545135115,126.98510951405738,0.8103552388465698,0.6565997256184292
8,valle_cauca_2016-2017.csv,232.93448483812807,183.6688490050364,0.7885000331001759,0.6565997256184292
