,File,NaiveRMSE,LSTMRMSE,LSTM-Naive-Ratio,Average-Ratio
0,casanare_2016-2017.csv,40.9847847050535,32.57016292042303,0.7946891304861989,0.6511176638077417
1,cordoba_2016-2017.csv,89.37993732307206,67.22250596776533,0.7520983789100607,0.6511176638077417
2,cundinamarca_2016-2017.csv,56.12247284967838,48.42263682955651,0.8628029801761311,0.6511176638077417
3,huila_2016-2017.csv,139.40854445851315,61.57798911871545,0.441708859079585,0.6511176638077417
4,meta_2016-2017.csv,43.017378411065735,26.16965670217052,0.6083508030661086,0.6511176638077417
5,santander_2016-2017.csv,88.7820800159512,56.56301707963091,0.63709948076761,0.6511176638077417
6,santander_norte_2016-2017.csv,202.8498505192205,84.53551533101911,0.4167393523566298,0.6511176638077417
7,tolima_2016-2017.csv,156.70301545135115,123.74151083357064,0.789656219933984,0.6511176638077417
8,valle_cauca_2016-2017.csv,232.93448483812807,129.72442199619763,0.5569137694933678,0.6511176638077417
