,File,NaiveRMSE,NNRMSE,NN-Naive-Ratio,Average-Ratio,TotalNN-RMSE,TotalNaive-RMSE
0,SaoPaulo_2016-2017.csv,49.0806253593854,48.3100523138349,0.9842998527441715,0.7322782056305305,1334.4903533225543,1822.3816345503374
1,tolima_2016-2017.csv,131.52827402762824,33.0929807476181,0.2516035505846198,0.7322782056305305,1334.4903533225543,1822.3816345503374
2,santander_norte_2016-2017.csv,132.83003493870723,48.41521475684122,0.3644899647823011,0.7322782056305305,1334.4903533225543,1822.3816345503374
3,santander_2016-2017.csv,56.64696627250914,52.48604188214192,0.9265463860791691,0.7322782056305305,1334.4903533225543,1822.3816345503374
4,MinasGerais_2016-2017.csv,160.97848418309562,148.72513075182508,0.9238820424142292,0.7322782056305305,1334.4903533225543,1822.3816345503374
5,MatoGrosso_2016-2017.csv,171.58162382403037,107.57613500210404,0.6269676938856302,0.7322782056305305,1334.4903533225543,1822.3816345503374
6,valle_cauca_2016-2017.csv,141.6112547601619,139.2103128101443,0.9830455428554467,0.7322782056305305,1334.4903533225543,1822.3816345503374
7,Bahia_2016-2017.csv,449.9565305209188,321.03574638903945,0.7134816912588721,0.7322782056305305,1334.4903533225543,1822.3816345503374
8,RioDeJaneiro_2016-2017.csv,528.1678406639006,435.6387386690053,0.8248111776768019,0.7322782056305305,1334.4903533225543,1822.3816345503374
