,File,NaiveRMSE,P-LSTM-RMSE,P-LSTM-Naive-Ratio,Average-Ratio,Total P-LSTM-RMSE,TotalNaive-RMSE
0,SaoPaulo_2016-2017.csv,49.0806253593854,89.30261630808913,1.819508526107488,1.861552682871284,3455.367456882448,1856.1749493722855
1,huila_2016-2017.csv,90.44028109445726,94.76016543181922,1.047765047665544,1.861552682871284,3455.367456882448,1856.1749493722855
2,tolima_2016-2017.csv,131.52827402762824,118.39663705014492,0.9001611092781089,1.861552682871284,3455.367456882448,1856.1749493722855
3,santander_norte_2016-2017.csv,132.83003493870723,122.49676322851714,0.9222068132786515,1.861552682871284,3455.367456882448,1856.1749493722855
4,MinasGerais_2016-2017.csv,160.97848418309562,189.46841206300778,1.1769797251135,1.861552682871284,3455.367456882448,1856.1749493722855
5,MatoGrosso_2016-2017.csv,171.58162382403037,410.53225634169297,2.392635337002779,1.861552682871284,3455.367456882448,1856.1749493722855
6,valle_cauca_2016-2017.csv,141.6112547601619,414.940030517024,2.9301345519449136,1.861552682871284,3455.367456882448,1856.1749493722855
7,Bahia_2016-2017.csv,449.9565305209188,1001.3424473032818,2.225420411487346,1.861552682871284,3455.367456882448,1856.1749493722855
8,RioDeJaneiro_2016-2017.csv,528.1678406639006,1014.1281286388712,1.920086856034484,1.861552682871284,3455.367456882448,1856.1749493722855
