,File,NaiveRMSE,H-LSTM-RMSE,H-LSTM-Naive-Ratio,Average-Ratio,Total H-LSTM-RMSE,TotalNaive-RMSE
0,SaoPaulo_2016-2017.csv,80.94359268557656,85.05416442250217,1.0507831639360639,0.6558680065114891,1682.5983993829773,2565.4527781170286
1,huila_2016-2017.csv,120.99953139553122,20.956911649295186,0.17319828769245277,0.6558680065114891,1682.5983993829773,2565.4527781170286
2,tolima_2016-2017.csv,119.19558560981183,39.426357233249405,0.330770280053089,0.6558680065114891,1682.5983993829773,2565.4527781170286
3,santander_norte_2016-2017.csv,186.8847431346252,40.64202111341561,0.21747104890279098,0.6558680065114891,1682.5983993829773,2565.4527781170286
4,santander_2016-2017.csv,77.58885827124311,81.88510466995808,1.0553719502315102,0.6558680065114891,1682.5983993829773,2565.4527781170286
5,MinasGerais_2016-2017.csv,259.48555288548124,230.8634315191052,0.8896966669315581,0.6558680065114891,1682.5983993829773,2565.4527781170286
6,valle_cauca_2016-2017.csv,189.1969736686103,173.12844067616484,0.9150698201938978,0.6558680065114891,1682.5983993829773,2565.4527781170286
7,Bahia_2016-2017.csv,736.2269290641273,514.1024165420649,0.698293415041988,0.6558680065114891,1682.5983993829773,2565.4527781170286
8,RioDeJaneiro_2016-2017.csv,794.9310114020219,496.53955155722167,0.6246322566803295,0.6558680065114891,1682.5983993829773,2565.4527781170286
