,File,NaiveRMSE,H-LSTM-RMSE,H-LSTM-Naive-Ratio,Average-Ratio,Total H-LSTM-RMSE,TotalNaive-RMSE
0,SaoPaulo_2016-2017.csv,49.0806253593854,58.040045155615836,1.182544939691099,0.7444007062352813,1381.737943208967,1856.1749493722855
1,huila_2016-2017.csv,90.44028109445726,14.6259918161067,0.1617198845371907,0.7444007062352813,1381.737943208967,1856.1749493722855
2,tolima_2016-2017.csv,131.52827402762824,55.60803892819071,0.42278391729302195,0.7444007062352813,1381.737943208967,1856.1749493722855
3,santander_norte_2016-2017.csv,132.83003493870723,56.77499507602867,0.42742588377867086,0.7444007062352813,1381.737943208967,1856.1749493722855
4,MinasGerais_2016-2017.csv,160.97848418309562,210.79704283615996,1.3094733989195793,0.7444007062352813,1381.737943208967,1856.1749493722855
5,MatoGrosso_2016-2017.csv,171.58162382403037,107.17472540951175,0.6246282266184131,0.7444007062352813,1381.737943208967,1856.1749493722855
6,valle_cauca_2016-2017.csv,141.6112547601619,141.15441242244023,0.9967739687181263,0.7444007062352813,1381.737943208967,1856.1749493722855
7,Bahia_2016-2017.csv,449.9565305209188,297.17587692228994,0.6604546367584591,0.7444007062352813,1381.737943208967,1856.1749493722855
8,RioDeJaneiro_2016-2017.csv,528.1678406639006,440.38681464262305,0.8338008881590786,0.7444007062352813,1381.737943208967,1856.1749493722855
