,File,NaiveRMSE,P-NN-RMSE - No Google,P-NN - No Google-Naive-Ratio,Average-Ratio,Total P-NN-RMSE - No Google,TotalNaive-RMSE
0,SaoPaulo_2016-2017.csv,91.24688932861062,78.43037823585549,0.8595402957069738,0.5080292194884864,1207.9242110315618,2377.6668047711323
1,huila_2016-2017.csv,136.82185041140175,13.962320732994948,0.10204744849607317,0.5080292194884864,1207.9242110315618,2377.6668047711323
2,tolima_2016-2017.csv,131.2911046745615,25.097098278545317,0.19115612090213482,0.5080292194884864,1207.9242110315618,2377.6668047711323
3,santander_norte_2016-2017.csv,212.29720715701058,37.2873260923486,0.175637383984857,0.5080292194884864,1207.9242110315618,2377.6668047711323
4,santander_2016-2017.csv,93.07495859073302,93.44327164581968,1.0039571659301638,0.5080292194884864,1207.9242110315618,2377.6668047711323
5,MinasGerais_2016-2017.csv,279.707734308023,215.8787171880844,0.7718010291068745,0.5080292194884864,1207.9242110315618,2377.6668047711323
6,MatoGrosso_2016-2017.csv,370.81222649650175,112.22444315607332,0.30264493761812905,0.5080292194884864,1207.9242110315618,2377.6668047711323
7,valle_cauca_2016-2017.csv,211.5345470208905,196.66791285728095,0.9297200652423864,0.5080292194884864,1207.9242110315618,2377.6668047711323
8,RioDeJaneiro_2016-2017.csv,850.8802867833996,434.93274284455913,0.5111562103392293,0.5080292194884864,1207.9242110315618,2377.6668047711323
