,File,NaiveRMSE,P-LSTM-RMSE,P-LSTM-Naive-Ratio,Average-Ratio,Total P-LSTM-RMSE,TotalNaive-RMSE
0,SaoPaulo_2016-2017.csv,49.0806253593854,120.67156173202565,2.458639449852697,2.232912740719774,3266.450756401042,1462.865385123876
1,huila_2016-2017.csv,90.44028109445726,99.45087391738748,1.0996303053671341,2.232912740719774,3266.450756401042,1462.865385123876
2,tolima_2016-2017.csv,131.52827402762824,129.43391067710064,0.9840767061986408,2.232912740719774,3266.450756401042,1462.865385123876
3,santander_norte_2016-2017.csv,132.83003493870723,133.97858264798245,1.0086467470237828,2.232912740719774,3266.450756401042,1462.865385123876
4,santander_2016-2017.csv,56.64696627250914,194.6227328048591,3.435713253708872,2.232912740719774,3266.450756401042,1462.865385123876
5,MinasGerais_2016-2017.csv,160.97848418309562,366.28129021638534,2.2753431433717566,2.232912740719774,3266.450756401042,1462.865385123876
6,MatoGrosso_2016-2017.csv,171.58162382403037,445.1097206385851,2.594157292129826,2.232912740719774,3266.450756401042,1462.865385123876
7,valle_cauca_2016-2017.csv,141.6112547601619,495.64951728150436,3.50007150293919,2.232912740719774,3266.450756401042,1462.865385123876
8,RioDeJaneiro_2016-2017.csv,528.1678406639006,1281.2525664852117,2.4258435819846444,2.232912740719774,3266.450756401042,1462.865385123876
