,File,NaiveRMSE,H-LSTM-RMSE,H-LSTM-Naive-Ratio,Average-Ratio,Total H-LSTM-RMSE,TotalNaive-RMSE
0,SaoPaulo_2016-2017.csv,67.15209595289603,119.57669885235308,1.7806845364324946,0.6210960626943413,1454.747451959097,2342.226169730235
1,huila_2016-2017.csv,108.014643754012,27.56261535359497,0.2551748021903855,0.6210960626943413,1454.747451959097,2342.226169730235
2,santander_norte_2016-2017.csv,165.42693682883518,32.36722433545245,0.19565872980494306,0.6210960626943413,1454.747451959097,2342.226169730235
3,santander_2016-2017.csv,66.52880303036467,63.74422908712266,0.9581448362753334,0.6210960626943413,1454.747451959097,2342.226169730235
4,MinasGerais_2016-2017.csv,219.60331450736328,193.16512625823657,0.8796093387368239,0.6210960626943413,1454.747451959097,2342.226169730235
5,MatoGrosso_2016-2017.csv,242.69168331016576,105.23742915270853,0.43362602177929843,0.6210960626943413,1454.747451959097,2342.226169730235
6,valle_cauca_2016-2017.csv,166.8083343486268,158.70117054796282,0.9513983289125102,0.6210960626943413,1454.747451959097,2342.226169730235
7,Bahia_2016-2017.csv,613.2738695557917,389.69758000686204,0.6354380960159429,0.6210960626943413,1454.747451959097,2342.226169730235
8,RioDeJaneiro_2016-2017.csv,692.7264884421796,364.69537836480356,0.5264637406676039,0.6210960626943413,1454.747451959097,2342.226169730235
