,File,NaiveRMSE,H-LSTM-RMSE - No Google,H-LSTM - No Google-Naive-Ratio,Average-Ratio,Total H-LSTM-RMSE - No Google,TotalNaive-RMSE
0,SaoPaulo_2016-2017.csv,67.15209595289603,86.45546426656381,1.287457420944957,0.7124954520530796,1534.7107829204515,2153.9937953261747
1,huila_2016-2017.csv,108.014643754012,29.930764589154286,0.2770991371995574,0.7124954520530796,1534.7107829204515,2153.9937953261747
2,tolima_2016-2017.csv,54.45930890610541,57.44018839410306,1.0547359037026536,0.7124954520530796,1534.7107829204515,2153.9937953261747
3,santander_norte_2016-2017.csv,165.42693682883518,34.457808100823705,0.20829623495039803,0.7124954520530796,1534.7107829204515,2153.9937953261747
4,santander_2016-2017.csv,66.52880303036467,66.39861487332419,0.9980431309281025,0.7124954520530796,1534.7107829204515,2153.9937953261747
5,MinasGerais_2016-2017.csv,219.60331450736328,200.96616743274197,0.9151326694843833,0.7124954520530796,1534.7107829204515,2153.9937953261747
6,valle_cauca_2016-2017.csv,166.8083343486268,159.06258112291155,0.9535649507204673,0.7124954520530796,1534.7107829204515,2153.9937953261747
7,Bahia_2016-2017.csv,613.2738695557917,471.3465376653809,0.7685743043426715,0.7124954520530796,1534.7107829204515,2153.9937953261747
8,RioDeJaneiro_2016-2017.csv,692.7264884421796,428.652656475448,0.6187906246221545,0.7124954520530796,1534.7107829204515,2153.9937953261747
