,File,NaiveRMSE,P-LSTM-RMSE - No Google,P-LSTM - No Google-Naive-Ratio,Average-Ratio,Total P-LSTM-RMSE - No Google,TotalNaive-RMSE
0,SaoPaulo_2016-2017.csv,49.0806253593854,117.08141508236308,2.3854915096344484,2.103884793647837,2913.152652814815,1384.6540749808942
1,huila_2016-2017.csv,90.44028109445726,97.67609216440108,1.0800065079672478,2.103884793647837,2913.152652814815,1384.6540749808942
2,tolima_2016-2017.csv,131.52827402762824,125.41847024476665,0.9535476016238289,2.103884793647837,2913.152652814815,1384.6540749808942
3,santander_norte_2016-2017.csv,132.83003493870723,129.41700631595802,0.9743052945493532,2.103884793647837,2913.152652814815,1384.6540749808942
4,santander_2016-2017.csv,56.64696627250914,180.2920720557027,3.182731290293276,2.103884793647837,2913.152652814815,1384.6540749808942
5,MinasGerais_2016-2017.csv,160.97848418309562,266.9999983933121,1.6586067370943094,2.103884793647837,2913.152652814815,1384.6540749808942
6,MatoGrosso_2016-2017.csv,171.58162382403037,428.6612229609442,2.498293310247302,2.103884793647837,2913.152652814815,1384.6540749808942
7,valle_cauca_2016-2017.csv,141.6112547601619,461.58550769276127,3.2595255827265968,2.103884793647837,2913.152652814815,1384.6540749808942
8,Bahia_2016-2017.csv,449.9565305209188,1106.020867904606,2.4580615968039297,2.103884793647837,2913.152652814815,1384.6540749808942
