,File,NaiveRMSE,H-LSTM-RMSE - No Google,H-LSTM - No Google-Naive-Ratio,Average-Ratio,Total H-LSTM-RMSE - No Google,TotalNaive-RMSE
0,SaoPaulo_2016-2017.csv,91.24688932861062,99.14455857580877,1.0865527505135655,0.6124663414508967,1901.4323367091442,3104.549928743452
1,huila_2016-2017.csv,136.82185041140175,19.841046319819146,0.14501372595210665,0.6124663414508967,1901.4323367091442,3104.549928743452
2,tolima_2016-2017.csv,131.2911046745615,37.597964307554705,0.28637099520756454,0.6124663414508967,1901.4323367091442,3104.549928743452
3,santander_norte_2016-2017.csv,212.29720715701058,39.19468311767733,0.18462175571009637,0.6124663414508967,1901.4323367091442,3104.549928743452
4,MinasGerais_2016-2017.csv,279.707734308023,254.98343676468772,0.9116066718551725,0.6124663414508967,1901.4323367091442,3104.549928743452
5,MatoGrosso_2016-2017.csv,370.81222649650175,135.94995486434956,0.36662748731029804,0.6124663414508967,1901.4323367091442,3104.549928743452
6,valle_cauca_2016-2017.csv,211.5345470208905,223.3997120707018,1.0560909091063955,0.6124663414508967,1901.4323367091442,3104.549928743452
7,Bahia_2016-2017.csv,819.9580825630521,574.2851505513839,0.7003835473592314,0.6124663414508967,1901.4323367091442,3104.549928743452
8,RioDeJaneiro_2016-2017.csv,850.8802867833996,517.0358301371613,0.6076481476515604,0.6124663414508967,1901.4323367091442,3104.549928743452
