,File,NaiveRMSE,H-LSTM-RMSE - No Google,H-LSTM - No Google-Naive-Ratio,Average-Ratio,Total H-LSTM-RMSE - No Google,TotalNaive-RMSE
0,SaoPaulo_2016-2017.csv,26.394997414214608,55.3262086185772,2.0960869118624026,0.7472322194110436,691.8546329015927,925.8897233404916
1,huila_2016-2017.csv,59.602097278535425,37.772265076011074,0.6337405359997969,0.7472322194110436,691.8546329015927,925.8897233404916
2,tolima_2016-2017.csv,124.83905638861582,66.7580944749106,0.5347532767878109,0.7472322194110436,691.8546329015927,925.8897233404916
3,santander_norte_2016-2017.csv,96.52642125345785,46.23034690289743,0.47893982085491776,0.7472322194110436,691.8546329015927,925.8897233404916
4,santander_2016-2017.csv,49.70010060351991,45.87274742054191,0.9229910375129717,0.7472322194110436,691.8546329015927,925.8897233404916
5,MinasGerais_2016-2017.csv,86.68787754174761,50.39879346051757,0.5813822519330485,0.7472322194110436,691.8546329015927,925.8897233404916
6,MatoGrosso_2016-2017.csv,90.72776124509527,51.67831239615164,0.5695975706547632,0.7472322194110436,691.8546329015927,925.8897233404916
7,valle_cauca_2016-2017.csv,100.06008195079595,87.63497601313047,0.875823548257981,0.7472322194110436,691.8546329015927,925.8897233404916
8,RioDeJaneiro_2016-2017.csv,291.35132966450914,250.18288853885488,0.8586982898857551,0.7472322194110436,691.8546329015927,925.8897233404916
