,File,NaiveRMSE,H-LSTM-RMSE - No Google,H-LSTM - No Google-Naive-Ratio,Average-Ratio,Total H-LSTM-RMSE - No Google,TotalNaive-RMSE
0,huila_2016-2017.csv,108.014643754012,14.255396006171374,0.1319765127276262,0.5738869990625156,1336.8889222041528,2329.5333826834444
1,tolima_2016-2017.csv,54.45930890610541,46.7926356978155,0.8592219886317652,0.5738869990625156,1336.8889222041528,2329.5333826834444
2,santander_norte_2016-2017.csv,165.42693682883518,32.020710936936624,0.19356406852934707,0.5738869990625156,1336.8889222041528,2329.5333826834444
3,santander_2016-2017.csv,66.52880303036467,69.62735198171299,1.0465745483190807,0.5738869990625156,1336.8889222041528,2329.5333826834444
4,MinasGerais_2016-2017.csv,219.60331450736328,199.76197003629244,0.90964915754764,0.5738869990625156,1336.8889222041528,2329.5333826834444
5,MatoGrosso_2016-2017.csv,242.69168331016576,105.20962250033786,0.4335114457378313,0.5738869990625156,1336.8889222041528,2329.5333826834444
6,valle_cauca_2016-2017.csv,166.8083343486268,158.33205388197885,0.9491855098263097,0.5738869990625156,1336.8889222041528,2329.5333826834444
7,Bahia_2016-2017.csv,613.2738695557917,351.8060536445703,0.5736524432377845,0.5738869990625156,1336.8889222041528,2329.5333826834444
8,RioDeJaneiro_2016-2017.csv,692.7264884421796,359.0831275183369,0.5183620570448401,0.5738869990625156,1336.8889222041528,2329.5333826834444
