,File,NaiveRMSE,H-LSTM-RMSE - No Google,H-LSTM - No Google-Naive-Ratio,Average-Ratio,Total H-LSTM-RMSE - No Google,TotalNaive-RMSE
0,SaoPaulo_2016-2017.csv,67.15209595289603,77.7652351050785,1.1580462828684763,0.6324317142527925,1481.298111690245,2342.226169730235
1,huila_2016-2017.csv,108.014643754012,13.746723863717053,0.1272672240166182,0.6324317142527925,1481.298111690245,2342.226169730235
2,santander_norte_2016-2017.csv,165.42693682883518,31.57076691057758,0.19084417275551313,0.6324317142527925,1481.298111690245,2342.226169730235
3,santander_2016-2017.csv,66.52880303036467,65.56699595817378,0.9855429974931021,0.6324317142527925,1481.298111690245,2342.226169730235
4,MinasGerais_2016-2017.csv,219.60331450736328,166.32019412609773,0.7573665019546917,0.6324317142527925,1481.298111690245,2342.226169730235
5,MatoGrosso_2016-2017.csv,242.69168331016576,109.63304999759833,0.451737976770653,0.6324317142527925,1481.298111690245,2342.226169730235
6,valle_cauca_2016-2017.csv,166.8083343486268,144.7215793978519,0.8675920178867447,0.6324317142527925,1481.298111690245,2342.226169730235
7,Bahia_2016-2017.csv,613.2738695557917,372.46038867137935,0.6073312546989177,0.6324317142527925,1481.298111690245,2342.226169730235
8,RioDeJaneiro_2016-2017.csv,692.7264884421796,499.51317765977063,0.7210828313828278,0.6324317142527925,1481.298111690245,2342.226169730235
