,File,NaiveRMSE,P-NN-RMSE - No Google,P-NN - No Google-Naive-Ratio,Average-Ratio,Total P-NN-RMSE - No Google,TotalNaive-RMSE
0,SaoPaulo_2016-2017.csv,91.24688932861062,98.20413950673084,1.0762464367751192,0.6027640818079587,1844.942132145773,3060.803036922783
1,tolima_2016-2017.csv,131.2911046745615,30.511145301992443,0.23239308845501835,0.6027640818079587,1844.942132145773,3060.803036922783
2,santander_norte_2016-2017.csv,212.29720715701058,38.2307910800549,0.18008146028873664,0.6027640818079587,1844.942132145773,3060.803036922783
3,santander_2016-2017.csv,93.07495859073302,100.89282558535103,1.083995385149668,0.6027640818079587,1844.942132145773,3060.803036922783
4,MinasGerais_2016-2017.csv,279.707734308023,233.5051527046078,0.8348183623963167,0.6027640818079587,1844.942132145773,3060.803036922783
5,MatoGrosso_2016-2017.csv,370.81222649650175,115.12781633973393,0.31047470421210627,0.6027640818079587,1844.942132145773,3060.803036922783
6,valle_cauca_2016-2017.csv,211.5345470208905,196.11290501304467,0.9270963432449507,0.6027640818079587,1844.942132145773,3060.803036922783
7,Bahia_2016-2017.csv,819.9580825630521,508.7895690985531,0.6205068038455842,0.6027640818079587,1844.942132145773,3060.803036922783
8,RioDeJaneiro_2016-2017.csv,850.8802867833996,523.5677875157043,0.6153248531529135,0.6027640818079587,1844.942132145773,3060.803036922783
