,File,NaiveRMSE,NNRMSE,NN-Naive-Ratio,Average-Ratio,TotalNN-RMSE,TotalNaive-RMSE
0,SaoPaulo_2016-2017.csv,67.15209595289603,119.57139027835724,1.7806054834421077,0.7331374107996919,1596.100380907708,2177.082164128977
1,huila_2016-2017.csv,108.014643754012,22.50566858678406,0.20835756897960542,0.7331374107996919,1596.100380907708,2177.082164128977
2,tolima_2016-2017.csv,54.45930890610541,54.13952163895378,0.9941279595063722,0.7331374107996919,1596.100380907708,2177.082164128977
3,santander_norte_2016-2017.csv,165.42693682883518,35.99156143912593,0.21756771979865572,0.7331374107996919,1596.100380907708,2177.082164128977
4,santander_2016-2017.csv,66.52880303036467,65.87804327141636,0.9902183756612711,0.7331374107996919,1596.100380907708,2177.082164128977
5,MatoGrosso_2016-2017.csv,242.69168331016576,109.64291952676766,0.45177864371496157,0.7331374107996919,1596.100380907708,2177.082164128977
6,valle_cauca_2016-2017.csv,166.8083343486268,173.00970546205465,1.0371766263217226,0.7331374107996919,1596.100380907708,2177.082164128977
7,Bahia_2016-2017.csv,613.2738695557917,492.02545088032656,0.8022931928221756,0.7331374107996919,1596.100380907708,2177.082164128977
8,RioDeJaneiro_2016-2017.csv,692.7264884421796,523.336119823922,0.7554729443085295,0.7331374107996919,1596.100380907708,2177.082164128977
