,File,NaiveRMSE,LSTMRMSE,LSTM-Naive-Ratio,Average-Ratio,TotalLSTM-RMSE,TotalNaive-RMSE
0,SaoPaulo_2016-2017.csv,80.94359268557658,111.46991532799183,1.3771308096119974,0.7749832096265268,1690.8812008790183,2181.8294640136437
1,MinasGerais_2016-2017.csv,259.48555288548124,234.5692992710356,0.9039782626147131,0.7749832096265268,1690.8812008790183,2181.8294640136437
2,MatoGrosso_2016-2017.csv,310.2423779764363,225.40402019157546,0.7265416854453568,0.7749832096265268,1690.8812008790183,2181.8294640136437
3,Bahia_2016-2017.csv,736.2269290641273,638.7692159407309,0.8676254436287978,0.7749832096265268,1690.8812008790183,2181.8294640136437
4,RioDeJaneiro_2016-2017.csv,794.931011402022,480.6687501476846,0.6046672519416846,0.7749832096265268,1690.8812008790183,2181.8294640136437
