,File,NaiveRMSE,P-LSTM-RMSE - No Google,P-LSTM - No Google-Naive-Ratio,Average-Ratio,Total P-LSTM-RMSE - No Google,TotalNaive-RMSE
0,SaoPaulo_2016-2017.csv,26.394997414214608,101.64447455085245,3.8508992047149597,3.6034737558113017,3899.7534358478615,1082.220573844544
1,huila_2016-2017.csv,59.602097278535425,127.32916171677789,2.1363201553418003,3.6034737558113017,3899.7534358478615,1082.220573844544
2,tolima_2016-2017.csv,124.83905638861582,137.76266450995797,1.1035221548063596,3.6034737558113017,3899.7534358478615,1082.220573844544
3,santander_norte_2016-2017.csv,96.52642125345785,167.9635930716954,1.7400789430560026,3.6034737558113017,3899.7534358478615,1082.220573844544
4,santander_2016-2017.csv,49.70010060351991,174.21177921724123,3.5052600920671586,3.6034737558113017,3899.7534358478615,1082.220573844544
5,MatoGrosso_2016-2017.csv,90.72776124509527,476.9715628361982,5.257173287321506,3.6034737558113017,3899.7534358478615,1082.220573844544
6,valle_cauca_2016-2017.csv,100.06008195079595,447.94853938612437,4.476795647702955,3.6034737558113017,3899.7534358478615,1082.220573844544
7,Bahia_2016-2017.csv,243.01872804580026,1103.2678188930997,4.5398468988989755,3.6034737558113017,3899.7534358478615,1082.220573844544
8,RioDeJaneiro_2016-2017.csv,291.35132966450914,1162.653841665914,3.990556154333358,3.6034737558113017,3899.7534358478615,1082.220573844544
