,File,NaiveRMSE,H-LSTM-RMSE - No Google,H-LSTM - No Google-Naive-Ratio,Average-Ratio,Total H-LSTM-RMSE - No Google,TotalNaive-RMSE
0,SaoPaulo_2016-2017.csv,80.94359268557656,83.03961886795986,1.0258948993100079,0.5643007257752725,1515.9928741362955,2686.4981824248543
1,huila_2016-2017.csv,120.99953139553122,14.44547842144023,0.11938458153379042,0.5643007257752725,1515.9928741362955,2686.4981824248543
2,tolima_2016-2017.csv,119.19558560981183,33.29555105704116,0.2793354375222799,0.5643007257752725,1515.9928741362955,2686.4981824248543
3,santander_norte_2016-2017.csv,186.8847431346252,33.768450148418744,0.18069131584536646,0.5643007257752725,1515.9928741362955,2686.4981824248543
4,santander_2016-2017.csv,77.58885827124311,78.08410396247137,1.0063829485606932,0.5643007257752725,1515.9928741362955,2686.4981824248543
5,MinasGerais_2016-2017.csv,259.48555288548124,189.6111906447784,0.730719643295361,0.5643007257752725,1515.9928741362955,2686.4981824248543
6,MatoGrosso_2016-2017.csv,310.24237797643605,111.48747745439712,0.35935605632466167,0.5643007257752725,1515.9928741362955,2686.4981824248543
7,Bahia_2016-2017.csv,736.2269290641273,481.85871486095414,0.6544975412315881,0.5643007257752725,1515.9928741362955,2686.4981824248543
8,RioDeJaneiro_2016-2017.csv,794.9310114020219,490.40228871883454,0.6169117592404789,0.5643007257752725,1515.9928741362955,2686.4981824248543
