,File,NaiveRMSE,NNRMSE,NN-Naive-Ratio,Average-Ratio,TotalNN-RMSE,TotalNaive-RMSE
0,SaoPaulo_2016-2017.csv,91.24688932861062,87.32108778734492,0.9569760506889438,0.5554031820697695,1620.6204718066926,2917.9171530261615
1,huila_2016-2017.csv,136.82185041140175,14.030399689782131,0.10254502221388564,0.5554031820697695,1620.6204718066926,2917.9171530261615
2,tolima_2016-2017.csv,131.2911046745615,31.562023335619035,0.2403972714972089,0.5554031820697695,1620.6204718066926,2917.9171530261615
3,santander_norte_2016-2017.csv,212.29720715701058,37.38367670124848,0.1760912317306195,0.5554031820697695,1620.6204718066926,2917.9171530261615
4,santander_2016-2017.csv,93.07495859073302,96.10081070122179,1.0325098410604079,0.5554031820697695,1620.6204718066926,2917.9171530261615
5,MatoGrosso_2016-2017.csv,370.81222649650175,112.43521310702799,0.3032133383770416,0.5554031820697695,1620.6204718066926,2917.9171530261615
6,valle_cauca_2016-2017.csv,211.5345470208905,199.66789630822868,0.9439020676301639,0.5554031820697695,1620.6204718066926,2917.9171530261615
7,Bahia_2016-2017.csv,819.9580825630521,531.8040159057543,0.6485746371856275,0.5554031820697695,1620.6204718066926,2917.9171530261615
8,RioDeJaneiro_2016-2017.csv,850.8802867833996,510.31534827046545,0.599749878093452,0.5554031820697695,1620.6204718066926,2917.9171530261615
