,File,NaiveRMSE,H-LSTM-RMSE,H-LSTM-Naive-Ratio,Average-Ratio,Total H-LSTM-RMSE,TotalNaive-RMSE
0,SaoPaulo_2016-2017.csv,26.813275046063428,37.27750665985381,1.3902630915400498,0.9900689304593395,1171.846262595434,1183.6006832895557
1,huila_2016-2017.csv,148.6285524451535,135.0268663373951,0.9084853758985666,0.9900689304593395,1171.846262595434,1183.6006832895557
2,tolima_2016-2017.csv,154.0609197372626,134.1845729526236,0.8709838496450861,0.9900689304593395,1171.846262595434,1183.6006832895557
3,santander_norte_2016-2017.csv,214.63475410544052,192.68749690465518,0.8977460230415265,0.9900689304593395,1171.846262595434,1183.6006832895557
4,santander_2016-2017.csv,52.17920948915018,50.73527131075149,0.9723273274444886,0.9900689304593395,1171.846262595434,1183.6006832895557
5,MinasGerais_2016-2017.csv,92.60997448261274,99.92509182459328,1.0789884392350624,0.9900689304593395,1171.846262595434,1183.6006832895557
6,MatoGrosso_2016-2017.csv,97.03712262175127,105.12689454037233,1.0833678050219484,0.9900689304593395,1171.846262595434,1183.6006832895557
7,valle_cauca_2016-2017.csv,107.02671837724421,104.48412984533542,0.9762434224793592,0.9900689304593395,1171.846262595434,1183.6006832895557
8,RioDeJaneiro_2016-2017.csv,290.6101569848774,312.3984322198536,1.0749742385504786,0.9900689304593395,1171.846262595434,1183.6006832895557
