,File,NaiveRMSE,H-LSTM-RMSE - No Google,H-LSTM - No Google-Naive-Ratio,Average-Ratio,Total H-LSTM-RMSE - No Google,TotalNaive-RMSE
0,SaoPaulo_2016-2017.csv,49.0806253593854,55.874568301448335,1.1384241315654664,0.5977117726100575,827.6240416085698,1384.6540749808942
1,huila_2016-2017.csv,90.44028109445726,13.802946170671497,0.15261945234618943,0.5977117726100575,827.6240416085698,1384.6540749808942
2,tolima_2016-2017.csv,131.52827402762824,42.71051857140462,0.32472499838652974,0.5977117726100575,827.6240416085698,1384.6540749808942
3,santander_norte_2016-2017.csv,132.83003493870723,61.294419871210366,0.4614500018726481,0.5977117726100575,827.6240416085698,1384.6540749808942
4,santander_2016-2017.csv,56.64696627250914,55.307002363549564,0.9763453544446941,0.5977117726100575,827.6240416085698,1384.6540749808942
5,MinasGerais_2016-2017.csv,160.97848418309562,133.0565346396682,0.8265485621564853,0.5977117726100575,827.6240416085698,1384.6540749808942
6,MatoGrosso_2016-2017.csv,171.58162382403037,99.27464559472233,0.5785855348736868,0.5977117726100575,827.6240416085698,1384.6540749808942
7,valle_cauca_2016-2017.csv,141.6112547601619,136.17657655602224,0.9616225545537038,0.5977117726100575,827.6240416085698,1384.6540749808942
8,Bahia_2016-2017.csv,449.9565305209188,230.12682953987257,0.5114423592729116,0.5977117726100575,827.6240416085698,1384.6540749808942
