,File,NaiveRMSE,H-LSTM-RMSE - No Google,H-LSTM - No Google-Naive-Ratio,Average-Ratio,Total H-LSTM-RMSE - No Google,TotalNaive-RMSE
0,SaoPaulo_2016-2017.csv,91.24688932861062,113.45406313585818,1.2433745848285533,0.5939532027709141,1821.2587709753352,3066.333782659623
1,huila_2016-2017.csv,136.82185041140175,31.31818575664887,0.22889754569522353,0.5939532027709141,1821.2587709753352,3066.333782659623
2,santander_norte_2016-2017.csv,212.29720715701058,36.08882313879904,0.16999198257049375,0.5939532027709141,1821.2587709753352,3066.333782659623
3,santander_2016-2017.csv,93.07495859073302,92.60599144491292,0.9949614036587195,0.5939532027709141,1821.2587709753352,3066.333782659623
4,MinasGerais_2016-2017.csv,279.707734308023,184.95455795031992,0.6612422012851532,0.5939532027709141,1821.2587709753352,3066.333782659623
5,MatoGrosso_2016-2017.csv,370.81222649650175,129.0863053785639,0.34811771606938025,0.5939532027709141,1821.2587709753352,3066.333782659623
6,valle_cauca_2016-2017.csv,211.5345470208905,193.95879808625563,0.916913103877547,0.5939532027709141,1821.2587709753352,3066.333782659623
7,Bahia_2016-2017.csv,819.9580825630521,537.8747271990991,0.655978322108604,0.5939532027709141,1821.2587709753352,3066.333782659623
8,RioDeJaneiro_2016-2017.csv,850.8802867833996,501.9173188848777,0.5898800650115966,0.5939532027709141,1821.2587709753352,3066.333782659623
