,File,NaiveRMSE,P-LSTM-RMSE,P-LSTM-Naive-Ratio,Average-Ratio,Total P-LSTM-RMSE,TotalNaive-RMSE
0,SaoPaulo_2016-2017.csv,26.394997414214608,70.61796852729604,2.675430022556693,2.959810409574197,2740.4580412609603,925.8897233404916
1,huila_2016-2017.csv,59.602097278535425,125.11237699649726,2.099127089636058,2.959810409574197,2740.4580412609603,925.8897233404916
2,tolima_2016-2017.csv,124.83905638861582,132.63969454558026,1.0624855584672281,2.959810409574197,2740.4580412609603,925.8897233404916
3,santander_norte_2016-2017.csv,96.52642125345785,163.30417947141524,1.6918080806353857,2.959810409574197,2740.4580412609603,925.8897233404916
4,santander_2016-2017.csv,49.70010060351991,160.4190764659573,3.227741483778726,2.959810409574197,2740.4580412609603,925.8897233404916
5,MinasGerais_2016-2017.csv,86.68787754174761,150.26996537779485,1.7334599674034818,2.959810409574197,2740.4580412609603,925.8897233404916
6,MatoGrosso_2016-2017.csv,90.72776124509527,461.5771989720164,5.0874968437179335,2.959810409574197,2740.4580412609603,925.8897233404916
7,valle_cauca_2016-2017.csv,100.06008195079595,412.61031064588053,4.123625551783774,2.959810409574197,2740.4580412609603,925.8897233404916
8,RioDeJaneiro_2016-2017.csv,291.35132966450914,1063.9072702585229,3.651630049135562,2.959810409574197,2740.4580412609603,925.8897233404916
