,File,NaiveRMSE,P-NN-RMSE - No Google,P-NN - No Google-Naive-Ratio,Average-Ratio,Total P-NN-RMSE - No Google,TotalNaive-RMSE
0,huila_2016-2017.csv,136.82185041140175,16.20015776117726,0.11840329386326771,0.5078051163739915,1577.434640778827,3106.3779980055738
1,tolima_2016-2017.csv,131.2911046745615,35.09072348314575,0.2672741886826763,0.5078051163739915,1577.434640778827,3106.3779980055738
2,santander_norte_2016-2017.csv,212.29720715701058,36.87336853497658,0.1736874875970733,0.5078051163739915,1577.434640778827,3106.3779980055738
3,santander_2016-2017.csv,93.07495859073302,86.3752243787907,0.9280178652412597,0.5078051163739915,1577.434640778827,3106.3779980055738
4,MinasGerais_2016-2017.csv,279.707734308023,201.54742450835093,0.7205643598199559,0.5078051163739915,1577.434640778827,3106.3779980055738
5,MatoGrosso_2016-2017.csv,370.81222649650175,96.44359476711765,0.26008741857929946,0.5078051163739915,1577.434640778827,3106.3779980055738
6,valle_cauca_2016-2017.csv,211.5345470208905,183.15382401818363,0.8658340994300847,0.5078051163739915,1577.434640778827,3106.3779980055738
7,Bahia_2016-2017.csv,819.9580825630521,396.79741208751676,0.4839240206611468,0.5078051163739915,1577.434640778827,3106.3779980055738
8,RioDeJaneiro_2016-2017.csv,850.8802867833996,524.9529112395678,0.6169527246001411,0.5078051163739915,1577.434640778827,3106.3779980055738
