,File,NaiveRMSE,H-LSTM-RMSE,H-LSTM-Naive-Ratio,Average-Ratio,Total H-LSTM-RMSE,TotalNaive-RMSE
0,SaoPaulo_2016-2017.csv,80.94359268557656,117.35659304585225,1.4498564883538232,0.6204950531858384,1623.345116887839,2616.2096032079835
1,huila_2016-2017.csv,120.99953139553122,20.019086714877353,0.1654476383833062,0.6204950531858384,1623.345116887839,2616.2096032079835
2,tolima_2016-2017.csv,119.19558560981183,40.761997602855445,0.34197573168766776,0.6204950531858384,1623.345116887839,2616.2096032079835
3,santander_norte_2016-2017.csv,186.8847431346252,41.28489613227877,0.22091100343348294,0.6204950531858384,1623.345116887839,2616.2096032079835
4,santander_2016-2017.csv,77.58885827124311,80.59302961968636,1.0387191075546047,0.6204950531858384,1623.345116887839,2616.2096032079835
5,MatoGrosso_2016-2017.csv,310.24237797643605,132.58805545393173,0.42736925986301666,0.6204950531858384,1623.345116887839,2616.2096032079835
6,valle_cauca_2016-2017.csv,189.1969736686103,182.01558348981067,0.9620427851484651,0.6204950531858384,1623.345116887839,2616.2096032079835
7,Bahia_2016-2017.csv,736.2269290641273,563.9265645803921,0.7659684022930824,0.6204950531858384,1623.345116887839,2616.2096032079835
8,RioDeJaneiro_2016-2017.csv,794.9310114020219,444.7993102481544,0.5595445439518842,0.6204950531858384,1623.345116887839,2616.2096032079835
