,File,NaiveRMSE,LSTMRMSE,NaiveRelativeRMSE,LSTMRelativeRMSE,LSTM-Naive-Ratio,Average-Ratio,TotalLSTM-RMSE,TotalNaive-RMSE
0,Chiapas_2016-2017.csv,19.094660526075362,20.234533911446068,2.5580127091765372,2.7107156390164557,1.0596959230468703,0.7374559145663374,105.99420804501008,143.7295517622097
1,Guerrero_2016-2017.csv,13.81223290340044,16.058224621984824,1.6594794386367033,1.9293255310394386,1.1626088797005039,0.7374559145663374,105.99420804501008,143.7295517622097
2,Yucatan_2016-2017.csv,31.61622777286782,25.51920112477484,3.739553822597269,3.018400133037884,0.8071551517184703,0.7374559145663374,105.99420804501008,143.7295517622097
3,NuevoLeon_2016-2017.csv,45.967929092471685,31.40950231349951,5.153822174580631,3.52156367954298,0.683291654281714,0.7374559145663374,105.99420804501008,143.7295517622097
4,Veracruz_2016-2017.csv,33.2385014673944,12.772746073304845,1.6552372461126992,0.6360673346364083,0.3842756294484089,0.7374559145663374,105.99420804501008,143.7295517622097
