,File,NaiveRMSE,P-NN-RMSE - No Google,P-NN - No Google-Naive-Ratio,Average-Ratio,Total P-NN-RMSE - No Google,TotalNaive-RMSE
0,SaoPaulo_2016-2017.csv,26.394997414214608,24.63776259944286,0.9334254598628823,0.6788828851123001,628.5706866772223,925.8897233404916
1,huila_2016-2017.csv,59.602097278535425,15.830803476012449,0.2656081614381985,0.6788828851123001,628.5706866772223,925.8897233404916
2,tolima_2016-2017.csv,124.83905638861582,32.45218264566622,0.2599521622836102,0.6788828851123001,628.5706866772223,925.8897233404916
3,santander_norte_2016-2017.csv,96.52642125345785,38.463075485723024,0.39847199332840866,0.6788828851123001,628.5706866772223,925.8897233404916
4,santander_2016-2017.csv,49.70010060351991,44.771735599467696,0.9008379270020397,0.6788828851123001,628.5706866772223,925.8897233404916
5,MinasGerais_2016-2017.csv,86.68787754174761,71.59726946522979,0.825920203557292,0.6788828851123001,628.5706866772223,925.8897233404916
6,MatoGrosso_2016-2017.csv,90.72776124509527,44.45431129597343,0.48997474076190356,0.6788828851123001,628.5706866772223,925.8897233404916
7,valle_cauca_2016-2017.csv,100.06008195079595,91.65303274858297,0.9159799888396344,0.6788828851123001,628.5706866772223,925.8897233404916
8,RioDeJaneiro_2016-2017.csv,291.35132966450914,264.7105133611239,0.9085611988314516,0.6788828851123001,628.5706866772223,925.8897233404916
