,File,NaiveRMSE,NNRMSE,NN-Naive-Ratio,Average-Ratio,TotalNN-RMSE,TotalNaive-RMSE
0,SaoPaulo_2016-2017.csv,26.394997414214608,113.83689687361993,4.312820914023461,0.8987416339954754,832.135642854652,925.8897233404916
1,huila_2016-2017.csv,59.602097278535425,42.434969341449026,0.7119710761710256,0.8987416339954754,832.135642854652,925.8897233404916
2,tolima_2016-2017.csv,124.83905638861582,55.577237872886016,0.4451911083008967,0.8987416339954754,832.135642854652,925.8897233404916
3,santander_norte_2016-2017.csv,96.52642125345785,42.78338600702664,0.44322979606471236,0.8987416339954754,832.135642854652,925.8897233404916
4,santander_2016-2017.csv,49.70010060351991,47.78482692024862,0.9614633841780263,0.8987416339954754,832.135642854652,925.8897233404916
5,MinasGerais_2016-2017.csv,86.68787754174761,86.40406070254276,0.9967259916005192,0.8987416339954754,832.135642854652,925.8897233404916
6,MatoGrosso_2016-2017.csv,90.72776124509527,55.799794877827814,0.6150244876768007,0.8987416339954754,832.135642854652,925.8897233404916
7,valle_cauca_2016-2017.csv,100.06008195079595,94.8080525427984,0.9475112421896656,0.8987416339954754,832.135642854652,925.8897233404916
8,RioDeJaneiro_2016-2017.csv,291.35132966450914,292.70641771625276,1.004651044679645,0.8987416339954754,832.135642854652,925.8897233404916
