,File,NaiveRMSE,H-LSTM-RMSE,H-LSTM-Naive-Ratio,Average-Ratio,Total H-LSTM-RMSE,TotalNaive-RMSE
0,SaoPaulo_2016-2017.csv,49.0806253593854,120.68575746479738,2.458928682776438,0.7320221001834842,1302.9933948240202,1779.9918807060876
1,huila_2016-2017.csv,90.44028109445726,28.600106885772195,0.31623195482886424,0.7320221001834842,1302.9933948240202,1779.9918807060876
2,tolima_2016-2017.csv,131.52827402762824,50.202902013499816,0.3816890503934874,0.7320221001834842,1302.9933948240202,1779.9918807060876
3,santander_2016-2017.csv,56.64696627250914,57.60185520598614,1.0168568415276356,0.7320221001834842,1302.9933948240202,1779.9918807060876
4,MinasGerais_2016-2017.csv,160.97848418309562,163.58951610540169,1.0162197571654128,0.7320221001834842,1302.9933948240202,1779.9918807060876
5,MatoGrosso_2016-2017.csv,171.58162382403037,112.01416434568486,0.6528331056043837,0.7320221001834842,1302.9933948240202,1779.9918807060876
6,valle_cauca_2016-2017.csv,141.6112547601619,146.07640701030903,1.0315310549130399,0.7320221001834842,1302.9933948240202,1779.9918807060876
7,Bahia_2016-2017.csv,449.9565305209188,291.51100518269993,0.6478648167306628,0.7320221001834842,1302.9933948240202,1779.9918807060876
8,RioDeJaneiro_2016-2017.csv,528.1678406639006,332.7116806098691,0.629935514800853,0.7320221001834842,1302.9933948240202,1779.9918807060876
