,File,NaiveRMSE,P-LSTM-RMSE,P-LSTM-Naive-Ratio,Average-Ratio,Total P-LSTM-RMSE,TotalNaive-RMSE
0,SaoPaulo_2016-2017.csv,80.94359268557656,117.15881886798793,1.447413130315188,1.3011422132734616,2783.752424145201,2139.4682270293374
1,huila_2016-2017.csv,120.99953139553122,67.70593890745485,0.5595553811372478,1.3011422132734616,2783.752424145201,2139.4682270293374
2,tolima_2016-2017.csv,119.19558560981183,96.42773086668505,0.8089874333294723,1.3011422132734616,2783.752424145201,2139.4682270293374
3,santander_norte_2016-2017.csv,186.8847431346252,80.77380916954239,0.432211896031319,1.3011422132734616,2783.752424145201,2139.4682270293374
4,santander_2016-2017.csv,77.58885827124311,187.98402197376896,2.42282237633392,1.3011422132734616,2783.752424145201,2139.4682270293374
5,MinasGerais_2016-2017.csv,259.48555288548124,308.6369422450047,1.1894185969621802,1.3011422132734616,2783.752424145201,2139.4682270293374
6,MatoGrosso_2016-2017.csv,310.24237797643605,294.5920566772678,0.9495545340992811,1.3011422132734616,2783.752424145201,2139.4682270293374
7,valle_cauca_2016-2017.csv,189.1969736686103,482.3813691780166,2.549625185987045,1.3011422132734616,2783.752424145201,2139.4682270293374
8,RioDeJaneiro_2016-2017.csv,794.9310114020219,1148.0917362594726,1.4442658794183663,1.3011422132734616,2783.752424145201,2139.4682270293374
