,File,NaiveRMSE,H-LSTM-RMSE - No Google,H-LSTM - No Google-Naive-Ratio,Average-Ratio,Total H-LSTM-RMSE - No Google,TotalNaive-RMSE
0,SaoPaulo_2016-2017.csv,49.0806253593854,58.433608765433206,1.1905636559754895,0.6445129885511146,1174.548633564703,1822.3816345503374
1,tolima_2016-2017.csv,131.52827402762824,38.0312296139207,0.2891487012589554,0.6445129885511146,1174.548633564703,1822.3816345503374
2,santander_norte_2016-2017.csv,132.83003493870723,64.23262304582234,0.4835700229655265,0.6445129885511146,1174.548633564703,1822.3816345503374
3,santander_2016-2017.csv,56.64696627250914,52.46922778534769,0.9262495635324268,0.6445129885511146,1174.548633564703,1822.3816345503374
4,MinasGerais_2016-2017.csv,160.97848418309562,138.55251341829268,0.8606896388756163,0.6445129885511146,1174.548633564703,1822.3816345503374
5,MatoGrosso_2016-2017.csv,171.58162382403037,90.74932820251438,0.5288988772806144,0.6445129885511146,1174.548633564703,1822.3816345503374
6,valle_cauca_2016-2017.csv,141.6112547601619,136.14514298954697,0.9614005837327511,0.6445129885511146,1174.548633564703,1822.3816345503374
7,Bahia_2016-2017.csv,449.9565305209188,201.66477486383275,0.44818723851027026,0.6445129885511146,1174.548633564703,1822.3816345503374
8,RioDeJaneiro_2016-2017.csv,528.1678406639006,394.2701848799925,0.74648654182428,0.6445129885511146,1174.548633564703,1822.3816345503374
