,File,NaiveRMSE,P-LSTM-RMSE,P-LSTM-Naive-Ratio,Average-Ratio,Total P-LSTM-RMSE,TotalNaive-RMSE
0,SaoPaulo_2016-2017.csv,67.15209595289603,119.29795172774948,1.776533554685043,1.6371021466941065,3650.53665977754,2229.8771442877137
1,huila_2016-2017.csv,108.014643754012,81.26154053228304,0.7523196643350012,1.6371021466941065,3650.53665977754,2229.8771442877137
2,tolima_2016-2017.csv,54.45930890610541,127.98903231829851,2.350177313835683,1.6371021466941065,3650.53665977754,2229.8771442877137
3,santander_norte_2016-2017.csv,165.42693682883518,99.68003062336696,0.6025622702940115,1.6371021466941065,3650.53665977754,2229.8771442877137
4,santander_2016-2017.csv,66.52880303036467,189.63709350053574,2.850451005619066,1.6371021466941065,3650.53665977754,2229.8771442877137
5,MinasGerais_2016-2017.csv,219.60331450736328,325.7636942360522,1.483418840771319,1.6371021466941065,3650.53665977754,2229.8771442877137
6,MatoGrosso_2016-2017.csv,242.69168331016576,366.8112419885519,1.5114289743491474,1.6371021466941065,3650.53665977754,2229.8771442877137
7,Bahia_2016-2017.csv,613.2738695557917,1125.958352928662,1.8359796639374497,1.6371021466941065,3650.53665977754,2229.8771442877137
8,RioDeJaneiro_2016-2017.csv,692.7264884421796,1214.1377219220403,1.7526942338417333,1.6371021466941065,3650.53665977754,2229.8771442877137
