,File,NaiveRMSE,P-LSTM-RMSE - No Google,P-LSTM - No Google-Naive-Ratio,Average-Ratio,Total P-LSTM-RMSE - No Google,TotalNaive-RMSE
0,SaoPaulo_2016-2017.csv,80.94359268557656,99.46435282890202,1.228810700499407,1.1348042057299987,2427.8775420585957,2139.4682270293374
1,huila_2016-2017.csv,120.99953139553122,64.519205030197,0.5332186355275409,1.1348042057299987,2427.8775420585957,2139.4682270293374
2,tolima_2016-2017.csv,119.19558560981183,89.6216951593764,0.7518877037338789,1.1348042057299987,2427.8775420585957,2139.4682270293374
3,santander_norte_2016-2017.csv,186.8847431346252,73.61572680180399,0.3939097733022208,1.1348042057299987,2427.8775420585957,2139.4682270293374
4,santander_2016-2017.csv,77.58885827124311,167.3342515620896,2.1566788749114636,1.1348042057299987,2427.8775420585957,2139.4682270293374
5,MinasGerais_2016-2017.csv,259.48555288548124,249.42524807752463,0.9612298076093796,1.1348042057299987,2427.8775420585957,2139.4682270293374
6,MatoGrosso_2016-2017.csv,310.24237797643605,274.600810206832,0.88511702365719,1.1348042057299987,2427.8775420585957,2139.4682270293374
7,valle_cauca_2016-2017.csv,189.1969736686103,430.12922110112544,2.2734466242283675,1.1348042057299987,2427.8775420585957,2139.4682270293374
8,RioDeJaneiro_2016-2017.csv,794.9310114020219,979.1670312907444,1.231763533245212,1.1348042057299987,2427.8775420585957,2139.4682270293374
