,File,NaiveRMSE,P-NN-RMSE - No Google,P-NN - No Google-Naive-Ratio,Average-Ratio,Total P-NN-RMSE - No Google,TotalNaive-RMSE
0,SaoPaulo_2016-2017.csv,91.24688932861062,90.75434312541456,0.9946020493759274,0.5666257893931879,1653.367110217372,2917.9171530261615
1,huila_2016-2017.csv,136.82185041140175,13.872583234828278,0.10139157739144446,0.5666257893931879,1653.367110217372,2917.9171530261615
2,tolima_2016-2017.csv,131.2911046745615,35.22333393257074,0.2682842376860242,0.5666257893931879,1653.367110217372,2917.9171530261615
3,santander_norte_2016-2017.csv,212.29720715701058,41.411373282083886,0.1950632033112753,0.5666257893931879,1653.367110217372,2917.9171530261615
4,santander_2016-2017.csv,93.07495859073302,91.19768301061066,0.9798304978208255,0.5666257893931879,1653.367110217372,2917.9171530261615
5,MatoGrosso_2016-2017.csv,370.81222649650175,107.32080642022449,0.28942089486695216,0.5666257893931879,1653.367110217372,2917.9171530261615
6,valle_cauca_2016-2017.csv,211.5345470208905,206.2065321387659,0.9748125544637471,0.5666257893931879,1653.367110217372,2917.9171530261615
7,Bahia_2016-2017.csv,819.9580825630521,528.2589214581707,0.644251130261344,0.5666257893931879,1653.367110217372,2917.9171530261615
8,RioDeJaneiro_2016-2017.csv,850.8802867833996,539.1215336147029,0.6336044470518353,0.5666257893931879,1653.367110217372,2917.9171530261615
