,File,NaiveRMSE,H-LSTM-RMSE,H-LSTM-Naive-Ratio,Average-Ratio,Total H-LSTM-RMSE,TotalNaive-RMSE
0,SaoPaulo_2016-2017.csv,26.813275046063428,119.99455273437215,4.4751919535464975,1.1058112129319237,1489.5883115067509,1347.0548083495091
1,huila_2016-2017.csv,148.6285524451535,176.60712252221478,1.1882449207556256,1.1058112129319237,1489.5883115067509,1347.0548083495091
2,tolima_2016-2017.csv,154.0609197372626,133.61536406466445,0.8672891495944185,1.1058112129319237,1489.5883115067509,1347.0548083495091
3,santander_norte_2016-2017.csv,214.63475410544052,192.770045107771,0.8981306215351855,1.1058112129319237,1489.5883115067509,1347.0548083495091
4,santander_2016-2017.csv,52.17920948915018,50.7746278757446,0.9730815850382394,1.1058112129319237,1489.5883115067509,1347.0548083495091
5,MinasGerais_2016-2017.csv,92.60997448261274,102.81133477676005,1.110154012579526,1.1058112129319237,1489.5883115067509,1347.0548083495091
6,MatoGrosso_2016-2017.csv,97.03712262175127,105.64078789809652,1.088663647930722,1.1058112129319237,1489.5883115067509,1347.0548083495091
7,Bahia_2016-2017.csv,270.4808434371977,294.1376095845665,1.0874618913736922,1.1058112129319237,1489.5883115067509,1347.0548083495091
8,RioDeJaneiro_2016-2017.csv,290.6101569848774,313.23686694256065,1.077859322579908,1.1058112129319237,1489.5883115067509,1347.0548083495091
