,File,NaiveRMSE,P-LSTM-RMSE,P-LSTM-Naive-Ratio,Average-Ratio,Total P-LSTM-RMSE,TotalNaive-RMSE
0,SaoPaulo_2016-2017.csv,67.15209595289603,92.78173083353303,1.3816654494092777,1.4759318620776596,3456.9662320969705,2342.226169730235
1,huila_2016-2017.csv,108.014643754012,77.87279456112236,0.7209466407024087,1.4759318620776596,3456.9662320969705,2342.226169730235
2,santander_norte_2016-2017.csv,165.42693682883518,94.28394815838388,0.5699431420648143,1.4759318620776596,3456.9662320969705,2342.226169730235
3,santander_2016-2017.csv,66.52880303036467,171.08611825726328,2.5716097459197815,1.4759318620776596,3456.9662320969705,2342.226169730235
4,MinasGerais_2016-2017.csv,219.60331450736328,253.87742453234733,1.156072826595861,1.4759318620776596,3456.9662320969705,2342.226169730235
5,MatoGrosso_2016-2017.csv,242.69168331016576,345.33936490038155,1.4229550851935442,1.4759318620776596,3456.9662320969705,2342.226169730235
6,valle_cauca_2016-2017.csv,166.8083343486268,428.8240855857932,2.5707593524047643,1.4759318620776596,3456.9662320969705,2342.226169730235
7,Bahia_2016-2017.csv,613.2738695557917,985.786847461791,1.6074170063300086,1.4759318620776596,3456.9662320969705,2342.226169730235
8,RioDeJaneiro_2016-2017.csv,692.7264884421796,1007.1139178063548,1.4538406349541757,1.4759318620776596,3456.9662320969705,2342.226169730235
