,File,NaiveRMSE,P-LSTM-RMSE - No Google,P-LSTM - No Google-Naive-Ratio,Average-Ratio,Total P-LSTM-RMSE - No Google,TotalNaive-RMSE
0,SaoPaulo_2016-2017.csv,80.94359268557656,110.46943642060329,1.364770610685878,1.233263637150815,3226.4761708011683,2616.2096032079835
1,huila_2016-2017.csv,120.99953139553122,65.91796411910552,0.5447786727671576,1.233263637150815,3226.4761708011683,2616.2096032079835
2,tolima_2016-2017.csv,119.19558560981183,92.6729695433778,0.7774865912127306,1.233263637150815,3226.4761708011683,2616.2096032079835
3,santander_norte_2016-2017.csv,186.8847431346252,76.35428440035695,0.40856349812008996,1.233263637150815,3226.4761708011683,2616.2096032079835
4,santander_2016-2017.csv,77.58885827124311,175.29594025713698,2.25929268921988,1.233263637150815,3226.4761708011683,2616.2096032079835
5,MatoGrosso_2016-2017.csv,310.24237797643605,283.0776061286058,0.9124401636391096,1.233263637150815,3226.4761708011683,2616.2096032079835
6,valle_cauca_2016-2017.csv,189.1969736686103,447.7496241338565,2.366579208175478,1.233263637150815,3226.4761708011683,2616.2096032079835
7,Bahia_2016-2017.csv,736.2269290641273,951.9184375885524,1.2929687845004618,1.233263637150815,3226.4761708011683,2616.2096032079835
8,RioDeJaneiro_2016-2017.csv,794.9310114020219,1023.0199082095733,1.2869291718853317,1.233263637150815,3226.4761708011683,2616.2096032079835
