,File,NaiveRMSE,P-LSTM-RMSE - No Google,P-LSTM - No Google-Naive-Ratio,Average-Ratio,Total P-LSTM-RMSE - No Google,TotalNaive-RMSE
0,SaoPaulo_2016-2017.csv,80.94359268557656,117.33986628850708,1.449649841270463,1.2932333708025605,3383.36956388269,2616.2096032079835
1,huila_2016-2017.csv,120.99953139553122,67.59253070875465,0.5586181196669576,1.2932333708025605,3383.36956388269,2616.2096032079835
2,tolima_2016-2017.csv,119.19558560981183,95.89206456811407,0.8044934221139521,1.2932333708025605,3383.36956388269,2616.2096032079835
3,santander_norte_2016-2017.csv,186.8847431346252,79.73368826361637,0.42664632182509954,1.2932333708025605,3383.36956388269,2616.2096032079835
4,santander_2016-2017.csv,77.58885827124311,183.94662887587796,2.3707866435257805,1.2932333708025605,3383.36956388269,2616.2096032079835
5,MatoGrosso_2016-2017.csv,310.24237797643605,290.56790185882767,0.9365835310896736,1.2932333708025605,3383.36956388269,2616.2096032079835
6,valle_cauca_2016-2017.csv,189.1969736686103,468.4808842496722,2.476154217298656,1.2932333708025605,3383.36956388269,2616.2096032079835
7,Bahia_2016-2017.csv,736.2269290641273,995.966442803674,1.3527981706261694,1.2932333708025605,3383.36956388269,2616.2096032079835
8,RioDeJaneiro_2016-2017.csv,794.9310114020219,1083.8495562656458,1.3634510928867367,1.2932333708025605,3383.36956388269,2616.2096032079835
