,File,NaiveRMSE,GRURMSE,NaiveRelativeRMSE,GRURelativeRMSE,GRU-Naive-Ratio,Average-Ratio,TotalGRU-RMSE,TotalNaive-RMSE
0,SaoPaulo_2016-2017.csv,40.55243519198323,44.119044849730784,0.7638431944242461,0.8310236362729475,1.087950566738163,0.8833690513823342,993.8455477939253,1125.0626748115214
1,MinasGerais_2016-2017.csv,134.30886046720818,150.64474154155766,0.9647931935005256,1.082140230885408,1.1216292135717876,0.8833690513823342,993.8455477939253,1125.0626748115214
2,MatoGrosso_2016-2017.csv,142.11143514861845,135.9399906547495,0.8547542111669582,0.8176349732632594,0.9565732026601875,0.8833690513823342,993.8455477939253,1125.0626748115214
3,Bahia_2016-2017.csv,392.86974940812127,383.6827750131334,0.8228328015082338,0.8035914527146429,0.976615724654727,0.8833690513823342,993.8455477939253,1125.0626748115214
4,RioDeJaneiro_2016-2017.csv,415.22019459559044,279.45899573475407,0.6960008625760006,0.4684350728062524,0.6730380635916254,0.8833690513823342,993.8455477939253,1125.0626748115214
