,File,NaiveRMSE,GRURMSE,NaiveRelativeRMSE,GRURelativeRMSE,GRU-Naive-Ratio,Average-Ratio
0,MinasGerais_2016-2017.csv,134.30886046720818,134.90113895661776,0.9647931935005256,0.969047762061761,1.0044098243954216,0.8351028919350434
1,MatoGrosso_2016-2017.csv,142.11143514861845,125.90858250753489,0.8547542111669582,0.757299305350264,0.8859848778239499,0.8351028919350434
2,Bahia_2016-2017.csv,392.86974940812127,374.14819694130165,0.8228328015082338,0.7836220771191339,0.9523466683423079,0.8351028919350434
3,SaoPaulo_2016-2017.csv,412.6955778779317,338.9881382525338,0.7132657758000893,0.585876491967739,0.8213999771831835,0.8351028919350434
4,RioDeJaneiro_2016-2017.csv,415.22019459559044,276.37485135612,0.6960008625760006,0.4632653648397868,0.6656103314659326,0.8351028919350434
