,File,NaiveRMSE,P-LSTM-RMSE,P-LSTM-Naive-Ratio,Average-Ratio,Total P-LSTM-RMSE,TotalNaive-RMSE
0,SaoPaulo_2016-2017.csv,80.94359268557656,99.69970469732407,1.231718303937968,1.1811569559338635,3305.0027171150678,2798.1062978222217
1,huila_2016-2017.csv,120.99953139553122,64.38540988207103,0.5321128862194001,1.1811569559338635,3305.0027171150678,2798.1062978222217
2,tolima_2016-2017.csv,119.19558560981183,89.91494825181861,0.7543479717961726,1.1811569559338635,3305.0027171150678,2798.1062978222217
3,santander_norte_2016-2017.csv,186.8847431346252,74.74026553769102,0.39992705816467183,1.1811569559338635,3305.0027171150678,2798.1062978222217
4,MinasGerais_2016-2017.csv,259.48555288548124,284.45102022140657,1.0962113961964708,1.1811569559338635,3305.0027171150678,2798.1062978222217
5,MatoGrosso_2016-2017.csv,310.24237797643605,282.03417673018265,0.9090768919763892,1.1811569559338635,3305.0027171150678,2798.1062978222217
6,valle_cauca_2016-2017.csv,189.1969736686103,446.0853413567408,2.3577826468730185,1.1811569559338635,3305.0027171150678,2798.1062978222217
7,Bahia_2016-2017.csv,736.2269290641273,948.7545434832028,1.2886713403559351,1.1811569559338635,3305.0027171150678,2798.1062978222217
8,RioDeJaneiro_2016-2017.csv,794.9310114020219,1014.9373069546298,1.2767614955222117,1.1811569559338635,3305.0027171150678,2798.1062978222217
