,File,NaiveRMSE,GRURMSE,NaiveRelativeRMSE,GRURelativeRMSE,GRU-Naive-Ratio,Average-Ratio,TotalGRU-RMSE,TotalNaive-RMSE
0,huila_2016-2017.csv,108.014643754012,93.6470933163701,3.628877301300369,3.1461827716847,0.866985161101286,0.7520344502420353,422.07033099055894,561.2380268679441
1,tolima_2016-2017.csv,54.45930890610541,48.512769954864936,1.1810162143833436,1.0520582995301535,0.8908076677672674,0.7520344502420353,422.07033099055894,561.2380268679441
2,santander_norte_2016-2017.csv,165.42693682883518,132.2322805106889,4.517091058575048,3.6106891864161357,0.7993394730358073,0.7520344502420353,422.07033099055894,561.2380268679441
3,santander_2016-2017.csv,66.52880303036468,44.98552161437449,0.6710398000180876,0.453744454323662,0.6761811360688763,0.7520344502420353,422.07033099055894,561.2380268679441
4,valle_cauca_2016-2017.csv,166.8083343486268,102.69266559426052,0.637542091422543,0.3924917603930241,0.6156327020185601,0.7520344502420353,422.07033099055894,561.2380268679441
