,File,NaiveRMSE,P-LSTM-RMSE - No Google,P-LSTM - No Google-Naive-Ratio,Average-Ratio,Total P-LSTM-RMSE - No Google,TotalNaive-RMSE
0,SaoPaulo_2016-2017.csv,80.94359268557656,108.64406544070114,1.3422194621719645,1.16584237495454,3132.033421309247,2686.4981824248543
1,huila_2016-2017.csv,120.99953139553122,66.34526372326695,0.5483100881307812,1.16584237495454,3132.033421309247,2686.4981824248543
2,tolima_2016-2017.csv,119.19558560981183,93.65022502582495,0.7856853468750938,1.16584237495454,3132.033421309247,2686.4981824248543
3,santander_norte_2016-2017.csv,186.8847431346252,77.72754019194028,0.4159116409837056,1.16584237495454,3132.033421309247,2686.4981824248543
4,santander_2016-2017.csv,77.58885827124311,179.35088770653286,2.3115546703824355,1.16584237495454,3132.033421309247,2686.4981824248543
5,MinasGerais_2016-2017.csv,259.48555288548124,264.7197427118852,1.0201714113491087,1.16584237495454,3132.033421309247,2686.4981824248543
6,MatoGrosso_2016-2017.csv,310.24237797643605,285.08831346654915,0.9189212490119663,1.16584237495454,3132.033421309247,2686.4981824248543
7,Bahia_2016-2017.csv,736.2269290641273,984.5642067590006,1.3373107772769917,1.16584237495454,3132.033421309247,2686.4981824248543
8,RioDeJaneiro_2016-2017.csv,794.9310114020219,1071.943176283546,1.3484732145409162,1.16584237495454,3132.033421309247,2686.4981824248543
