,File,NaiveRMSE,P-NN-RMSE - No Google,P-NN - No Google-Naive-Ratio,Average-Ratio,Total P-NN-RMSE - No Google,TotalNaive-RMSE
0,SaoPaulo_2016-2017.csv,80.94359268557656,63.58753720022229,0.7855783897216738,0.5438585348890395,1499.145817825506,2756.499570483653
1,huila_2016-2017.csv,120.99953139553122,13.855905973971582,0.11451206309781883,0.5438585348890395,1499.145817825506,2756.499570483653
2,santander_norte_2016-2017.csv,186.8847431346252,37.2376966197407,0.19925487760611882,0.5438585348890395,1499.145817825506,2756.499570483653
3,santander_2016-2017.csv,77.58885827124311,70.13926268966398,0.9039862713853055,0.5438585348890395,1499.145817825506,2756.499570483653
4,MinasGerais_2016-2017.csv,259.48555288548124,205.22520187885888,0.790892593428625,0.5438585348890395,1499.145817825506,2756.499570483653
5,MatoGrosso_2016-2017.csv,310.24237797643605,97.66302901601017,0.3147959013627339,0.5438585348890395,1499.145817825506,2756.499570483653
6,valle_cauca_2016-2017.csv,189.1969736686103,162.5139068706891,0.858966735669577,0.5438585348890395,1499.145817825506,2756.499570483653
7,Bahia_2016-2017.csv,736.2269290641273,336.78866296283724,0.45745224694640596,0.5438585348890395,1499.145817825506,2756.499570483653
8,RioDeJaneiro_2016-2017.csv,794.9310114020219,512.134614613512,0.6442503906222741,0.5438585348890395,1499.145817825506,2756.499570483653
