,File,NaiveRMSE,LSTMRMSE,LSTM-Naive-Ratio,Average-Ratio,TotalLSTM-RMSE,TotalNaive-RMSE
0,huila_2016-2017.csv,59.602097278535425,55.98399833506497,0.9392957780233441,0.972715552073735,418.97558840570343,430.72775747492494
1,tolima_2016-2017.csv,124.83905638861582,89.07637744587402,0.71352972397184,0.972715552073735,418.97558840570343,430.72775747492494
2,santander_norte_2016-2017.csv,96.52642125345785,87.62904826457643,0.9078244808691414,0.972715552073735,418.97558840570343,430.72775747492494
3,santander_2016-2017.csv,49.70010060351991,55.326030990281645,1.11319756536596,0.972715552073735,418.97558840570343,430.72775747492494
4,valle_cauca_2016-2017.csv,100.06008195079595,130.96013336990637,1.3088149721314977,0.972715552073735,418.97558840570343,430.72775747492494
