,File,NaiveRMSE,LSTMRMSE,NaiveRelativeRMSE,LSTMRelativeRMSE,LSTM-Naive-Ratio,Average-Ratio
0,huila_2016-2017.csv,59.602097278535425,72.49441042124788,1.3787207327905489,1.6769468059506798,1.2163063672485126,0.9056031903453917
1,tolima_2016-2017.csv,124.83905638861582,127.21908507654994,2.3585689852374045,2.4035345754118635,1.019064776335102,0.9056031903453917
2,santander_norte_2016-2017.csv,96.52642125345785,107.27770609100905,1.7264607628949715,1.9187570397247193,1.111381782292753,0.9056031903453917
3,santander_2016-2017.csv,49.70010060351991,42.83740373710985,0.4866356663421121,0.419439966093311,0.8619178475883403,0.9056031903453917
4,valle_cauca_2016-2017.csv,100.06008195079595,40.23982601369148,0.3687899231564055,0.14831131510279918,0.4021566365843995,0.9056031903453917
