,File,NaiveRMSE,LSTMRMSE,NaiveRelativeRMSE,LSTMRelativeRMSE,LSTM-Naive-Ratio,Average-Ratio,TotalLSTM-RMSE,TotalNaive-RMSE
0,huila_2016-2017.csv,59.602097278535425,94.71397036870054,1.3787207327905489,2.1909315375595777,1.5891046572753742,1.109363063443748,477.8334645426384,430.72775747492494
1,tolima_2016-2017.csv,124.83905638861582,135.72683158120125,2.3585689852374045,2.564270386948824,1.0872144944663191,1.109363063443748,477.8334645426384,430.72775747492494
2,santander_norte_2016-2017.csv,96.52642125345785,133.73665122123177,1.7264607628949715,2.391998769830652,1.3854926918928006,1.109363063443748,477.8334645426384,430.72775747492494
3,santander_2016-2017.csv,49.70010060351991,49.94932274549278,0.4866356663421121,0.4890759105599998,1.0050145198691052,1.109363063443748,477.8334645426384,430.72775747492494
4,valle_cauca_2016-2017.csv,100.06008195079595,63.70668862601201,0.3687899231564055,0.23480277394225274,0.6366843538798965,1.109363063443748,477.8334645426384,430.72775747492494
