,File,NaiveRMSE,H-LSTM-RMSE - No Google,H-LSTM - No Google-Naive-Ratio,Average-Ratio,Total H-LSTM-RMSE - No Google,TotalNaive-RMSE
0,SaoPaulo_2016-2017.csv,91.24688932861062,113.33592455724887,1.2420798713377312,0.5077320184149257,1516.1336756565809,2986.090340313294
1,huila_2016-2017.csv,136.82185041140175,18.82729347740762,0.1376044354085032,0.5077320184149257,1516.1336756565809,2986.090340313294
2,tolima_2016-2017.csv,131.2911046745615,38.130177521748,0.29042468350208017,0.5077320184149257,1516.1336756565809,2986.090340313294
3,santander_norte_2016-2017.csv,212.29720715701058,37.50577917307979,0.17666638047358435,0.5077320184149257,1516.1336756565809,2986.090340313294
4,santander_2016-2017.csv,93.07495859073302,95.34282767686832,1.0243660499072316,0.5077320184149257,1516.1336756565809,2986.090340313294
5,MinasGerais_2016-2017.csv,279.707734308023,210.98314632313745,0.7542985782824158,0.5077320184149257,1516.1336756565809,2986.090340313294
6,MatoGrosso_2016-2017.csv,370.81222649650175,101.9425257254337,0.27491684049526727,0.5077320184149257,1516.1336756565809,2986.090340313294
7,Bahia_2016-2017.csv,819.9580825630521,459.78028024062434,0.5607363230123031,0.5077320184149257,1516.1336756565809,2986.090340313294
8,RioDeJaneiro_2016-2017.csv,850.8802867833996,440.28572096103267,0.5174473163850745,0.5077320184149257,1516.1336756565809,2986.090340313294
