,File,NaiveRMSE,P-NN-RMSE - No Google,P-NN - No Google-Naive-Ratio,Average-Ratio,Total P-NN-RMSE - No Google,TotalNaive-RMSE
0,SaoPaulo_2016-2017.csv,67.15209595289603,117.10737649699026,1.7439124547822817,0.776820750058329,1777.8869945899123,2288.6708348823286
1,tolima_2016-2017.csv,54.45930890610541,71.94304745342738,1.3210422405004458,0.776820750058329,1777.8869945899123,2288.6708348823286
2,santander_norte_2016-2017.csv,165.42693682883518,40.78855748662667,0.24656539175859848,0.776820750058329,1777.8869945899123,2288.6708348823286
3,santander_2016-2017.csv,66.52880303036467,70.87901131908173,1.0653883444548304,0.776820750058329,1777.8869945899123,2288.6708348823286
4,MinasGerais_2016-2017.csv,219.60331450736328,234.05472933155696,1.0658069066790388,0.776820750058329,1777.8869945899123,2288.6708348823286
5,MatoGrosso_2016-2017.csv,242.69168331016576,116.79133504636245,0.4812333634733595,0.776820750058329,1777.8869945899123,2288.6708348823286
6,valle_cauca_2016-2017.csv,166.8083343486268,164.2405740949036,0.9846065230268612,0.776820750058329,1777.8869945899123,2288.6708348823286
7,Bahia_2016-2017.csv,613.2738695557917,504.16147287094367,0.8220821037689399,0.776820750058329,1777.8869945899123,2288.6708348823286
8,RioDeJaneiro_2016-2017.csv,692.7264884421796,457.9208904900197,0.6610414039743211,0.776820750058329,1777.8869945899123,2288.6708348823286
