,File,NaiveRMSE,H-LSTM-RMSE - No Google,H-LSTM - No Google-Naive-Ratio,Average-Ratio,Total H-LSTM-RMSE - No Google,TotalNaive-RMSE
0,SaoPaulo_2016-2017.csv,26.394997414214608,120.33616135282428,4.559051833360633,0.8136604075611119,714.0334853183019,877.5571217217827
1,huila_2016-2017.csv,59.602097278535425,99.98897539143852,1.677608338581865,0.8136604075611119,714.0334853183019,877.5571217217827
2,tolima_2016-2017.csv,124.83905638861582,79.2577268032519,0.6348792525035417,0.8136604075611119,714.0334853183019,877.5571217217827
3,santander_norte_2016-2017.csv,96.52642125345785,76.88246129797079,0.7964913678514383,0.8136604075611119,714.0334853183019,877.5571217217827
4,santander_2016-2017.csv,49.70010060351991,50.81365740793942,1.022405524151809,0.8136604075611119,714.0334853183019,877.5571217217827
5,MinasGerais_2016-2017.csv,86.68787754174761,88.5721313455413,1.021736070339088,0.8136604075611119,714.0334853183019,877.5571217217827
6,MatoGrosso_2016-2017.csv,90.72776124509527,63.32935407260039,0.6980151742256725,0.8136604075611119,714.0334853183019,877.5571217217827
7,valle_cauca_2016-2017.csv,100.06008195079595,92.22383282564186,0.921684562191269,0.8136604075611119,714.0334853183019,877.5571217217827
8,Bahia_2016-2017.csv,243.01872804580026,42.629184821093524,0.17541522484250457,0.8136604075611119,714.0334853183019,877.5571217217827
