,File,NaiveRMSE,GRURMSE,NaiveRelativeRMSE,GRURelativeRMSE,GRU-Naive-Ratio,Average-Ratio,TotalGRU-RMSE,TotalNaive-RMSE
0,SaoPaulo_2016-2017.csv,75.17820752450764,77.29825807658979,1.5678963942974073,1.6121115960931434,1.0282003338719006,0.7377187889736488,1526.356635920561,2069.022314104409
1,MinasGerais_2016-2017.csv,261.7136429914097,270.46520617625765,2.292830867970262,2.3695018965947425,1.0334394611026647,0.7377187889736488,1526.356635920561,2069.022314104409
2,MatoGrosso_2016-2017.csv,301.1308582899351,172.78301356708906,3.046802258696537,1.7481957146143359,0.5737804971177347,0.7377187889736488,1526.356635920561,2069.022314104409
3,Bahia_2016-2017.csv,755.8034367820421,684.387785478023,2.0432243629736653,1.8501606753258892,0.9055102850443721,0.7377187889736488,1526.356635920561,2069.022314104409
4,RioDeJaneiro_2016-2017.csv,675.1961685165145,321.4223726226015,1.40046248013732,0.6666802836332452,0.47604294516185464,0.7377187889736488,1526.356635920561,2069.022314104409
