,File,NaiveRMSE,GRURMSE,NaiveRelativeRMSE,GRURelativeRMSE,GRU-Naive-Ratio,Average-Ratio
0,MinasGerais_2016-2017.csv,261.7136429914097,345.8510683216121,2.292830867970262,3.0299452336701926,1.3214865849884794,0.7156764072072995
1,MatoGrosso_2016-2017.csv,301.1308582899351,164.04721356421348,3.046802258696537,1.6598080437810272,0.5447705176938904,0.7156764072072995
2,Bahia_2016-2017.csv,755.8034367820421,508.6852211662217,2.0432243629736653,1.3751697682094564,0.6730390421774648,0.7156764072072995
3,SaoPaulo_2016-2017.csv,670.5697915659672,595.8292932545168,1.4464790469200057,1.2852571038446925,0.8885418054146004,0.7156764072072995
4,RioDeJaneiro_2016-2017.csv,675.1961685165145,292.44536963166695,1.40046248013732,0.6065774463129558,0.4331265242132577,0.7156764072072995
