,File,NaiveRMSE,H-LSTM-RMSE - No Google,H-LSTM - No Google-Naive-Ratio,Average-Ratio,Total H-LSTM-RMSE - No Google,TotalNaive-RMSE
0,SaoPaulo_2016-2017.csv,26.394997414214608,52.73261498955826,1.9978261093202436,0.6641938473682198,736.7944552448436,1109.3063541077563
1,tolima_2016-2017.csv,124.83905638861582,50.982206342277976,0.40838346441496404,0.6641938473682198,736.7944552448436,1109.3063541077563
2,santander_norte_2016-2017.csv,96.52642125345785,47.87349478268604,0.4959625992657536,0.6641938473682198,736.7944552448436,1109.3063541077563
3,santander_2016-2017.csv,49.70010060351991,46.33931977438059,0.9323787922292195,0.6641938473682198,736.7944552448436,1109.3063541077563
4,MinasGerais_2016-2017.csv,86.68787754174761,67.34671820662648,0.7768873816779432,0.6641938473682198,736.7944552448436,1109.3063541077563
5,MatoGrosso_2016-2017.csv,90.72776124509527,59.839933594811825,0.6595548349656514,0.6641938473682198,736.7944552448436,1109.3063541077563
6,valle_cauca_2016-2017.csv,100.06008195079595,89.48496791289219,0.894312358817535,0.6641938473682198,736.7944552448436,1109.3063541077563
7,Bahia_2016-2017.csv,243.01872804580026,73.38463828536969,0.30197112327713005,0.6641938473682198,736.7944552448436,1109.3063541077563
8,RioDeJaneiro_2016-2017.csv,291.35132966450914,248.81056135624053,0.8539880756430586,0.6641938473682198,736.7944552448436,1109.3063541077563
