,File,NaiveRMSE,H-LSTM-RMSE,H-LSTM-Naive-Ratio,Average-Ratio,Total H-LSTM-RMSE,TotalNaive-RMSE
0,SaoPaulo_2016-2017.csv,26.813275046063428,106.49908963173358,3.9718792071753715,1.0765524599725538,1405.3886108413433,1305.4529742815998
1,tolima_2016-2017.csv,154.0609197372626,137.07711598181754,0.8897591693960452,1.0765524599725538,1405.3886108413433,1305.4529742815998
2,santander_norte_2016-2017.csv,214.63475410544052,192.72880834109012,0.8979384962344495,1.0765524599725538,1405.3886108413433,1305.4529742815998
3,santander_2016-2017.csv,52.17920948915018,50.94814099506505,0.9764069155869234,1.0765524599725538,1405.3886108413433,1305.4529742815998
4,MinasGerais_2016-2017.csv,92.60997448261274,100.8706039625582,1.0891980537312034,1.0765524599725538,1405.3886108413433,1305.4529742815998
5,MatoGrosso_2016-2017.csv,97.03712262175127,103.72476441614597,1.0689183851881408,1.0765524599725538,1405.3886108413433,1305.4529742815998
6,valle_cauca_2016-2017.csv,107.02671837724421,104.54006217692977,0.9767660240543903,1.0765524599725538,1405.3886108413433,1305.4529742815998
7,Bahia_2016-2017.csv,270.4808434371977,296.5658529936821,1.0964393974264615,1.0765524599725538,1405.3886108413433,1305.4529742815998
8,RioDeJaneiro_2016-2017.csv,290.6101569848774,312.4341723423211,1.0750972215970394,1.0765524599725538,1405.3886108413433,1305.4529742815998
