,File,NaiveRMSE,P-NN-RMSE - No Google,P-NN - No Google-Naive-Ratio,Average-Ratio,Total P-NN-RMSE - No Google,TotalNaive-RMSE
0,SaoPaulo_2016-2017.csv,49.0806253593854,40.42777921029928,0.823701387549018,0.6382601418652476,1130.4931676894648,1771.210660884633
1,huila_2016-2017.csv,90.44028109445726,14.16096800618494,0.1565781069543006,0.6382601418652476,1130.4931676894648,1771.210660884633
2,tolima_2016-2017.csv,131.52827402762824,25.643710712695388,0.19496728670908267,0.6382601418652476,1130.4931676894648,1771.210660884633
3,santander_norte_2016-2017.csv,132.83003493870723,38.09592084343869,0.28680200875515527,0.6382601418652476,1130.4931676894648,1771.210660884633
4,santander_2016-2017.csv,56.64696627250914,57.699992595041515,1.018589280094306,0.6382601418652476,1130.4931676894648,1771.210660884633
5,MinasGerais_2016-2017.csv,160.97848418309562,154.43825985206712,0.9593720591654367,0.6382601418652476,1130.4931676894648,1771.210660884633
6,MatoGrosso_2016-2017.csv,171.58162382403037,95.38693528794711,0.5559274540132192,0.6382601418652476,1130.4931676894648,1771.210660884633
7,Bahia_2016-2017.csv,449.9565305209188,262.6731630136762,0.5837745319744043,0.6382601418652476,1130.4931676894648,1771.210660884633
8,RioDeJaneiro_2016-2017.csv,528.1678406639006,441.9664381681145,0.836791648678511,0.6382601418652476,1130.4931676894648,1771.210660884633
