,File,NaiveRMSE,H-LSTM-RMSE - No Google,H-LSTM - No Google-Naive-Ratio,Average-Ratio,Total H-LSTM-RMSE - No Google,TotalNaive-RMSE
0,SaoPaulo_2016-2017.csv,49.0806253593854,120.67248874237616,2.4586583373534925,0.8544989792373435,1250.0169783499955,1462.865385123876
1,huila_2016-2017.csv,90.44028109445726,60.99092642583442,0.6743778954217814,0.8544989792373435,1250.0169783499955,1462.865385123876
2,tolima_2016-2017.csv,131.52827402762824,63.994808792872156,0.48654792489278537,0.8544989792373435,1250.0169783499955,1462.865385123876
3,santander_norte_2016-2017.csv,132.83003493870723,67.41477217214928,0.5075265711046225,0.8544989792373435,1250.0169783499955,1462.865385123876
4,santander_2016-2017.csv,56.64696627250914,60.48222322570581,1.0677045428125236,0.8544989792373435,1250.0169783499955,1462.865385123876
5,MinasGerais_2016-2017.csv,160.97848418309562,198.78986068922745,1.2348846598848917,0.8544989792373435,1250.0169783499955,1462.865385123876
6,MatoGrosso_2016-2017.csv,171.58162382403037,124.92126530364199,0.7280573672140903,0.8544989792373435,1250.0169783499955,1462.865385123876
7,valle_cauca_2016-2017.csv,141.6112547601619,147.86122833359514,1.0441347235007445,0.8544989792373435,1250.0169783499955,1462.865385123876
8,RioDeJaneiro_2016-2017.csv,528.1678406639006,404.889404664593,0.7665923092849649,0.8544989792373435,1250.0169783499955,1462.865385123876
