,File,NaiveRMSE,P-LSTM-RMSE,P-LSTM-Naive-Ratio,Average-Ratio,Total P-LSTM-RMSE,TotalNaive-RMSE
0,huila_2016-2017.csv,59.602097278535425,127.98497947921821,2.1473234218774646,3.511745428782998,4012.2163993095164,1142.5134539720773
1,tolima_2016-2017.csv,124.83905638861582,138.33205029827568,1.1080831135703,3.511745428782998,4012.2163993095164,1142.5134539720773
2,santander_norte_2016-2017.csv,96.52642125345785,168.10281957381304,1.7415213098226316,3.511745428782998,4012.2163993095164,1142.5134539720773
3,santander_2016-2017.csv,49.70010060351991,173.85276648234304,3.4980365104136286,3.511745428782998,4012.2163993095164,1142.5134539720773
4,MinasGerais_2016-2017.csv,86.68787754174761,225.20686855198753,2.597904977469672,3.511745428782998,4012.2163993095164,1142.5134539720773
5,MatoGrosso_2016-2017.csv,90.72776124509527,475.3639721861712,5.23945444770764,3.511745428782998,4012.2163993095164,1142.5134539720773
6,valle_cauca_2016-2017.csv,100.06008195079595,445.61132405575404,4.453437528412991,3.511745428782998,4012.2163993095164,1142.5134539720773
7,Bahia_2016-2017.csv,243.01872804580026,1098.6858947580045,4.520992697118149,3.511745428782998,4012.2163993095164,1142.5134539720773
8,RioDeJaneiro_2016-2017.csv,291.35132966450914,1159.0757239239495,3.9782750442863066,3.511745428782998,4012.2163993095164,1142.5134539720773
