,File,NaiveRMSE,LSTMRMSE,NaiveRelativeRMSE,LSTMRelativeRMSE,LSTM-Naive-Ratio,Average-Ratio,TotalLSTM-RMSE,TotalNaive-RMSE
0,SaoPaulo_2016-2017.csv,55.64715680613036,73.44124060697335,1.082331733557349,1.4284249155383815,1.3197662705901752,0.8993182040125506,1337.7167541436343,1487.4787902380385
1,MinasGerais_2016-2017.csv,174.1332068773034,318.1506745271199,1.3289537065104098,2.4280694401930982,1.8270534393321842,0.8993182040125506,1337.7167541436343,1487.4787902380385
2,MatoGrosso_2016-2017.csv,193.51545758215883,165.96136889340747,1.34159876054858,1.1505725154374886,0.8576129833088243,0.8993182040125506,1337.7167541436343,1487.4787902380385
3,Bahia_2016-2017.csv,496.73277981773515,470.47864860553926,1.122982923476417,1.0636291980532162,0.9471463686736574,0.8993182040125506,1337.7167541436343,1487.4787902380385
4,RioDeJaneiro_2016-2017.csv,567.4501891547109,309.68482151059413,1.0147498911926514,0.5537977516581857,0.5457480276320095,0.8993182040125506,1337.7167541436343,1487.4787902380385
