,File,NaiveRMSE,LSTMRMSE,LSTM-Naive-Ratio,Average-Ratio,TotalLSTM-RMSE,TotalNaive-RMSE
0,SaoPaulo_2016-2017.csv,49.080625359385415,74.2759001393501,1.5133446160369008,0.8648304392962352,1175.9662527088185,1359.7651045513308
1,MinasGerais_2016-2017.csv,160.9784841830956,153.7749663603815,0.9552516731706775,0.8648304392962352,1175.9662527088185,1359.7651045513308
2,MatoGrosso_2016-2017.csv,171.58162382403037,123.2734624476524,0.7184537580439176,0.8648304392962352,1175.9662527088185,1359.7651045513308
3,Bahia_2016-2017.csv,449.95653052091876,402.0502485918086,0.8935313109609753,0.8648304392962352,1175.9662527088185,1359.7651045513308
4,RioDeJaneiro_2016-2017.csv,528.1678406639006,422.59167516962594,0.8001086825703612,0.8648304392962352,1175.9662527088185,1359.7651045513308
