,File,NaiveRMSE,NNRMSE,NN-Naive-Ratio,Average-Ratio,TotalNN-RMSE,TotalNaive-RMSE
0,SaoPaulo_2016-2017.csv,49.0806253593854,117.16844737360394,2.38726476110799,0.8843628153448065,1539.8881666664238,1741.2402918207645
1,huila_2016-2017.csv,90.44028109445726,25.620843442512626,0.28329017924826894,0.8843628153448065,1539.8881666664238,1741.2402918207645
2,tolima_2016-2017.csv,131.52827402762824,48.27442830529751,0.3670270036019571,0.8843628153448065,1539.8881666664238,1741.2402918207645
3,santander_norte_2016-2017.csv,132.83003493870723,68.31015678306228,0.5142674005512621,0.8843628153448065,1539.8881666664238,1741.2402918207645
4,santander_2016-2017.csv,56.64696627250914,60.02822564084721,1.059690034450777,0.8843628153448065,1539.8881666664238,1741.2402918207645
5,MinasGerais_2016-2017.csv,160.97848418309562,195.1281889468606,1.2121383173475742,0.8843628153448065,1539.8881666664238,1741.2402918207645
6,valle_cauca_2016-2017.csv,141.6112547601619,153.32919024672773,1.082747204707788,0.8843628153448065,1539.8881666664238,1741.2402918207645
7,Bahia_2016-2017.csv,449.9565305209188,385.6220270907293,0.857020625179706,0.8843628153448065,1539.8881666664238,1741.2402918207645
8,RioDeJaneiro_2016-2017.csv,528.1678406639006,486.40665883678247,0.9209319867437881,0.8843628153448065,1539.8881666664238,1741.2402918207645
