,File,NaiveRMSE,P-LSTM-RMSE - No Google,P-LSTM - No Google-Naive-Ratio,Average-Ratio,Total P-LSTM-RMSE - No Google,TotalNaive-RMSE
0,SaoPaulo_2016-2017.csv,49.0806253593854,78.85935289445791,1.6067308090926373,1.9726959507618018,3455.854443613154,1751.8434314616993
1,huila_2016-2017.csv,90.44028109445726,93.95013947483316,1.0388085744305697,1.9726959507618018,3455.854443613154,1751.8434314616993
2,tolima_2016-2017.csv,131.52827402762824,118.35446761101824,0.8998404980677935,1.9726959507618018,3455.854443613154,1751.8434314616993
3,santander_norte_2016-2017.csv,132.83003493870723,122.67240001040459,0.9235290803545316,1.9726959507618018,3455.854443613154,1751.8434314616993
4,santander_2016-2017.csv,56.64696627250914,160.6545209872607,2.836065751772246,1.9726959507618018,3455.854443613154,1751.8434314616993
5,MatoGrosso_2016-2017.csv,171.58162382403037,410.8461271317336,2.394464616753404,1.9726959507618018,3455.854443613154,1751.8434314616993
6,valle_cauca_2016-2017.csv,141.6112547601619,420.10078783718274,2.966577681616345,1.9726959507618018,3455.854443613154,1751.8434314616993
7,Bahia_2016-2017.csv,449.9565305209188,1014.2670743879634,2.254144579730262,1.9726959507618018,3455.854443613154,1751.8434314616993
8,RioDeJaneiro_2016-2017.csv,528.1678406639006,1036.1495732783,1.9617808838491047,1.9726959507618018,3455.854443613154,1751.8434314616993
