,File,NaiveRMSE,H-LSTM-RMSE - No Google,H-LSTM - No Google-Naive-Ratio,Average-Ratio,Total H-LSTM-RMSE - No Google,TotalNaive-RMSE
0,huila_2016-2017.csv,90.44028109445726,26.67806278627964,0.29497987471331105,0.7030064037515407,1310.222062006802,1863.7412902854094
1,tolima_2016-2017.csv,131.52827402762824,59.80064790834892,0.45466002158431323,0.7030064037515407,1310.222062006802,1863.7412902854094
2,santander_norte_2016-2017.csv,132.83003493870723,61.26648873875617,0.4612397246377812,0.7030064037515407,1310.222062006802,1863.7412902854094
3,santander_2016-2017.csv,56.64696627250914,57.919913109973294,1.0224715800549748,0.7030064037515407,1310.222062006802,1863.7412902854094
4,MinasGerais_2016-2017.csv,160.97848418309562,165.26345900083228,1.026618307654475,0.7030064037515407,1310.222062006802,1863.7412902854094
5,MatoGrosso_2016-2017.csv,171.58162382403037,117.41771165765336,0.6843256815081427,0.7030064037515407,1310.222062006802,1863.7412902854094
6,valle_cauca_2016-2017.csv,141.6112547601619,137.89456009778502,0.9737542424246461,0.7030064037515407,1310.222062006802,1863.7412902854094
7,Bahia_2016-2017.csv,449.9565305209188,261.5113724432508,0.5811925257324229,0.7030064037515407,1310.222062006802,1863.7412902854094
8,RioDeJaneiro_2016-2017.csv,528.1678406639006,422.4698462639225,0.7998780193297702,0.7030064037515407,1310.222062006802,1863.7412902854094
