,File,NaiveRMSE,GRURMSE,GRU-Naive-Ratio,Average-Ratio,TotalGRU-RMSE,TotalNaive-RMSE
0,SaoPaulo_2016-2017.csv,67.15209595289602,116.73256184083044,1.7383308768606827,0.8246345527993352,1513.5733885757106,1835.4474517683961
1,MinasGerais_2016-2017.csv,219.60331450736334,212.28618414469346,0.9666802371399339,0.8246345527993352,1513.5733885757106,1835.4474517683961
2,MatoGrosso_2016-2017.csv,242.69168331016567,184.03384523677096,0.7583030564816322,0.8246345527993352,1513.5733885757106,1835.4474517683961
3,Bahia_2016-2017.csv,613.2738695557919,548.8735037493211,0.8949892225913402,0.8246345527993352,1513.5733885757106,1835.4474517683961
4,RioDeJaneiro_2016-2017.csv,692.7264884421793,451.6472936040947,0.6519850202635826,0.8246345527993352,1513.5733885757106,1835.4474517683961
