,File,NaiveRMSE,GRURMSE,NaiveRelativeRMSE,GRURelativeRMSE,GRU-Naive-Ratio,Average-Ratio,TotalGRU-RMSE,TotalNaive-RMSE
0,SaoPaulo_2016-2017.csv,65.22637190459649,74.32140667661487,1.3122940765038915,1.4952777364623808,1.139437998871396,0.7537605819394141,1337.2953708458742,1774.1646391285603
1,MinasGerais_2016-2017.csv,216.43948581626267,317.1406006834302,1.764207736005468,2.585026937284884,1.465262216306749,0.7537605819394141,1337.2953708458742,1774.1646391285603
2,MatoGrosso_2016-2017.csv,246.57370467414947,174.69742239575348,2.0248217745991828,1.4345858383428727,0.7084998079037605,0.7537605819394141,1337.2953708458742,1774.1646391285603
3,Bahia_2016-2017.csv,624.3092182564662,518.3060871916996,1.535854588541362,1.275077732322185,0.8302073268102529,0.7537605819394141,1337.2953708458742,1774.1646391285603
4,RioDeJaneiro_2016-2017.csv,621.6158584770856,252.82985389837611,1.1929804584590786,0.4852210105365984,0.40673005755964975,0.7537605819394141,1337.2953708458742,1774.1646391285603
