,File,NaiveRMSE,H-LSTM-RMSE - No Google,H-LSTM - No Google-Naive-Ratio,Average-Ratio,Total H-LSTM-RMSE - No Google,TotalNaive-RMSE
0,SaoPaulo_2016-2017.csv,80.94359268557656,111.92241077970797,1.3827210661931932,0.5862867155160845,1576.4138256590848,2688.8104129588396
1,huila_2016-2017.csv,120.99953139553122,29.108104719671584,0.240563780569704,0.5862867155160845,1576.4138256590848,2688.8104129588396
2,tolima_2016-2017.csv,119.19558560981183,50.054069531141494,0.4199322422475786,0.5862867155160845,1576.4138256590848,2688.8104129588396
3,santander_2016-2017.csv,77.58885827124311,76.36072662849138,0.9841712886345317,0.5862867155160845,1576.4138256590848,2688.8104129588396
4,MinasGerais_2016-2017.csv,259.48555288548124,180.13817379075581,0.6942127289462477,0.5862867155160845,1576.4138256590848,2688.8104129588396
5,MatoGrosso_2016-2017.csv,310.24237797643605,95.566169771255,0.30803712373076764,0.5862867155160845,1576.4138256590848,2688.8104129588396
6,valle_cauca_2016-2017.csv,189.1969736686103,154.0339799338069,0.8141461089309311,0.5862867155160845,1576.4138256590848,2688.8104129588396
7,Bahia_2016-2017.csv,736.2269290641273,360.54990062737073,0.4897265861840893,0.5862867155160845,1576.4138256590848,2688.8104129588396
8,RioDeJaneiro_2016-2017.csv,794.9310114020219,518.680289876884,0.6524846589669288,0.5862867155160845,1576.4138256590848,2688.8104129588396
