,File,NaiveRMSE,H-LSTM-RMSE,H-LSTM-Naive-Ratio,Average-Ratio,Total H-LSTM-RMSE,TotalNaive-RMSE
0,SaoPaulo_2016-2017.csv,91.24688932861062,96.92415092087609,1.0622186864016783,0.561932137193917,1723.0714958398298,3066.333782659623
1,huila_2016-2017.csv,136.82185041140175,20.725717300212544,0.15147958632260547,0.561932137193917,1723.0714958398298,3066.333782659623
2,santander_norte_2016-2017.csv,212.29720715701058,34.406827805469355,0.16206914950144768,0.561932137193917,1723.0714958398298,3066.333782659623
3,santander_2016-2017.csv,93.07495859073302,92.20222914515553,0.990623370036456,0.561932137193917,1723.0714958398298,3066.333782659623
4,MinasGerais_2016-2017.csv,279.707734308023,201.8566729522745,0.7216699725935484,0.561932137193917,1723.0714958398298,3066.333782659623
5,MatoGrosso_2016-2017.csv,370.81222649650175,123.75326843681965,0.3337356742685159,0.561932137193917,1723.0714958398298,3066.333782659623
6,valle_cauca_2016-2017.csv,211.5345470208905,195.01182017194967,0.9218911185825873,0.561932137193917,1723.0714958398298,3066.333782659623
7,Bahia_2016-2017.csv,819.9580825630521,493.7919528054044,0.6022160928786666,0.561932137193917,1723.0714958398298,3066.333782659623
8,RioDeJaneiro_2016-2017.csv,850.8802867833996,464.39885630166816,0.5457863620947723,0.561932137193917,1723.0714958398298,3066.333782659623
