,File,NaiveRMSE,P-NN-RMSE - No Google,P-NN - No Google-Naive-Ratio,Average-Ratio,Total P-NN-RMSE - No Google,TotalNaive-RMSE
0,SaoPaulo_2016-2017.csv,67.15209595289603,60.00345254216251,0.8935454908846338,0.5906754357558972,1317.949611466216,2231.2585418075055
1,huila_2016-2017.csv,108.014643754012,14.625432691886001,0.13540231383064452,0.5906754357558972,1317.949611466216,2231.2585418075055
2,tolima_2016-2017.csv,54.45930890610541,36.46108213294817,0.6695105550423269,0.5906754357558972,1317.949611466216,2231.2585418075055
3,santander_2016-2017.csv,66.52880303036467,60.97016893866899,0.9164477062790587,0.5906754357558972,1317.949611466216,2231.2585418075055
4,MinasGerais_2016-2017.csv,219.60331450736328,180.57396329133888,0.8222733964485962,0.5906754357558972,1317.949611466216,2231.2585418075055
5,MatoGrosso_2016-2017.csv,242.69168331016576,92.29272379447791,0.38028795439407626,0.5906754357558972,1317.949611466216,2231.2585418075055
6,valle_cauca_2016-2017.csv,166.8083343486268,151.06550679682758,0.9056232554969528,0.5906754357558972,1317.949611466216,2231.2585418075055
7,Bahia_2016-2017.csv,613.2738695557917,323.32185304319904,0.5272063087856466,0.5906754357558972,1317.949611466216,2231.2585418075055
8,RioDeJaneiro_2016-2017.csv,692.7264884421796,398.6354282347071,0.5754586187849814,0.5906754357558972,1317.949611466216,2231.2585418075055
