,File,NaiveRMSE,P-NN-RMSE - No Google,P-NN - No Google-Naive-Ratio,Average-Ratio,Total P-NN-RMSE - No Google,TotalNaive-RMSE
0,SaoPaulo_2016-2017.csv,49.0806253593854,41.574486193979176,0.8470651278290839,0.6440591756869655,1128.290836399847,1751.8434314616993
1,huila_2016-2017.csv,90.44028109445726,14.917480844752893,0.16494288456680978,0.6440591756869655,1128.290836399847,1751.8434314616993
2,tolima_2016-2017.csv,131.52827402762824,28.04466236386909,0.21322154929196557,0.6440591756869655,1128.290836399847,1751.8434314616993
3,santander_norte_2016-2017.csv,132.83003493870723,46.9442456855313,0.35341589503603715,0.6440591756869655,1128.290836399847,1751.8434314616993
4,santander_2016-2017.csv,56.64696627250914,52.23991086057289,0.9222013869068395,0.6440591756869655,1128.290836399847,1751.8434314616993
5,MatoGrosso_2016-2017.csv,171.58162382403037,103.98116591715213,0.606015746906513,0.6440591756869655,1128.290836399847,1751.8434314616993
6,valle_cauca_2016-2017.csv,141.6112547601619,137.42915100105338,0.9704677162405525,0.6440591756869655,1128.290836399847,1751.8434314616993
7,Bahia_2016-2017.csv,449.9565305209188,253.30988383067083,0.5629652347470357,0.6440591756869655,1128.290836399847,1751.8434314616993
8,RioDeJaneiro_2016-2017.csv,528.1678406639006,449.8498497022653,0.8517176076771533,0.6440591756869655,1128.290836399847,1751.8434314616993
