,File,NaiveRMSE,P-LSTM-RMSE - No Google,P-LSTM - No Google-Naive-Ratio,Average-Ratio,Total P-LSTM-RMSE - No Google,TotalNaive-RMSE
0,huila_2016-2017.csv,108.014643754012,80.49491892160896,0.7452222784248097,1.6115506556390613,3754.161050196585,2329.5333826834444
1,tolima_2016-2017.csv,54.45930890610541,126.31845303482838,2.3195015796586222,1.6115506556390613,3754.161050196585,2329.5333826834444
2,santander_norte_2016-2017.csv,165.42693682883518,96.67182093344184,0.5843777487910977,1.6115506556390613,3754.161050196585,2329.5333826834444
3,santander_2016-2017.csv,66.52880303036467,179.75238210317775,2.701873082266883,1.6115506556390613,3754.161050196585,2329.5333826834444
4,MinasGerais_2016-2017.csv,219.60331450736328,290.9018220170446,1.3246695418492451,1.6115506556390613,3754.161050196585,2329.5333826834444
5,MatoGrosso_2016-2017.csv,242.69168331016576,356.0467420055873,1.467074343666532,1.6115506556390613,3754.161050196585,2329.5333826834444
6,valle_cauca_2016-2017.csv,166.8083343486268,459.1039835260941,2.752284442614084,1.6115506556390613,3754.161050196585,2329.5333826834444
7,Bahia_2016-2017.csv,613.2738695557917,1053.6362992917072,1.7180518388218302,1.6115506556390613,3754.161050196585,2329.5333826834444
8,RioDeJaneiro_2016-2017.csv,692.7264884421796,1111.234628363095,1.6041462928060781,1.6115506556390613,3754.161050196585,2329.5333826834444
