,File,NaiveRMSE,NNRMSE,NN-Naive-Ratio,Average-Ratio,TotalNN-RMSE,TotalNaive-RMSE
0,SaoPaulo_2016-2017.csv,49.0806253593854,103.12966674637578,2.1012296805760826,0.8408122115052259,1560.6945641223122,1856.1749493722855
1,huila_2016-2017.csv,90.44028109445726,23.8276319046369,0.26346260334762717,0.8408122115052259,1560.6945641223122,1856.1749493722855
2,tolima_2016-2017.csv,131.52827402762824,50.101361370615486,0.3809170441945541,0.8408122115052259,1560.6945641223122,1856.1749493722855
3,santander_norte_2016-2017.csv,132.83003493870723,68.09597074468515,0.5126549185664763,0.8408122115052259,1560.6945641223122,1856.1749493722855
4,MinasGerais_2016-2017.csv,160.97848418309562,217.75872884164716,1.3527194640121605,0.8408122115052259,1560.6945641223122,1856.1749493722855
5,MatoGrosso_2016-2017.csv,171.58162382403037,120.7502135354213,0.7037479354972159,0.8408122115052259,1560.6945641223122,1856.1749493722855
6,valle_cauca_2016-2017.csv,141.6112547601619,146.17660240579724,1.0322385932768365,0.8408122115052259,1560.6945641223122,1856.1749493722855
7,Bahia_2016-2017.csv,449.9565305209188,331.9553946177355,0.7377499204943814,0.8408122115052259,1560.6945641223122,1856.1749493722855
8,RioDeJaneiro_2016-2017.csv,528.1678406639006,498.89899395539754,0.9445841937825815,0.8408122115052259,1560.6945641223122,1856.1749493722855
