,File,NaiveRMSE,P-LSTM-RMSE - No Google,P-LSTM - No Google-Naive-Ratio,Average-Ratio,Total P-LSTM-RMSE - No Google,TotalNaive-RMSE
0,SaoPaulo_2016-2017.csv,26.394997414214608,67.71967601259733,2.5656254080982777,3.3920000504517853,3637.5199003141606,1072.382030132834
1,huila_2016-2017.csv,59.602097278535425,124.15184641261574,2.0830113717714207,3.3920000504517853,3637.5199003141606,1072.382030132834
2,tolima_2016-2017.csv,124.83905638861582,131.64284122575046,1.0545004506919284,3.3920000504517853,3637.5199003141606,1072.382030132834
3,santander_2016-2017.csv,49.70010060351991,162.9474430025871,3.27861394693126,3.3920000504517853,3637.5199003141606,1072.382030132834
4,MinasGerais_2016-2017.csv,86.68787754174761,167.02871874383655,1.9267828845318997,3.3920000504517853,3637.5199003141606,1072.382030132834
5,MatoGrosso_2016-2017.csv,90.72776124509527,464.18993161696716,5.116294343062072,3.3920000504517853,3637.5199003141606,1072.382030132834
6,valle_cauca_2016-2017.csv,100.06008195079595,418.7930936926143,4.1854162571898925,3.3920000504517853,3637.5199003141606,1072.382030132834
7,Bahia_2016-2017.csv,243.01872804580026,1035.0028250394691,4.258942647598783,3.3920000504517853,3637.5199003141606,1072.382030132834
8,RioDeJaneiro_2016-2017.csv,291.35132966450914,1066.0435245677227,3.658962276902155,3.3920000504517853,3637.5199003141606,1072.382030132834
