,File,NaiveRMSE,P-NN-RMSE - No Google,P-NN - No Google-Naive-Ratio,Average-Ratio,Total P-NN-RMSE - No Google,TotalNaive-RMSE
0,SaoPaulo_2016-2017.csv,49.0806253593854,41.8475842184836,0.8526294013587039,0.665647458382552,1185.7135851754674,1781.2936416171665
1,huila_2016-2017.csv,90.44028109445726,14.320335288347808,0.15834023418604176,0.665647458382552,1185.7135851754674,1781.2936416171665
2,santander_norte_2016-2017.csv,132.83003493870723,39.0740480855708,0.2941657592998529,0.665647458382552,1185.7135851754674,1781.2936416171665
3,santander_2016-2017.csv,56.64696627250914,51.70476871849735,0.9127544177699372,0.665647458382552,1185.7135851754674,1781.2936416171665
4,MinasGerais_2016-2017.csv,160.97848418309562,142.35947315403894,0.884338511922627,0.665647458382552,1185.7135851754674,1781.2936416171665
5,MatoGrosso_2016-2017.csv,171.58162382403037,80.38261985913374,0.46848035394263465,0.665647458382552,1185.7135851754674,1781.2936416171665
6,valle_cauca_2016-2017.csv,141.6112547601619,139.8217047170826,0.9873629391526109,0.665647458382552,1185.7135851754674,1781.2936416171665
7,Bahia_2016-2017.csv,449.9565305209188,227.66781356949818,0.5059773514253145,0.665647458382552,1185.7135851754674,1781.2936416171665
8,RioDeJaneiro_2016-2017.csv,528.1678406639006,448.53523756481434,0.8492286031671503,0.665647458382552,1185.7135851754674,1781.2936416171665
