,File,NaiveRMSE,NNRMSE,NN-Naive-Ratio,Average-Ratio,TotalNN-RMSE,TotalNaive-RMSE
0,SaoPaulo_2016-2017.csv,91.24688932861062,65.82872025042955,0.7214352262832575,0.5030206136423856,1539.6470218713757,3060.803036922783
1,tolima_2016-2017.csv,131.2911046745615,35.19275920951095,0.2680513603472618,0.5030206136423856,1539.6470218713757,3060.803036922783
2,santander_norte_2016-2017.csv,212.29720715701058,36.92561484658078,0.17393358745068824,0.5030206136423856,1539.6470218713757,3060.803036922783
3,santander_2016-2017.csv,93.07495859073302,83.47803604260163,0.8968903914281526,0.5030206136423856,1539.6470218713757,3060.803036922783
4,MinasGerais_2016-2017.csv,279.707734308023,185.82475713576196,0.6643533029055458,0.5030206136423856,1539.6470218713757,3060.803036922783
5,MatoGrosso_2016-2017.csv,370.81222649650175,86.4002794291765,0.23300277945390674,0.5030206136423856,1539.6470218713757,3060.803036922783
6,valle_cauca_2016-2017.csv,211.5345470208905,179.2189493175992,0.8472325293508681,0.5030206136423856,1539.6470218713757,3060.803036922783
7,Bahia_2016-2017.csv,819.9580825630521,377.9866030621716,0.46098283692825925,0.5030206136423856,1539.6470218713757,3060.803036922783
8,RioDeJaneiro_2016-2017.csv,850.8802867833996,488.79130257754366,0.5744536689471695,0.5030206136423856,1539.6470218713757,3060.803036922783
