,File,NaiveRMSE,NNRMSE,NN-Naive-Ratio,Average-Ratio,TotalNN-RMSE,TotalNaive-RMSE
0,SaoPaulo_2016-2017.csv,80.94359268557656,117.18933113562649,1.4477900874853138,0.6196976242973052,1664.8165413277106,2686.4981824248543
1,huila_2016-2017.csv,120.99953139553122,22.186682747687556,0.1833617245604222,0.6196976242973052,1664.8165413277106,2686.4981824248543
2,tolima_2016-2017.csv,119.19558560981183,34.375144517838265,0.28839276506737177,0.6196976242973052,1664.8165413277106,2686.4981824248543
3,santander_norte_2016-2017.csv,186.8847431346252,40.8780752447083,0.2187341489682824,0.6196976242973052,1664.8165413277106,2686.4981824248543
4,santander_2016-2017.csv,77.58885827124311,77.43739512920638,0.9980478751020252,0.6196976242973052,1664.8165413277106,2686.4981824248543
5,MinasGerais_2016-2017.csv,259.48555288548124,230.63881752079982,0.8888310541997213,0.6196976242973052,1664.8165413277106,2686.4981824248543
6,MatoGrosso_2016-2017.csv,310.24237797643605,110.14875958750119,0.3550409853932571,0.6196976242973052,1664.8165413277106,2686.4981824248543
7,Bahia_2016-2017.csv,736.2269290641273,482.35289566919363,0.6551687755870982,0.6196976242973052,1664.8165413277106,2686.4981824248543
8,RioDeJaneiro_2016-2017.csv,794.9310114020219,549.6094397751491,0.6913926263938319,0.6196976242973052,1664.8165413277106,2686.4981824248543
