,File,NaiveRMSE,P-NN-RMSE - No Google,P-NN - No Google-Naive-Ratio,Average-Ratio,Total P-NN-RMSE - No Google,TotalNaive-RMSE
0,SaoPaulo_2016-2017.csv,26.394997414214608,44.12034324669973,1.6715418666015638,0.7675480228219489,823.1047069382444,1072.382030132834
1,huila_2016-2017.csv,59.602097278535425,19.751706607022104,0.33139281181193114,0.7675480228219489,823.1047069382444,1072.382030132834
2,tolima_2016-2017.csv,124.83905638861582,37.94954389821119,0.3039877502764579,0.7675480228219489,823.1047069382444,1072.382030132834
3,santander_2016-2017.csv,49.70010060351991,50.12147389398321,1.0084783186622657,0.7675480228219489,823.1047069382444,1072.382030132834
4,MinasGerais_2016-2017.csv,86.68787754174761,103.03558121378536,1.1885811965365622,0.7675480228219489,823.1047069382444,1072.382030132834
5,MatoGrosso_2016-2017.csv,90.72776124509527,55.90542933781458,0.6161887890828655,0.7675480228219489,823.1047069382444,1072.382030132834
6,valle_cauca_2016-2017.csv,100.06008195079595,96.10408851038761,0.9604638197043085,0.7675480228219489,823.1047069382444,1072.382030132834
7,Bahia_2016-2017.csv,243.01872804580026,116.26415229965113,0.47841643001990997,0.7675480228219489,823.1047069382444,1072.382030132834
8,RioDeJaneiro_2016-2017.csv,291.35132966450914,299.8523879306895,1.029178031471383,0.7675480228219489,823.1047069382444,1072.382030132834
