,File,NaiveRMSE,NNRMSE,NN-Naive-Ratio,Average-Ratio,TotalNN-RMSE,TotalNaive-RMSE
0,SaoPaulo_2016-2017.csv,91.24688932861062,66.64960944037541,0.7304315788820793,0.5536551369214383,1316.40744034912,2377.6668047711323
1,huila_2016-2017.csv,136.82185041140175,14.360403591370611,0.10495694619091278,0.5536551369214383,1316.40744034912,2377.6668047711323
2,tolima_2016-2017.csv,131.2911046745615,32.40796884503573,0.24684055271960087,0.5536551369214383,1316.40744034912,2377.6668047711323
3,santander_norte_2016-2017.csv,212.29720715701058,37.456460731849724,0.1764340719948695,0.5536551369214383,1316.40744034912,2377.6668047711323
4,santander_2016-2017.csv,93.07495859073302,97.25559662046692,1.0449168937922058,0.5536551369214383,1316.40744034912,2377.6668047711323
5,MinasGerais_2016-2017.csv,279.707734308023,218.41563575996102,0.7808709197845591,0.5536551369214383,1316.40744034912,2377.6668047711323
6,MatoGrosso_2016-2017.csv,370.81222649650175,109.96338556689436,0.29654735661185583,0.5536551369214383,1316.40744034912,2377.6668047711323
7,valle_cauca_2016-2017.csv,211.5345470208905,187.90722002114256,0.888305114542758,0.5536551369214383,1316.40744034912,2377.6668047711323
8,RioDeJaneiro_2016-2017.csv,850.8802867833996,551.9911597720235,0.6487295197056769,0.5536551369214383,1316.40744034912,2377.6668047711323
