,File,NaiveRMSE,P-NN-RMSE - No Google,P-NN - No Google-Naive-Ratio,Average-Ratio,Total P-NN-RMSE - No Google,TotalNaive-RMSE
0,SaoPaulo_2016-2017.csv,26.394997414214608,120.01379201127337,4.546838559137037,1.0164499331266916,1061.2442667250132,1044.069394997676
1,huila_2016-2017.csv,59.602097278535425,54.4882835413439,0.9142007752966577,1.0164499331266916,1061.2442667250132,1044.069394997676
2,santander_norte_2016-2017.csv,96.52642125345785,52.91460149748576,0.5481877480834317,1.0164499331266916,1061.2442667250132,1044.069394997676
3,santander_2016-2017.csv,49.70010060351991,48.01092923900173,0.9660127173988348,1.0164499331266916,1061.2442667250132,1044.069394997676
4,MinasGerais_2016-2017.csv,86.68787754174761,112.95786290901373,1.3030410492472246,1.0164499331266916,1061.2442667250132,1044.069394997676
5,MatoGrosso_2016-2017.csv,90.72776124509527,68.61056957130141,0.7562246508646271,1.0164499331266916,1061.2442667250132,1044.069394997676
6,valle_cauca_2016-2017.csv,100.06008195079595,102.95288061803348,1.0289106166099289,1.0164499331266916,1061.2442667250132,1044.069394997676
7,Bahia_2016-2017.csv,243.01872804580026,189.57670813876635,0.780090940575732,1.0164499331266916,1061.2442667250132,1044.069394997676
8,RioDeJaneiro_2016-2017.csv,291.35132966450914,311.7186391987935,1.0699063551820316,1.0164499331266916,1061.2442667250132,1044.069394997676
