,File,NaiveRMSE,H-LSTM-RMSE - No Google,H-LSTM - No Google-Naive-Ratio,Average-Ratio,Total H-LSTM-RMSE - No Google,TotalNaive-RMSE
0,huila_2016-2017.csv,59.602097278535425,114.94875066384049,1.9286024471027652,0.8083517300003167,923.5527270669659,1142.5134539720773
1,tolima_2016-2017.csv,124.83905638861582,79.9711623672032,0.64059409515447,0.8083517300003167,923.5527270669659,1142.5134539720773
2,santander_norte_2016-2017.csv,96.52642125345785,67.6079434286822,0.7004086813822521,0.8083517300003167,923.5527270669659,1142.5134539720773
3,santander_2016-2017.csv,49.70010060351991,49.13074788667334,0.9885442341175816,0.8083517300003167,923.5527270669659,1142.5134539720773
4,MinasGerais_2016-2017.csv,86.68787754174761,99.74576600766405,1.1506310782569102,0.8083517300003167,923.5527270669659,1142.5134539720773
5,MatoGrosso_2016-2017.csv,90.72776124509527,66.45983896841129,0.7325193309782467,0.8083517300003167,923.5527270669659,1142.5134539720773
6,valle_cauca_2016-2017.csv,100.06008195079595,96.87677848464489,0.9681860797623928,0.8083517300003167,923.5527270669659,1142.5134539720773
7,Bahia_2016-2017.csv,243.01872804580026,69.46519321238564,0.2858429626843161,0.8083517300003167,923.5527270669659,1142.5134539720773
8,RioDeJaneiro_2016-2017.csv,291.35132966450914,279.34654604746083,0.9587961941657455,0.8083517300003167,923.5527270669659,1142.5134539720773
