,File,NaiveRMSE,P-LSTM-RMSE,P-LSTM-Naive-Ratio,Average-Ratio,Total P-LSTM-RMSE,TotalNaive-RMSE
0,SaoPaulo_2016-2017.csv,26.394997414214608,113.03391852630824,4.282399302885918,3.6042665426828195,3162.949773114856,877.5571217217827
1,huila_2016-2017.csv,59.602097278535425,128.26433178768283,2.1520103762166576,3.6042665426828195,3162.949773114856,877.5571217217827
2,tolima_2016-2017.csv,124.83905638861582,139.95320134138788,1.1210690419328606,3.6042665426828195,3162.949773114856,877.5571217217827
3,santander_norte_2016-2017.csv,96.52642125345785,170.72381694791997,1.768674469963364,3.6042665426828195,3162.949773114856,877.5571217217827
4,santander_2016-2017.csv,49.70010060351991,184.85364561543415,3.7193817189646143,3.6042665426828195,3162.949773114856,877.5571217217827
5,MinasGerais_2016-2017.csv,86.68787754174761,292.8891683736509,3.378663507277586,3.6042665426828195,3162.949773114856,877.5571217217827
6,MatoGrosso_2016-2017.csv,90.72776124509527,488.30779932589905,5.382121112927791,3.6042665426828195,3162.949773114856,877.5571217217827
7,valle_cauca_2016-2017.csv,100.06008195079595,475.3168929495241,4.750314847665814,3.6042665426828195,3162.949773114856,877.5571217217827
8,Bahia_2016-2017.csv,243.01872804580026,1169.6069982470488,4.812826598395413,3.6042665426828195,3162.949773114856,877.5571217217827
