,File,NaiveRMSE,P-NN-RMSE - No Google,P-NN - No Google-Naive-Ratio,Average-Ratio,Total P-NN-RMSE - No Google,TotalNaive-RMSE
0,huila_2016-2017.csv,59.602097278535425,31.96895291543306,0.5363729528851006,0.7330266949911763,837.4928611481052,1142.5134539720773
1,tolima_2016-2017.csv,124.83905638861582,46.99989981943294,0.3764839400349625,0.7330266949911763,837.4928611481052,1142.5134539720773
2,santander_norte_2016-2017.csv,96.52642125345785,43.2570707762921,0.4481371029255113,0.7330266949911763,837.4928611481052,1142.5134539720773
3,santander_2016-2017.csv,49.70010060351991,46.10736831318261,0.9277117702638443,0.7330266949911763,837.4928611481052,1142.5134539720773
4,MinasGerais_2016-2017.csv,86.68787754174761,89.52197933742008,1.0326931732099174,0.7330266949911763,837.4928611481052,1142.5134539720773
5,MatoGrosso_2016-2017.csv,90.72776124509527,61.61301140616601,0.6790976715464453,0.7330266949911763,837.4928611481052,1142.5134539720773
6,valle_cauca_2016-2017.csv,100.06008195079595,95.9911689686775,0.9593353023224654,0.7330266949911763,837.4928611481052,1142.5134539720773
7,Bahia_2016-2017.csv,243.01872804580026,154.7203898392939,0.6366603556995603,0.7330266949911763,837.4928611481052,1142.5134539720773
8,RioDeJaneiro_2016-2017.csv,291.35132966450914,267.31301977220716,0.9174937354156506,0.7330266949911763,837.4928611481052,1142.5134539720773
