,File,NaiveRMSE,H-LSTM-RMSE,H-LSTM-Naive-Ratio,Average-Ratio,Total H-LSTM-RMSE,TotalNaive-RMSE
0,SaoPaulo_2016-2017.csv,80.94359268557656,116.81712850622313,1.4431917911031755,0.7538111920942373,2076.520392710329,2754.6956246979335
1,tolima_2016-2017.csv,119.19558560981183,54.106556652655044,0.4539308765156245,0.7538111920942373,2076.520392710329,2754.6956246979335
2,santander_norte_2016-2017.csv,186.8847431346252,50.5333714367909,0.27039859214397416,0.7538111920942373,2076.520392710329,2754.6956246979335
3,santander_2016-2017.csv,77.58885827124311,90.70700880898458,1.1690726069441786,0.7538111920942373,2076.520392710329,2754.6956246979335
4,MinasGerais_2016-2017.csv,259.48555288548124,258.5092119098774,0.9962373975554828,0.7538111920942373,2076.520392710329,2754.6956246979335
5,MatoGrosso_2016-2017.csv,310.24237797643605,149.2154580346774,0.48096413845181013,0.7538111920942373,2076.520392710329,2754.6956246979335
6,valle_cauca_2016-2017.csv,189.1969736686103,201.23723918003486,1.0636387849020978,0.7538111920942373,2076.520392710329,2754.6956246979335
7,Bahia_2016-2017.csv,736.2269290641273,612.5918058227754,0.8320692732626425,0.7538111920942373,2076.520392710329,2754.6956246979335
8,RioDeJaneiro_2016-2017.csv,794.9310114020219,542.8026123583101,0.6828298362658762,0.7538111920942373,2076.520392710329,2754.6956246979335
