,File,NaiveRMSE,P-LSTM-RMSE,P-LSTM-Naive-Ratio,Average-Ratio,Total P-LSTM-RMSE,TotalNaive-RMSE
0,SaoPaulo_2016-2017.csv,26.394997414214608,48.897773724939015,1.85253943986393,0.723999780184561,776.4043540900451,1072.382030132834
1,huila_2016-2017.csv,59.602097278535425,82.52858076090781,1.3846590057935584,0.723999780184561,776.4043540900451,1072.382030132834
2,tolima_2016-2017.csv,124.83905638861582,77.79142381117484,0.6231337056010359,0.723999780184561,776.4043540900451,1072.382030132834
3,santander_2016-2017.csv,49.70010060351991,41.03447177030967,0.8256416239005256,0.723999780184561,776.4043540900451,1072.382030132834
4,MinasGerais_2016-2017.csv,86.68787754174761,38.61043478259839,0.44539601011691826,0.723999780184561,776.4043540900451,1072.382030132834
5,MatoGrosso_2016-2017.csv,90.72776124509527,233.81754721208284,2.5771334374760957,0.723999780184561,776.4043540900451,1072.382030132834
6,valle_cauca_2016-2017.csv,100.06008195079595,68.66952873651991,0.6862829551777482,0.723999780184561,776.4043540900451,1072.382030132834
7,Bahia_2016-2017.csv,243.01872804580026,59.49417142696301,0.24481311339820075,0.723999780184561,776.4043540900451,1072.382030132834
8,RioDeJaneiro_2016-2017.csv,291.35132966450914,125.56042186454955,0.43095880842257456,0.723999780184561,776.4043540900451,1072.382030132834
