,File,NaiveRMSE,LSTMRMSE,NaiveRelativeRMSE,LSTMRelativeRMSE,LSTM-Naive-Ratio,Average-Ratio,TotalLSTM-RMSE,TotalNaive-RMSE
0,SaoPaulo_2016-2017.csv,65.22637190459649,83.48134047240755,1.3122940765038915,1.6795671045567522,1.2798709790958744,0.7342950526238883,1302.760317052348,1774.1646391285603
1,MinasGerais_2016-2017.csv,216.43948581626267,307.4839289932005,1.764207736005468,2.506314983060272,1.4206461812343532,0.7342950526238883,1302.760317052348,1774.1646391285603
2,MatoGrosso_2016-2017.csv,246.57370467414947,176.76680838804523,2.0248217745991828,1.4515792879192588,0.7168923735061085,0.7342950526238883,1302.760317052348,1774.1646391285603
3,Bahia_2016-2017.csv,624.3092182564662,497.3652362287946,1.535854588541362,1.2235614306261138,0.7966648924675607,0.7342950526238883,1302.760317052348,1774.1646391285603
4,RioDeJaneiro_2016-2017.csv,621.6158584770856,237.66300296990025,1.1929804584590786,0.4561133928217575,0.3823309842064802,0.7342950526238883,1302.760317052348,1774.1646391285603
