,File,NaiveRMSE,P-LSTM-RMSE,P-LSTM-Naive-Ratio,Average-Ratio,Total P-LSTM-RMSE,TotalNaive-RMSE
0,SaoPaulo_2016-2017.csv,49.0806253593854,117.67111045702092,2.3975063397296212,2.324476848098509,4137.549916504624,1779.9918807060876
1,huila_2016-2017.csv,90.44028109445726,98.33999509164114,1.087347295934798,2.324476848098509,4137.549916504624,1779.9918807060876
2,tolima_2016-2017.csv,131.52827402762824,126.81625866146749,0.9641748863429093,2.324476848098509,4137.549916504624,1779.9918807060876
3,santander_2016-2017.csv,56.64696627250914,187.09723232352363,3.302864118503063,2.324476848098509,4137.549916504624,1779.9918807060876
4,MinasGerais_2016-2017.csv,160.97848418309562,309.4355758589817,1.9222169809167302,2.324476848098509,4137.549916504624,1779.9918807060876
5,MatoGrosso_2016-2017.csv,171.58162382403037,436.2966221557923,2.5427934089448105,2.324476848098509,4137.549916504624,1779.9918807060876
6,valle_cauca_2016-2017.csv,141.6112547601619,480.6291559729259,3.3940039355412632,2.324476848098509,4137.549916504624,1779.9918807060876
7,Bahia_2016-2017.csv,449.9565305209188,1150.6204653999027,2.5571813883172645,2.324476848098509,4137.549916504624,1779.9918807060876
8,RioDeJaneiro_2016-2017.csv,528.1678406639006,1230.6435005833687,2.3300235376626954,2.324476848098509,4137.549916504624,1779.9918807060876
