,File,NaiveRMSE,NNRMSE,NN-Naive-Ratio,Average-Ratio,TotalNN-RMSE,TotalNaive-RMSE
0,SaoPaulo_2016-2017.csv,67.15209595289603,76.36047960219874,1.1371272708414335,0.6167399731145184,1099.9012278364578,1783.4116090805487
1,huila_2016-2017.csv,108.014643754012,14.379388571815328,0.13312443639181315,0.6167399731145184,1099.9012278364578,1783.4116090805487
2,tolima_2016-2017.csv,54.45930890610541,41.284482726690186,0.7580794460295069,0.6167399731145184,1099.9012278364578,1783.4116090805487
3,santander_norte_2016-2017.csv,165.42693682883518,35.329310442414986,0.21356443587521484,0.6167399731145184,1099.9012278364578,1783.4116090805487
4,santander_2016-2017.csv,66.52880303036467,59.7900958080519,0.8987099284014305,0.6167399731145184,1099.9012278364578,1783.4116090805487
5,MinasGerais_2016-2017.csv,219.60331450736328,172.62110964245755,0.7860587624995504,0.6167399731145184,1099.9012278364578,1783.4116090805487
6,MatoGrosso_2016-2017.csv,242.69168331016576,82.06512134266019,0.33814558547430323,0.6167399731145184,1099.9012278364578,1783.4116090805487
7,valle_cauca_2016-2017.csv,166.8083343486268,149.20226502858966,0.8944532994182369,0.6167399731145184,1099.9012278364578,1783.4116090805487
8,RioDeJaneiro_2016-2017.csv,692.7264884421796,468.8689746715792,0.6768457428645226,0.6167399731145184,1099.9012278364578,1783.4116090805487
