,File,NaiveRMSE,P-LSTM-RMSE - No Google,P-LSTM - No Google-Naive-Ratio,Average-Ratio,Total P-LSTM-RMSE - No Google,TotalNaive-RMSE
0,SaoPaulo_2016-2017.csv,26.394997414214608,66.33827773616679,2.5132897986359097,3.0240357588387825,3232.2356899494653,1068.848369435496
1,huila_2016-2017.csv,59.602097278535425,120.76680562860773,2.026217383999667,3.0240357588387825,3232.2356899494653,1068.848369435496
2,tolima_2016-2017.csv,124.83905638861582,127.48662768721363,1.021207876566738,3.0240357588387825,3232.2356899494653,1068.848369435496
3,santander_norte_2016-2017.csv,96.52642125345785,160.09677063328888,1.6585797811037541,3.0240357588387825,3232.2356899494653,1068.848369435496
4,santander_2016-2017.csv,49.70010060351991,153.48123452367074,3.088147361069944,3.0240357588387825,3232.2356899494653,1068.848369435496
5,MinasGerais_2016-2017.csv,86.68787754174761,117.2735662804197,1.352825442334108,3.0240357588387825,3232.2356899494653,1068.848369435496
6,MatoGrosso_2016-2017.csv,90.72776124509527,454.55219711216864,5.0100673804154034,3.0240357588387825,3232.2356899494653,1068.848369435496
7,Bahia_2016-2017.csv,243.01872804580026,1007.1230736051235,4.1442200019058495,3.0240357588387825,3232.2356899494653,1068.848369435496
8,RioDeJaneiro_2016-2017.csv,291.35132966450914,1025.1171367428055,3.518491362037809,3.0240357588387825,3232.2356899494653,1068.848369435496
