,File,NaiveRMSE,P-NN-RMSE - No Google,P-NN - No Google-Naive-Ratio,Average-Ratio,Total P-NN-RMSE - No Google,TotalNaive-RMSE
0,huila_2016-2017.csv,108.014643754012,13.881149423034188,0.1285117363775835,0.584877893336188,1362.492577320217,2329.5333826834444
1,tolima_2016-2017.csv,54.45930890610541,24.896963542769235,0.4571663512237124,0.584877893336188,1362.492577320217,2329.5333826834444
2,santander_norte_2016-2017.csv,165.42693682883518,36.516375732927585,0.22074020369917471,0.584877893336188,1362.492577320217,2329.5333826834444
3,santander_2016-2017.csv,66.52880303036467,61.579754167332815,0.9256104328109881,0.584877893336188,1362.492577320217,2329.5333826834444
4,MinasGerais_2016-2017.csv,219.60331450736328,191.74489596439,0.8731420852846955,0.584877893336188,1362.492577320217,2329.5333826834444
5,MatoGrosso_2016-2017.csv,242.69168331016576,106.32396365368253,0.4381030375803936,0.584877893336188,1362.492577320217,2329.5333826834444
6,valle_cauca_2016-2017.csv,166.8083343486268,152.3876167039074,0.9135491778571428,0.584877893336188,1362.492577320217,2329.5333826834444
7,Bahia_2016-2017.csv,613.2738695557917,272.7229903083221,0.44470016390207784,0.584877893336188,1362.492577320217,2329.5333826834444
8,RioDeJaneiro_2016-2017.csv,692.7264884421796,502.438867823851,0.7253062734092179,0.584877893336188,1362.492577320217,2329.5333826834444
