,File,NaiveRMSE,P-LSTM-RMSE - No Google,P-LSTM - No Google-Naive-Ratio,Average-Ratio,Total P-LSTM-RMSE - No Google,TotalNaive-RMSE
0,SaoPaulo_2016-2017.csv,67.15209595289603,93.54375696203002,1.3930132132829698,1.4799519870565427,2639.3635545984644,1783.4116090805487
1,huila_2016-2017.csv,108.014643754012,78.0920465236019,0.7229764762400682,1.4799519870565427,2639.3635545984644,1783.4116090805487
2,tolima_2016-2017.csv,54.45930890610541,122.00174604709177,2.2402367657187474,1.4799519870565427,2639.3635545984644,1783.4116090805487
3,santander_norte_2016-2017.csv,165.42693682883518,92.9186855944958,0.5616901780067257,1.4799519870565427,2639.3635545984644,1783.4116090805487
4,santander_2016-2017.csv,66.52880303036467,169.02703972017162,2.540659564294661,1.4799519870565427,2639.3635545984644,1783.4116090805487
5,MinasGerais_2016-2017.csv,219.60331450736328,273.1451327503796,1.2438115215297494,1.4799519870565427,2639.3635545984644,1783.4116090805487
6,MatoGrosso_2016-2017.csv,242.69168331016576,345.8003980676437,1.4248547513088965,1.4799519870565427,2639.3635545984644,1783.4116090805487
7,valle_cauca_2016-2017.csv,166.8083343486268,434.1286793871362,2.602559884566763,1.4799519870565427,2639.3635545984644,1783.4116090805487
8,RioDeJaneiro_2016-2017.csv,692.7264884421796,1030.706069545914,1.4878975854724297,1.4799519870565427,2639.3635545984644,1783.4116090805487
