,File,NaiveRMSE,P-LSTM-RMSE,P-LSTM-Naive-Ratio,Average-Ratio,Total P-LSTM-RMSE,TotalNaive-RMSE
0,SaoPaulo_2016-2017.csv,26.394997414214608,67.55039804751131,2.5592121487056145,3.236258451179429,3470.505407910337,1072.382030132834
1,huila_2016-2017.csv,59.602097278535425,122.18584382847524,2.050025911965319,3.236258451179429,3470.505407910337,1072.382030132834
2,tolima_2016-2017.csv,124.83905638861582,128.05382421775792,1.025751298689208,3.236258451179429,3470.505407910337,1072.382030132834
3,santander_2016-2017.csv,49.70010060351991,156.1382825993131,3.1416089847563593,3.236258451179429,3470.505407910337,1072.382030132834
4,MinasGerais_2016-2017.csv,86.68787754174761,131.43608573360748,1.516199144111122,3.236258451179429,3470.505407910337,1072.382030132834
5,MatoGrosso_2016-2017.csv,90.72776124509527,456.9276885821732,5.036250011149423,3.236258451179429,3470.505407910337,1072.382030132834
6,valle_cauca_2016-2017.csv,100.06008195079595,402.53261625771785,4.022909120298955,3.236258451179429,3470.505407910337,1072.382030132834
7,Bahia_2016-2017.csv,243.01872804580026,998.943774219996,4.110562927609971,3.236258451179429,3470.505407910337,1072.382030132834
8,RioDeJaneiro_2016-2017.csv,291.35132966450914,1006.736894423785,3.4554051824065533,3.236258451179429,3470.505407910337,1072.382030132834
