,File,NaiveRMSE,P-LSTM-RMSE,P-LSTM-Naive-Ratio,Average-Ratio,Total P-LSTM-RMSE,TotalNaive-RMSE
0,huila_2016-2017.csv,108.014643754012,79.99199009686313,0.740566161371911,1.500807535852786,3496.181255751945,2329.5333826834444
1,tolima_2016-2017.csv,54.45930890610541,124.56583177213388,2.2873193632864637,1.500807535852786,3496.181255751945,2329.5333826834444
2,santander_norte_2016-2017.csv,165.42693682883518,94.36153897918008,0.5704121758405922,1.500807535852786,3496.181255751945,2329.5333826834444
3,santander_2016-2017.csv,66.52880303036467,170.89960598736536,2.5688062643989613,1.500807535852786,3496.181255751945,2329.5333826834444
4,MinasGerais_2016-2017.csv,219.60331450736328,246.00406037512826,1.1202201611892326,1.500807535852786,3496.181255751945,2329.5333826834444
5,MatoGrosso_2016-2017.csv,242.69168331016576,346.0157445450339,1.4257420766364604,1.500807535852786,3496.181255751945,2329.5333826834444
6,valle_cauca_2016-2017.csv,166.8083343486268,430.7535606014799,2.582326370463071,1.500807535852786,3496.181255751945,2329.5333826834444
7,Bahia_2016-2017.csv,613.2738695557917,990.103608166237,1.6144558855628264,1.500807535852786,3496.181255751945,2329.5333826834444
8,RioDeJaneiro_2016-2017.csv,692.7264884421796,1013.4853152285235,1.4630382007012237,1.500807535852786,3496.181255751945,2329.5333826834444
