,File,NaiveRMSE,LSTMRMSE,NaiveRelativeRMSE,LSTMRelativeRMSE,LSTM-Naive-Ratio,Average-Ratio,TotalLSTM-RMSE,TotalNaive-RMSE
0,Chiapas_2016-2017.csv,19.049312025892007,19.139141694014015,2.566365647932673,2.5784677004435546,1.0047156384440503,0.7339626712690889,110.80634368116439,150.96999890957676
1,Guerrero_2016-2017.csv,16.991811247908096,14.562576987885244,2.0051164124660406,1.7184549486920544,0.857035002061836,0.7339626712690889,110.80634368116439,150.96999890957676
2,Yucatan_2016-2017.csv,30.40533729598266,26.338983352736708,3.5236770820911807,3.0524269835310167,0.866261837398422,0.7339626712690889,110.80634368116439,150.96999890957676
3,NuevoLeon_2016-2017.csv,47.53273424433175,33.38895399249716,5.22160274258231,3.6678692381338895,0.7024412654417996,0.7339626712690889,110.80634368116439,150.96999890957676
4,Veracruz_2016-2017.csv,36.99080409546224,17.376687654031276,1.8048832984204413,0.8478564901614859,0.46975695930229644,0.7339626712690889,110.80634368116439,150.96999890957676
