,File,NaiveRMSE,LSTMRMSE,NaiveRelativeRMSE,LSTMRelativeRMSE,LSTM-Naive-Ratio,Average-Ratio
0,Chiapas_2016-2017.csv,19.049312025892007,23.55610438650627,2.566365647932673,3.1735307298487614,1.2365855708851106,0.7511763753426856
1,Guerrero_2016-2017.csv,16.991811247908096,17.659302171233286,2.0051164124660406,2.0838835895494268,1.0392830942850408,0.7511763753426856
2,Yucatan_2016-2017.csv,30.40533729598266,25.883294707397983,3.5236770820911807,2.99961718831255,0.8512747106021363,0.7511763753426856
3,NuevoLeon_2016-2017.csv,47.53273424433175,31.235659036300873,5.22160274258231,3.431323812594773,0.6571399590804248,0.7511763753426856
4,Veracruz_2016-2017.csv,36.99080409546224,15.07073626494664,1.8048832984204413,0.7353427654425675,0.4074184553018519,0.7511763753426856
