,File,NaiveRMSE,P-LSTM-RMSE,P-LSTM-Naive-Ratio,Average-Ratio,Total P-LSTM-RMSE,TotalNaive-RMSE
0,SaoPaulo_2016-2017.csv,80.94359268557656,86.92078515525509,1.0738439235443475,1.2421874845576586,3249.8228260845153,2616.2096032079835
1,huila_2016-2017.csv,120.99953139553122,64.02245538224197,0.5291132506369893,1.2421874845576586,3249.8228260845153,2616.2096032079835
2,tolima_2016-2017.csv,119.19558560981183,91.19170568217056,0.7650594207464,1.2421874845576586,3249.8228260845153,2616.2096032079835
3,santander_norte_2016-2017.csv,186.8847431346252,75.78662635057692,0.4055260214365541,1.2421874845576586,3249.8228260845153,2616.2096032079835
4,santander_2016-2017.csv,77.58885827124311,175.5509916980305,2.262579906567529,1.2421874845576586,3249.8228260845153,2616.2096032079835
5,MatoGrosso_2016-2017.csv,310.24237797643605,283.8997910440858,0.9150903009957233,1.2421874845576586,3249.8228260845153,2616.2096032079835
6,valle_cauca_2016-2017.csv,189.1969736686103,452.819823398328,2.3933777301928134,1.2421874845576586,3249.8228260845153,2616.2096032079835
7,Bahia_2016-2017.csv,736.2269290641273,968.9878665239847,1.3161537948031012,1.2421874845576586,3249.8228260845153,2616.2096032079835
8,RioDeJaneiro_2016-2017.csv,794.9310114020219,1050.6427808498413,1.3216779390664604,1.2421874845576586,3249.8228260845153,2616.2096032079835
