,File,NaiveRMSE,H-LSTM-RMSE,H-LSTM-Naive-Ratio,Average-Ratio,Total H-LSTM-RMSE,TotalNaive-RMSE
0,SaoPaulo_2016-2017.csv,26.394997414214608,51.52665666146746,1.9521372119445104,0.6692352864826013,742.3869556882743,1109.3063541077563
1,tolima_2016-2017.csv,124.83905638861582,60.03764175631187,0.4809203425041809,0.6692352864826013,742.3869556882743,1109.3063541077563
2,santander_norte_2016-2017.csv,96.52642125345785,47.13553455849,0.4883174362667203,0.6692352864826013,742.3869556882743,1109.3063541077563
3,santander_2016-2017.csv,49.70010060351991,45.87305143180127,0.9229971544273374,0.6692352864826013,742.3869556882743,1109.3063541077563
4,MinasGerais_2016-2017.csv,86.68787754174761,40.25623786661913,0.4643813992012011,0.6692352864826013,742.3869556882743,1109.3063541077563
5,MatoGrosso_2016-2017.csv,90.72776124509527,57.54065789960977,0.6342122533385052,0.6692352864826013,742.3869556882743,1109.3063541077563
6,valle_cauca_2016-2017.csv,100.06008195079595,94.58117892023071,0.9452438682464855,0.6692352864826013,742.3869556882743,1109.3063541077563
7,Bahia_2016-2017.csv,243.01872804580026,80.88661549620245,0.3328410783261043,0.6692352864826013,742.3869556882743,1109.3063541077563
8,RioDeJaneiro_2016-2017.csv,291.35132966450914,264.54938109754164,0.9080081474217745,0.6692352864826013,742.3869556882743,1109.3063541077563
