,File,NaiveRMSE,H-LSTM-RMSE,H-LSTM-Naive-Ratio,Average-Ratio,Total H-LSTM-RMSE,TotalNaive-RMSE
0,SaoPaulo_2016-2017.csv,67.15209595289603,76.91568261097667,1.1453951141737904,0.6784501295558539,1461.3773695015486,2153.9937953261747
1,huila_2016-2017.csv,108.014643754012,21.37827772615938,0.1979201799234312,0.6784501295558539,1461.3773695015486,2153.9937953261747
2,tolima_2016-2017.csv,54.45930890610541,50.34575351219711,0.9244655234057307,0.6784501295558539,1461.3773695015486,2153.9937953261747
3,santander_norte_2016-2017.csv,165.42693682883518,34.04166720984399,0.2057806779379975,0.6784501295558539,1461.3773695015486,2153.9937953261747
4,santander_2016-2017.csv,66.52880303036467,66.13255838603305,0.9940440136259363,0.6784501295558539,1461.3773695015486,2153.9937953261747
5,MinasGerais_2016-2017.csv,219.60331450736328,175.24031998103135,0.797985769814761,0.6784501295558539,1461.3773695015486,2153.9937953261747
6,valle_cauca_2016-2017.csv,166.8083343486268,145.90330807140546,0.8746763681871544,0.6784501295558539,1461.3773695015486,2153.9937953261747
7,Bahia_2016-2017.csv,613.2738695557917,415.04509351471046,0.6767695708531282,0.6784501295558539,1461.3773695015486,2153.9937953261747
8,RioDeJaneiro_2016-2017.csv,692.7264884421796,476.3747084891911,0.6876808039497295,0.6784501295558539,1461.3773695015486,2153.9937953261747
