,File,NaiveRMSE,H-LSTM-RMSE - No Google,H-LSTM - No Google-Naive-Ratio,Average-Ratio,Total H-LSTM-RMSE - No Google,TotalNaive-RMSE
0,SaoPaulo_2016-2017.csv,26.394997414214608,95.52378890454945,3.619011110533643,1.052023737276631,1177.4337519817063,1119.208350782772
1,huila_2016-2017.csv,59.602097278535425,51.98389367481655,0.8721822896916342,1.052023737276631,1177.4337519817063,1119.208350782772
2,tolima_2016-2017.csv,124.83905638861582,76.26594748932669,0.6109141617661366,1.052023737276631,1177.4337519817063,1119.208350782772
3,santander_norte_2016-2017.csv,96.52642125345785,74.33948663423318,0.7701465118968153,1.052023737276631,1177.4337519817063,1119.208350782772
4,MinasGerais_2016-2017.csv,86.68787754174761,176.64571183986757,2.0377210383862217,1.052023737276631,1177.4337519817063,1119.208350782772
5,MatoGrosso_2016-2017.csv,90.72776124509527,103.05504687174066,1.1358711540709576,1.052023737276631,1177.4337519817063,1119.208350782772
6,valle_cauca_2016-2017.csv,100.06008195079595,103.60482648236149,1.0354261605872825,1.052023737276631,1177.4337519817063,1119.208350782772
7,Bahia_2016-2017.csv,243.01872804580026,182.2405010159392,0.7499031143871079,1.052023737276631,1177.4337519817063,1119.208350782772
8,RioDeJaneiro_2016-2017.csv,291.35132966450914,313.7745490688716,1.076962818155602,1.052023737276631,1177.4337519817063,1119.208350782772
