,File,NaiveRMSE,NNRMSE,NN-Naive-Ratio,Average-Ratio,TotalNN-RMSE,TotalNaive-RMSE
0,SaoPaulo_2016-2017.csv,91.24688932861062,80.85227005330331,0.8860824807093116,0.5667242133128664,1759.4236160576481,3104.549928743452
1,huila_2016-2017.csv,136.82185041140175,13.9650499598078,0.10206739579838377,0.5667242133128664,1759.4236160576481,3104.549928743452
2,tolima_2016-2017.csv,131.2911046745615,33.64828907555293,0.2562876529903439,0.5667242133128664,1759.4236160576481,3104.549928743452
3,santander_norte_2016-2017.csv,212.29720715701058,37.3478050779202,0.17592226284116183,0.5667242133128664,1759.4236160576481,3104.549928743452
4,MinasGerais_2016-2017.csv,279.707734308023,241.11468273924555,0.8620236524232913,0.5667242133128664,1759.4236160576481,3104.549928743452
5,MatoGrosso_2016-2017.csv,370.81222649650175,110.15748552957186,0.2970708020346548,0.5667242133128664,1759.4236160576481,3104.549928743452
6,valle_cauca_2016-2017.csv,211.5345470208905,187.80595415491422,0.8878263943164191,0.5667242133128664,1759.4236160576481,3104.549928743452
7,Bahia_2016-2017.csv,819.9580825630521,509.9989847965939,0.6219817764371834,0.5667242133128664,1759.4236160576481,3104.549928743452
8,RioDeJaneiro_2016-2017.csv,850.8802867833996,544.5330946707384,0.6399644029000227,0.5667242133128664,1759.4236160576481,3104.549928743452
