,File,NaiveRMSE,LSTMRMSE,NaiveRelativeRMSE,LSTMRelativeRMSE,LSTM-Naive-Ratio,Average-Ratio,TotalLSTM-RMSE,TotalNaive-RMSE
0,Chiapas_2016-2017.csv,20.468471690219896,25.38911578151197,2.7405485108244214,3.399379518863527,1.2404011479588493,0.7289141754509654,120.40573690566615,165.18506699526512
1,Guerrero_2016-2017.csv,18.124568960391855,17.44449272320738,2.1219007563385586,2.0422820749120834,0.9624776600938392,0.7289141754509654,120.40573690566615,165.18506699526512
2,Yucatan_2016-2017.csv,38.766797434574514,29.943578320240007,4.446371031922525,3.434388911282008,0.7724026822379338,0.7289141754509654,120.40573690566615,165.18506699526512
3,NuevoLeon_2016-2017.csv,45.985504962614755,38.16789675870159,4.999556598426972,4.149624109666311,0.8299984264548423,0.7289141754509654,120.40573690566615,165.18506699526512
4,Veracruz_2016-2017.csv,41.83972394746409,9.460653322005204,2.0204293254308614,0.45685247430206216,0.2261165330317294,0.7289141754509654,120.40573690566615,165.18506699526512
