,File,NaiveRMSE,LSTMRMSE,NaiveRelativeRMSE,LSTMRelativeRMSE,LSTM-Naive-Ratio,Average-Ratio
0,Chiapas_2016-2017.csv,20.468471690219896,24.972683362676683,2.7405485108244214,3.343622877011104,1.2200560814029393,0.7160637663816634
1,Guerrero_2016-2017.csv,18.124568960391855,16.348091035309857,2.1219007563385586,1.9139228529143248,0.9019850938820014,0.7160637663816634
2,Yucatan_2016-2017.csv,38.766797434574514,27.937526878688047,4.446371031922525,3.204304158129095,0.7206560440242019,0.7160637663816634
3,NuevoLeon_2016-2017.csv,45.985504962614755,35.58405981140351,4.999556598426972,3.8687086544674263,0.7738103526390023,0.7160637663816634
4,Veracruz_2016-2017.csv,41.83972394746409,13.440680134558852,2.0204293254308614,0.6490469280269868,0.3212420844706241,0.7160637663816634
