,File,NaiveRMSE,P-NN-RMSE - No Google,P-NN - No Google-Naive-Ratio,Average-Ratio,Total P-NN-RMSE - No Google,TotalNaive-RMSE
0,SaoPaulo_2016-2017.csv,67.15209595289603,82.66512339161088,1.2310133022444525,0.6541897532574107,1424.2248437726453,2177.082164128977
1,huila_2016-2017.csv,108.014643754012,14.047598298298619,0.1300527207245161,0.6541897532574107,1424.2248437726453,2177.082164128977
2,tolima_2016-2017.csv,54.45930890610541,37.36337639942586,0.686078783405881,0.6541897532574107,1424.2248437726453,2177.082164128977
3,santander_norte_2016-2017.csv,165.42693682883518,35.427934878927644,0.21416061711633097,0.6541897532574107,1424.2248437726453,2177.082164128977
4,santander_2016-2017.csv,66.52880303036467,66.35706608144159,0.9974186075639344,0.6541897532574107,1424.2248437726453,2177.082164128977
5,MatoGrosso_2016-2017.csv,242.69168331016576,116.66034145138066,0.48069361034628433,0.6541897532574107,1424.2248437726453,2177.082164128977
6,valle_cauca_2016-2017.csv,166.8083343486268,157.44921204000238,0.9438929574761894,0.6541897532574107,1424.2248437726453,2177.082164128977
7,Bahia_2016-2017.csv,613.2738695557917,418.07161083930487,0.6817045884282069,0.6541897532574107,1424.2248437726453,2177.082164128977
8,RioDeJaneiro_2016-2017.csv,692.7264884421796,496.1825803922528,0.7162748771280284,0.6541897532574107,1424.2248437726453,2177.082164128977
