,File,NaiveRMSE,P-NN-RMSE - No Google,P-NN - No Google-Naive-Ratio,Average-Ratio,Total P-NN-RMSE - No Google,TotalNaive-RMSE
0,SaoPaulo_2016-2017.csv,26.394997414214608,24.05060142540749,0.9111802910219426,0.7866568973971577,872.6434947853604,1109.3063541077563
1,tolima_2016-2017.csv,124.83905638861582,33.6621503481342,0.26964438311153305,0.7866568973971577,872.6434947853604,1109.3063541077563
2,santander_norte_2016-2017.csv,96.52642125345785,61.64974127920802,0.6386825542545383,0.7866568973971577,872.6434947853604,1109.3063541077563
3,santander_2016-2017.csv,49.70010060351991,49.602757067105976,0.9980413815016094,0.7866568973971577,872.6434947853604,1109.3063541077563
4,MinasGerais_2016-2017.csv,86.68787754174761,129.44540595601188,1.493235382232918,0.7866568973971577,872.6434947853604,1109.3063541077563
5,MatoGrosso_2016-2017.csv,90.72776124509527,60.53621436369727,0.6672292309755394,0.7866568973971577,872.6434947853604,1109.3063541077563
6,valle_cauca_2016-2017.csv,100.06008195079595,96.45483942120701,0.9639692226980007,0.7866568973971577,872.6434947853604,1109.3063541077563
7,Bahia_2016-2017.csv,243.01872804580026,159.59677951930865,0.6567262564604914,0.7866568973971577,872.6434947853604,1109.3063541077563
8,RioDeJaneiro_2016-2017.csv,291.35132966450914,257.64500540528,0.8843103812224165,0.7866568973971577,872.6434947853604,1109.3063541077563
