,File,NaiveRMSE,H-LSTM-RMSE,H-LSTM-Naive-Ratio,Average-Ratio,Total H-LSTM-RMSE,TotalNaive-RMSE
0,SaoPaulo_2016-2017.csv,80.94359268557656,115.8071638515231,1.4307144025762883,0.6427596021680376,1771.7665673004394,2756.499570483653
1,huila_2016-2017.csv,120.99953139553122,21.22134268103806,0.17538367658357568,0.6427596021680376,1771.7665673004394,2756.499570483653
2,santander_norte_2016-2017.csv,186.8847431346252,37.84308644770341,0.20249425294413992,0.6427596021680376,1771.7665673004394,2756.499570483653
3,santander_2016-2017.csv,77.58885827124311,79.69953397274948,1.027203334970179,0.6427596021680376,1771.7665673004394,2756.499570483653
4,MinasGerais_2016-2017.csv,259.48555288548124,224.0459022902563,0.8634234152879195,0.6427596021680376,1771.7665673004394,2756.499570483653
5,MatoGrosso_2016-2017.csv,310.24237797643605,104.20710400865518,0.3358893284932533,0.6427596021680376,1771.7665673004394,2756.499570483653
6,valle_cauca_2016-2017.csv,189.1969736686103,180.07013777560482,0.9517601380400953,0.6427596021680376,1771.7665673004394,2756.499570483653
7,Bahia_2016-2017.csv,736.2269290641273,522.2916607864528,0.7094166759838254,0.6427596021680376,1771.7665673004394,2756.499570483653
8,RioDeJaneiro_2016-2017.csv,794.9310114020219,486.58063548645623,0.6121042310681435,0.6427596021680376,1771.7665673004394,2756.499570483653
