,File,NaiveRMSE,P-LSTM-RMSE - No Google,P-LSTM - No Google-Naive-Ratio,Average-Ratio,Total P-LSTM-RMSE - No Google,TotalNaive-RMSE
0,SaoPaulo_2016-2017.csv,80.94359268557656,94.26001171746341,1.164514800864031,1.235110497949151,3320.9779680404545,2688.8104129588396
1,huila_2016-2017.csv,120.99953139553122,63.89204072415637,0.5280354393712638,1.235110497949151,3320.9779680404545,2688.8104129588396
2,tolima_2016-2017.csv,119.19558560981183,89.44416120371662,0.750398269752314,1.235110497949151,3320.9779680404545,2688.8104129588396
3,santander_2016-2017.csv,77.58885827124311,172.05648289275354,2.217541109978198,1.235110497949151,3320.9779680404545,2688.8104129588396
4,MinasGerais_2016-2017.csv,259.48555288548124,257.91707400484046,0.9939554288737878,1.235110497949151,3320.9779680404545,2688.8104129588396
5,MatoGrosso_2016-2017.csv,310.24237797643605,278.576649192976,0.8979322909075137,1.235110497949151,3320.9779680404545,2688.8104129588396
6,valle_cauca_2016-2017.csv,189.1969736686103,437.87126611055095,2.3143671783963544,1.235110497949151,3320.9779680404545,2688.8104129588396
7,Bahia_2016-2017.csv,736.2269290641273,931.4098500955263,1.2651124447179765,1.235110497949151,3320.9779680404545,2688.8104129588396
8,RioDeJaneiro_2016-2017.csv,794.9310114020219,995.5504320984711,1.252373373058646,1.235110497949151,3320.9779680404545,2688.8104129588396
