,File,NaiveRMSE,P-LSTM-RMSE,P-LSTM-Naive-Ratio,Average-Ratio,Total P-LSTM-RMSE,TotalNaive-RMSE
0,SaoPaulo_2016-2017.csv,26.394997414214608,49.261526966819225,1.8663205831681655,0.7402609520214226,828.5062392607811,1119.208350782772
1,huila_2016-2017.csv,59.602097278535425,80.5729759317836,1.3518479988253778,0.7402609520214226,828.5062392607811,1119.208350782772
2,tolima_2016-2017.csv,124.83905638861582,74.78782258035201,0.5990739176010944,0.7402609520214226,828.5062392607811,1119.208350782772
3,santander_norte_2016-2017.csv,96.52642125345785,101.90962320749702,1.0557692068568876,0.7402609520214226,828.5062392607811,1119.208350782772
4,MinasGerais_2016-2017.csv,86.68787754174761,43.662392805443375,0.5036735705568083,0.7402609520214226,828.5062392607811,1119.208350782772
5,MatoGrosso_2016-2017.csv,90.72776124509527,217.00611195106475,2.3918380545601314,0.7402609520214226,828.5062392607811,1119.208350782772
6,valle_cauca_2016-2017.csv,100.06008195079595,71.16099712784805,0.7111826788513037,0.7402609520214226,828.5062392607811,1119.208350782772
7,Bahia_2016-2017.csv,243.01872804580026,49.85084422948791,0.20513169758707991,0.7402609520214226,828.5062392607811,1119.208350782772
8,RioDeJaneiro_2016-2017.csv,291.35132966450914,140.293944460485,0.4815284166440338,0.7402609520214226,828.5062392607811,1119.208350782772
