,File,NaiveRMSE,P-LSTM-RMSE,P-LSTM-Naive-Ratio,Average-Ratio,Total P-LSTM-RMSE,TotalNaive-RMSE
0,SaoPaulo_2016-2017.csv,80.94359268557656,98.74298964459943,1.2198987760299225,1.286715191010925,3366.3166393163765,2616.2096032079835
1,huila_2016-2017.csv,120.99953139553122,65.64616233558898,0.5425323683362087,1.286715191010925,3366.3166393163765,2616.2096032079835
2,tolima_2016-2017.csv,119.19558560981183,93.08202273443548,0.7809183725909162,1.286715191010925,3366.3166393163765,2616.2096032079835
3,santander_norte_2016-2017.csv,186.8847431346252,77.70818782969742,0.4158080885913687,1.286715191010925,3366.3166393163765,2616.2096032079835
4,santander_2016-2017.csv,77.58885827124311,181.17178359744634,2.3350231932023973,1.286715191010925,3366.3166393163765,2616.2096032079835
5,MatoGrosso_2016-2017.csv,310.24237797643605,288.77542643008803,0.9308058696353259,1.286715191010925,3366.3166393163765,2616.2096032079835
6,valle_cauca_2016-2017.csv,189.1969736686103,467.45468911065615,2.4707302661692183,1.286715191010925,3366.3166393163765,2616.2096032079835
7,Bahia_2016-2017.csv,736.2269290641273,998.1434574184024,1.3557551591969295,1.286715191010925,3366.3166393163765,2616.2096032079835
8,RioDeJaneiro_2016-2017.csv,794.9310114020219,1095.5919202154626,1.3782226438532876,1.286715191010925,3366.3166393163765,2616.2096032079835
