,File,NaiveRMSE,P-LSTM-RMSE,P-LSTM-Naive-Ratio,Average-Ratio,Total P-LSTM-RMSE,TotalNaive-RMSE
0,SaoPaulo_2016-2017.csv,26.394997414214608,49.061582232944836,1.8587454835863517,0.6867762266238079,734.0596499939196,1068.848369435496
1,huila_2016-2017.csv,59.602097278535425,81.04791314861845,1.3598164636700851,0.6867762266238079,734.0596499939196,1068.848369435496
2,tolima_2016-2017.csv,124.83905638861582,76.07136367219964,0.6093554843557489,0.6867762266238079,734.0596499939196,1068.848369435496
3,santander_norte_2016-2017.csv,96.52642125345785,101.87058822565655,1.055364809995038,0.6867762266238079,734.0596499939196,1068.848369435496
4,santander_2016-2017.csv,49.70010060351991,42.903751824136165,0.8632528164560214,0.6867762266238079,734.0596499939196,1068.848369435496
5,MinasGerais_2016-2017.csv,86.68787754174761,26.639807126692858,0.3073071792980918,0.6867762266238079,734.0596499939196,1068.848369435496
6,MatoGrosso_2016-2017.csv,90.72776124509527,197.47999605362304,2.176621503093672,0.6867762266238079,734.0596499939196,1068.848369435496
7,Bahia_2016-2017.csv,243.01872804580026,26.822391690889777,0.11037170635604152,0.6867762266238079,734.0596499939196,1068.848369435496
8,RioDeJaneiro_2016-2017.csv,291.35132966450914,132.16225601915832,0.4536181666695775,0.6867762266238079,734.0596499939196,1068.848369435496
