,File,NaiveRMSE,P-LSTM-RMSE,P-LSTM-Naive-Ratio,Average-Ratio,Total P-LSTM-RMSE,TotalNaive-RMSE
0,SaoPaulo_2016-2017.csv,80.94359268557656,91.07412759499009,1.1251554888200397,1.2441017710385185,3427.121705358757,2754.6956246979335
1,tolima_2016-2017.csv,119.19558560981183,92.7860850379804,0.7784355818487838,1.2441017710385185,3427.121705358757,2754.6956246979335
2,santander_norte_2016-2017.csv,186.8847431346252,77.15324765045744,0.4128386638543252,1.2441017710385185,3427.121705358757,2754.6956246979335
3,santander_2016-2017.csv,77.58885827124311,177.62514123463106,2.2893124759443015,1.2441017710385185,3427.121705358757,2754.6956246979335
4,MinasGerais_2016-2017.csv,259.48555288548124,269.270194764232,1.0377078483558928,1.2441017710385185,3427.121705358757,2754.6956246979335
5,MatoGrosso_2016-2017.csv,310.24237797643605,282.65377562860215,0.9110740366039569,1.2441017710385185,3427.121705358757,2754.6956246979335
6,valle_cauca_2016-2017.csv,189.1969736686103,449.1635566727225,2.374052544093327,1.2441017710385185,3427.121705358757,2754.6956246979335
7,Bahia_2016-2017.csv,736.2269290641273,955.7511595626271,1.2981746820610778,1.2441017710385185,3427.121705358757,2754.6956246979335
8,RioDeJaneiro_2016-2017.csv,794.9310114020219,1031.6444172125143,1.2977785523714824,1.2441017710385185,3427.121705358757,2754.6956246979335
