,File,NaiveRMSE,P-LSTM-RMSE - No Google,P-LSTM - No Google-Naive-Ratio,Average-Ratio,Total P-LSTM-RMSE - No Google,TotalNaive-RMSE
0,SaoPaulo_2016-2017.csv,80.94359268557656,106.24415382155809,1.3125702763683957,1.2016522843238444,3362.350824559008,2798.1062978222217
1,huila_2016-2017.csv,120.99953139553122,65.04559384389401,0.5375689731497282,1.2016522843238444,3362.350824559008,2798.1062978222217
2,tolima_2016-2017.csv,119.19558560981183,91.6598152416425,0.7689866598054395,1.2016522843238444,3362.350824559008,2798.1062978222217
3,santander_norte_2016-2017.csv,186.8847431346252,76.24067130540568,0.4079555667660071,1.2016522843238444,3362.350824559008,2798.1062978222217
4,MinasGerais_2016-2017.csv,259.48555288548124,271.4693512302194,1.0461829115782293,1.2016522843238444,3362.350824559008,2798.1062978222217
5,MatoGrosso_2016-2017.csv,310.24237797643605,284.8794484689337,0.9182480173310534,1.2016522843238444,3362.350824559008,2798.1062978222217
6,valle_cauca_2016-2017.csv,189.1969736686103,454.19680482826055,2.400655761142423,1.2016522843238444,3362.350824559008,2798.1062978222217
7,Bahia_2016-2017.csv,736.2269290641273,966.2955829861871,1.3124969283784786,1.2016522843238444,3362.350824559008,2798.1062978222217
8,RioDeJaneiro_2016-2017.csv,794.9310114020219,1046.3194028329067,1.316239255765743,1.2016522843238444,3362.350824559008,2798.1062978222217
