,File,NaiveRMSE,H-LSTM-RMSE - No Google,H-LSTM - No Google-Naive-Ratio,Average-Ratio,Total H-LSTM-RMSE - No Google,TotalNaive-RMSE
0,SaoPaulo_2016-2017.csv,67.15209595289603,77.91768867909084,1.1603165556254023,0.6130040759094659,1044.5338061715984,1703.9589901941608
1,huila_2016-2017.csv,108.014643754012,15.37031415844181,0.14229842940042015,0.6130040759094659,1044.5338061715984,1703.9589901941608
2,tolima_2016-2017.csv,54.45930890610541,44.952039761176195,0.8254243519446616,0.6130040759094659,1044.5338061715984,1703.9589901941608
3,santander_norte_2016-2017.csv,165.42693682883518,32.855227126717054,0.19860868947063848,0.6130040759094659,1044.5338061715984,1703.9589901941608
4,santander_2016-2017.csv,66.52880303036467,65.6014882731912,0.9860614543636049,0.6130040759094659,1044.5338061715984,1703.9589901941608
5,MinasGerais_2016-2017.csv,219.60331450736328,170.11978337982336,0.7746685598141063,0.6130040759094659,1044.5338061715984,1703.9589901941608
6,MatoGrosso_2016-2017.csv,242.69168331016576,107.22770846175365,0.44182687679789207,0.6130040759094659,1044.5338061715984,1703.9589901941608
7,valle_cauca_2016-2017.csv,166.8083343486268,143.62980354841335,0.861046926157954,0.6130040759094659,1044.5338061715984,1703.9589901941608
8,Bahia_2016-2017.csv,613.2738695557917,386.859752782991,0.630810755174034,0.6130040759094659,1044.5338061715984,1703.9589901941608
