,File,NaiveRMSE,P-LSTM-RMSE,P-LSTM-Naive-Ratio,Average-Ratio,Total P-LSTM-RMSE,TotalNaive-RMSE
0,SaoPaulo_2016-2017.csv,26.394997414214608,63.54088612144091,2.4073079123403125,3.434129232568199,3716.48530872628,1082.220573844544
1,huila_2016-2017.csv,59.602097278535425,123.23210784072761,2.067580059554504,3.434129232568199,3716.48530872628,1082.220573844544
2,tolima_2016-2017.csv,124.83905638861582,131.48509757699517,1.053236874585872,3.434129232568199,3716.48530872628,1082.220573844544
3,santander_norte_2016-2017.csv,96.52642125345785,163.7905644234423,1.696846959583875,3.434129232568199,3716.48530872628,1082.220573844544
4,santander_2016-2017.csv,49.70010060351991,165.06132170664188,3.32114663154126,3.434129232568199,3716.48530872628,1082.220573844544
5,MatoGrosso_2016-2017.csv,90.72776124509527,468.2520245859689,5.161066669781655,3.434129232568199,3716.48530872628,1082.220573844544
6,valle_cauca_2016-2017.csv,100.06008195079595,429.56981441816873,4.293118754683887,3.434129232568199,3716.48530872628,1082.220573844544
7,Bahia_2016-2017.csv,243.01872804580026,1064.3494270496376,4.379701250222354,3.434129232568199,3716.48530872628,1082.220573844544
8,RioDeJaneiro_2016-2017.csv,291.35132966450914,1107.204065003257,3.8002368696178657,3.434129232568199,3716.48530872628,1082.220573844544
