,File,NaiveRMSE,H-LSTM-RMSE - No Google,H-LSTM - No Google-Naive-Ratio,Average-Ratio,Total H-LSTM-RMSE - No Google,TotalNaive-RMSE
0,huila_2016-2017.csv,136.82185041140175,47.91396999837216,0.3501923841426088,0.614195326899627,1907.922849958842,3106.3779980055738
1,tolima_2016-2017.csv,131.2911046745615,53.17117561968328,0.40498688583268155,0.614195326899627,1907.922849958842,3106.3779980055738
2,santander_norte_2016-2017.csv,212.29720715701058,37.695406764049764,0.1775595980222718,0.614195326899627,1907.922849958842,3106.3779980055738
3,santander_2016-2017.csv,93.07495859073302,109.40715274109635,1.1754735580617217,0.614195326899627,1907.922849958842,3106.3779980055738
4,MinasGerais_2016-2017.csv,279.707734308023,239.48730272298013,0.8562055079222411,0.614195326899627,1907.922849958842,3106.3779980055738
5,MatoGrosso_2016-2017.csv,370.81222649650175,130.8488500899605,0.3528709161675793,0.614195326899627,1907.922849958842,3106.3779980055738
6,valle_cauca_2016-2017.csv,211.5345470208905,210.3886545363287,0.9945829534669406,0.614195326899627,1907.922849958842,3106.3779980055738
7,Bahia_2016-2017.csv,819.9580825630521,525.1276033671176,0.640432254446052,0.614195326899627,1907.922849958842,3106.3779980055738
8,RioDeJaneiro_2016-2017.csv,850.8802867833996,553.8827341192535,0.6509525989996876,0.614195326899627,1907.922849958842,3106.3779980055738
