,File,NaiveRMSE,H-LSTM-RMSE,H-LSTM-Naive-Ratio,Average-Ratio,Total H-LSTM-RMSE,TotalNaive-RMSE
0,SaoPaulo_2016-2017.csv,91.24688932861062,113.37815969399969,1.2425427379303524,0.6201375938142155,1753.0128016554404,2826.8126608376824
1,huila_2016-2017.csv,136.82185041140175,23.898559640831095,0.17466917432392481,0.6201375938142155,1753.0128016554404,2826.8126608376824
2,tolima_2016-2017.csv,131.2911046745615,41.52406522913363,0.3162747798646498,0.6201375938142155,1753.0128016554404,2826.8126608376824
3,santander_norte_2016-2017.csv,212.29720715701058,40.25793900192994,0.18963009236459719,0.6201375938142155,1753.0128016554404,2826.8126608376824
4,santander_2016-2017.csv,93.07495859073302,106.61429533410137,1.1454670187166367,0.6201375938142155,1753.0128016554404,2826.8126608376824
5,MinasGerais_2016-2017.csv,279.707734308023,237.84447594286004,0.850332138763593,0.6201375938142155,1753.0128016554404,2826.8126608376824
6,valle_cauca_2016-2017.csv,211.5345470208905,204.52030263712797,0.9668411402177733,0.6201375938142155,1753.0128016554404,2826.8126608376824
7,Bahia_2016-2017.csv,819.9580825630521,495.5245029302404,0.6043290668973144,0.6201375938142155,1753.0128016554404,2826.8126608376824
8,RioDeJaneiro_2016-2017.csv,850.8802867833996,489.4505012452165,0.5752283944613366,0.6201375938142155,1753.0128016554404,2826.8126608376824
