,File,NaiveRMSE,P-LSTM-RMSE,P-LSTM-Naive-Ratio,Average-Ratio,Total P-LSTM-RMSE,TotalNaive-RMSE
0,SaoPaulo_2016-2017.csv,80.94359268557656,100.4300441615629,1.2407411239044084,1.2562135745470753,3222.756604730117,2565.4527781170286
1,huila_2016-2017.csv,120.99953139553122,65.88064500426451,0.5444702491360031,1.2562135745470753,3222.756604730117,2565.4527781170286
2,tolima_2016-2017.csv,119.19558560981183,93.02156097667132,0.7804111242943049,1.2562135745470753,3222.756604730117,2565.4527781170286
3,santander_norte_2016-2017.csv,186.8847431346252,76.88414603440897,0.4113987302806432,1.2562135745470753,3222.756604730117,2565.4527781170286
4,santander_2016-2017.csv,77.58885827124311,176.3258032699588,2.2725660255695597,1.2562135745470753,3222.756604730117,2565.4527781170286
5,MinasGerais_2016-2017.csv,259.48555288548124,253.08896629064046,0.9753489682808515,1.2562135745470753,3222.756604730117,2565.4527781170286
6,valle_cauca_2016-2017.csv,189.1969736686103,452.3713945496845,2.391007560945662,1.2562135745470753,3222.756604730117,2565.4527781170286
7,Bahia_2016-2017.csv,736.2269290641273,963.2325556161433,1.3083364891862619,1.2562135745470753,3222.756604730117,2565.4527781170286
8,RioDeJaneiro_2016-2017.csv,794.9310114020219,1041.5214888267822,1.3102036200472893,1.2562135745470753,3222.756604730117,2565.4527781170286
