,File,NaiveRMSE,P-NN-RMSE - No Google,P-NN - No Google-Naive-Ratio,Average-Ratio,Total P-NN-RMSE - No Google,TotalNaive-RMSE
0,SaoPaulo_2016-2017.csv,67.15209595289603,63.778853317216516,0.949767128072284,0.6400574305746226,1491.4340946246655,2330.156675605976
1,huila_2016-2017.csv,108.014643754012,13.787806528522157,0.12764756749021852,0.6400574305746226,1491.4340946246655,2330.156675605976
2,tolima_2016-2017.csv,54.45930890610541,28.234765079437558,0.5184561766679373,0.6400574305746226,1491.4340946246655,2330.156675605976
3,santander_norte_2016-2017.csv,165.42693682883518,36.70295627119934,0.22186807647399862,0.6400574305746226,1491.4340946246655,2330.156675605976
4,MinasGerais_2016-2017.csv,219.60331450736328,220.0825494165571,1.0021822753917393,0.6400574305746226,1491.4340946246655,2330.156675605976
5,MatoGrosso_2016-2017.csv,242.69168331016576,109.09757369342071,0.4495315711086458,0.6400574305746226,1491.4340946246655,2330.156675605976
6,valle_cauca_2016-2017.csv,166.8083343486268,159.7391043179998,0.9576206425282539,0.6400574305746226,1491.4340946246655,2330.156675605976
7,Bahia_2016-2017.csv,613.2738695557917,404.23078247572886,0.6591358323623383,0.6400574305746226,1491.4340946246655,2330.156675605976
8,RioDeJaneiro_2016-2017.csv,692.7264884421796,455.77970352458357,0.657950448162524,0.6400574305746226,1491.4340946246655,2330.156675605976
