,File,NaiveRMSE,P-NN-RMSE - No Google,P-NN - No Google-Naive-Ratio,Average-Ratio,Total P-NN-RMSE - No Google,TotalNaive-RMSE
0,SaoPaulo_2016-2017.csv,67.15209595289603,59.17974834204562,0.881279243816267,0.756887386120461,1630.3307334641197,2153.9937953261747
1,huila_2016-2017.csv,108.014643754012,13.776947868941962,0.12754703797678585,0.756887386120461,1630.3307334641197,2153.9937953261747
2,tolima_2016-2017.csv,54.45930890610541,34.11617385471438,0.6264525668795189,0.756887386120461,1630.3307334641197,2153.9937953261747
3,santander_norte_2016-2017.csv,165.42693682883518,37.67720877750265,0.22775739852141919,0.756887386120461,1630.3307334641197,2153.9937953261747
4,santander_2016-2017.csv,66.52880303036467,70.97525878036431,1.0668350480914293,0.756887386120461,1630.3307334641197,2153.9937953261747
5,MinasGerais_2016-2017.csv,219.60331450736328,231.40867557496784,1.0537576634218275,0.756887386120461,1630.3307334641197,2153.9937953261747
6,valle_cauca_2016-2017.csv,166.8083343486268,167.8798461946429,1.006423610967643,0.756887386120461,1630.3307334641197,2153.9937953261747
7,Bahia_2016-2017.csv,613.2738695557917,529.6621646924214,0.8636633500724036,0.756887386120461,1630.3307334641197,2153.9937953261747
8,RioDeJaneiro_2016-2017.csv,692.7264884421796,485.6547093785187,0.7010771458597909,0.756887386120461,1630.3307334641197,2153.9937953261747
