,File,NaiveRMSE,H-LSTM-RMSE - No Google,H-LSTM - No Google-Naive-Ratio,Average-Ratio,Total H-LSTM-RMSE - No Google,TotalNaive-RMSE
0,SaoPaulo_2016-2017.csv,80.94359268557656,105.26367988854673,1.3004572245445167,0.6079361976267187,1300.6601788833927,2139.4682270293374
1,huila_2016-2017.csv,120.99953139553122,24.297779588494517,0.20080887345809909,0.6079361976267187,1300.6601788833927,2139.4682270293374
2,tolima_2016-2017.csv,119.19558560981183,41.70712411571636,0.34990493903226527,0.6079361976267187,1300.6601788833927,2139.4682270293374
3,santander_norte_2016-2017.csv,186.8847431346252,43.534321034410205,0.23294743222056177,0.6079361976267187,1300.6601788833927,2139.4682270293374
4,santander_2016-2017.csv,77.58885827124311,82.62164716271116,1.0648648401794225,0.6079361976267187,1300.6601788833927,2139.4682270293374
5,MinasGerais_2016-2017.csv,259.48555288548124,238.71555055001423,0.9199569991296069,0.6079361976267187,1300.6601788833927,2139.4682270293374
6,MatoGrosso_2016-2017.csv,310.24237797643605,117.93333000688978,0.3801328844115784,0.6079361976267187,1300.6601788833927,2139.4682270293374
7,valle_cauca_2016-2017.csv,189.1969736686103,170.7820507207611,0.9026679835793567,0.6079361976267187,1300.6601788833927,2139.4682270293374
8,RioDeJaneiro_2016-2017.csv,794.9310114020219,475.8046958158486,0.5985484136248134,0.6079361976267187,1300.6601788833927,2139.4682270293374
