,File,NaiveRMSE,P-LSTM-RMSE - No Google,P-LSTM - No Google-Naive-Ratio,Average-Ratio,Total P-LSTM-RMSE - No Google,TotalNaive-RMSE
0,SaoPaulo_2016-2017.csv,67.15209595289603,91.79473802136596,1.3669675788787823,1.5272814265272552,3558.8050115515016,2330.156675605976
1,huila_2016-2017.csv,108.014643754012,78.28088271561103,0.7247247224541573,1.5272814265272552,3558.8050115515016,2330.156675605976
2,tolima_2016-2017.csv,54.45930890610541,122.87322349289494,2.2562391253393166,1.5272814265272552,3558.8050115515016,2330.156675605976
3,santander_norte_2016-2017.csv,165.42693682883518,93.91031035691175,0.5676845147297829,1.5272814265272552,3558.8050115515016,2330.156675605976
4,MinasGerais_2016-2017.csv,219.60331450736328,276.30892176438357,1.2582183578796529,1.5272814265272552,3558.8050115515016,2330.156675605976
5,MatoGrosso_2016-2017.csv,242.69168331016576,353.2350854780927,1.4554890413226473,1.5272814265272552,3558.8050115515016,2330.156675605976
6,valle_cauca_2016-2017.csv,166.8083343486268,449.2244185850621,2.6930573963180406,1.5272814265272552,3558.8050115515016,2330.156675605976
7,Bahia_2016-2017.csv,613.2738695557917,1029.8572111710205,1.6792778272404947,1.5272814265272552,3558.8050115515016,2330.156675605976
8,RioDeJaneiro_2016-2017.csv,692.7264884421796,1063.3202199661591,1.5349784333458647,1.5272814265272552,3558.8050115515016,2330.156675605976
