,File,NaiveRMSE,LSTMRMSE,LSTM-Naive-Ratio,Average-Ratio,TotalLSTM-RMSE,TotalNaive-RMSE
0,SaoPaulo_2016-2017.csv,26.394997414214608,55.78377061502801,2.1134220905430565,1.1413694397841156,842.5368850690666,738.1806939113669
1,MinasGerais_2016-2017.csv,86.68787754174761,123.45379894960772,1.424118370993155,1.1413694397841156,842.5368850690666,738.1806939113669
2,MatoGrosso_2016-2017.csv,90.72776124509527,104.4208609222837,1.1509251356946568,1.1413694397841156,842.5368850690666,738.1806939113669
3,Bahia_2016-2017.csv,243.01872804580026,290.1114609083669,1.1937823197465314,1.1413694397841156,842.5368850690666,738.1806939113669
4,RioDeJaneiro_2016-2017.csv,291.35132966450914,268.76699367378023,0.9224841842433507,1.1413694397841156,842.5368850690666,738.1806939113669
