,File,NaiveRMSE,LSTMRMSE,NaiveRelativeRMSE,LSTMRelativeRMSE,LSTM-Naive-Ratio,Average-Ratio,TotalLSTM-RMSE,TotalNaive-RMSE
0,SaoPaulo_2016-2017.csv,40.55243519198323,46.784592786987616,0.7638431944242461,0.8812317345448788,1.153681463653172,0.9132220363475364,1027.4320269099837,1125.0626748115214
1,MinasGerais_2016-2017.csv,134.30886046720818,175.75828330227327,0.9647931935005256,1.2625406458032704,1.3086127206416518,0.9132220363475364,1027.4320269099837,1125.0626748115214
2,MatoGrosso_2016-2017.csv,142.11143514861845,140.9191446557043,0.8547542111669582,0.8475829703819577,0.9916101720338881,0.9132220363475364,1027.4320269099837,1125.0626748115214
3,Bahia_2016-2017.csv,392.86974940812127,393.0542013368843,0.8228328015082338,0.8232191206318525,1.0004694989345475,0.9132220363475364,1027.4320269099837,1125.0626748115214
4,RioDeJaneiro_2016-2017.csv,415.22019459559044,270.9158048281343,0.6960008625760006,0.4541147957158039,0.6524629783288758,0.9132220363475364,1027.4320269099837,1125.0626748115214
