,File,NaiveRMSE,P-LSTM-RMSE - No Google,P-LSTM - No Google-Naive-Ratio,Average-Ratio,Total P-LSTM-RMSE - No Google,TotalNaive-RMSE
0,SaoPaulo_2016-2017.csv,80.94359268557656,116.91992300898097,1.4444617434162281,1.2583547046795618,2692.2099089948074,2139.4682270293374
1,huila_2016-2017.csv,120.99953139553122,67.52725797844931,0.5580786735256996,1.2583547046795618,2692.2099089948074,2139.4682270293374
2,tolima_2016-2017.csv,119.19558560981183,95.86945075223454,0.8043037018674863,1.2583547046795618,2692.2099089948074,2139.4682270293374
3,santander_norte_2016-2017.csv,186.8847431346252,79.76600823031728,0.42681926246305,1.2583547046795618,2692.2099089948074,2139.4682270293374
4,santander_2016-2017.csv,77.58885827124311,184.22034400909206,2.3743144069097606,1.2583547046795618,2692.2099089948074,2139.4682270293374
5,MinasGerais_2016-2017.csv,259.48555288548124,286.7413280926115,1.105037736799008,1.2583547046795618,2692.2099089948074,2139.4682270293374
6,MatoGrosso_2016-2017.csv,310.24237797643605,289.9185995513769,0.9344906438713448,1.2583547046795618,2692.2099089948074,2139.4682270293374
7,valle_cauca_2016-2017.csv,189.1969736686103,469.907988232529,2.4836971708416473,1.2583547046795618,2692.2099089948074,2139.4682270293374
8,RioDeJaneiro_2016-2017.csv,794.9310114020219,1101.3390091392157,1.3854523139017827,1.2583547046795618,2692.2099089948074,2139.4682270293374
