,File,NaiveRMSE,P-NN-RMSE - No Google,P-NN - No Google-Naive-Ratio,Average-Ratio,Total P-NN-RMSE - No Google,TotalNaive-RMSE
0,SaoPaulo_2016-2017.csv,91.24688932861062,81.52317616116225,0.893435127060277,0.5917351487745404,1672.7244104185404,2826.8126608376824
1,huila_2016-2017.csv,136.82185041140175,13.967904300587739,0.10208825753041967,0.5917351487745404,1672.7244104185404,2826.8126608376824
2,tolima_2016-2017.csv,131.2911046745615,34.89888022569958,0.2658129833868437,0.5917351487745404,1672.7244104185404,2826.8126608376824
3,santander_norte_2016-2017.csv,212.29720715701058,36.87261020887789,0.17368391559483717,0.5917351487745404,1672.7244104185404,2826.8126608376824
4,santander_2016-2017.csv,93.07495859073302,97.21469893768591,1.0444774879262215,0.5917351487745404,1672.7244104185404,2826.8126608376824
5,MinasGerais_2016-2017.csv,279.707734308023,229.97405076562862,0.8221941067685097,0.5917351487745404,1672.7244104185404,2826.8126608376824
6,valle_cauca_2016-2017.csv,211.5345470208905,184.72874425021362,0.8732793146642396,0.5917351487745404,1672.7244104185404,2826.8126608376824
7,Bahia_2016-2017.csv,819.9580825630521,458.79764970399697,0.5595379318292371,0.5917351487745404,1672.7244104185404,2826.8126608376824
8,RioDeJaneiro_2016-2017.csv,850.8802867833996,534.746695864688,0.6284629038547855,0.5917351487745404,1672.7244104185404,2826.8126608376824
