,File,NaiveRMSE,LSTMRMSE,NaiveRelativeRMSE,LSTMRelativeRMSE,LSTM-Naive-Ratio,Average-Ratio
0,Chiapas_2016-2017.csv,19.516084418253786,19.390057051821447,2.6235614169943364,2.6066194665000024,0.9935423846437934,0.8345090585589823
1,Guerrero_2016-2017.csv,15.948258173716342,19.696214733750384,1.899063549239613,2.345357282998223,1.2350072665747844,0.8345090585589823
2,Yucatan_2016-2017.csv,30.87846485557102,23.733906669938435,3.6153997082986384,2.7788803508410593,0.7686232712976474,0.8345090585589823
3,NuevoLeon_2016-2017.csv,45.30418730928856,41.06991908145077,5.028097798765888,4.5581563646457255,0.9065369344574988,0.8345090585589823
4,Veracruz_2016-2017.csv,26.552604699474035,11.438720098547453,1.308931217579706,0.5638805682382547,0.43079465189997107,0.8345090585589823
