,File,NaiveRMSE,LSTMRMSE,LSTM-Naive-Ratio,Average-Ratio,TotalLSTM-RMSE,TotalNaive-RMSE
0,Chiapas_2016-2017.csv,19.516084418253786,15.621787036883536,0.8004570333930389,0.8909731234947391,123.13212879330482,138.19959945630376
1,Guerrero_2016-2017.csv,15.948258173716342,14.973656332107558,0.9388897626942744,0.8909731234947391,123.13212879330482,138.19959945630376
2,Yucatan_2016-2017.csv,30.87846485557102,26.41304636449278,0.8553872897514657,0.8909731234947391,123.13212879330482,138.19959945630376
3,NuevoLeon_2016-2017.csv,45.30418730928856,33.87351740248278,0.7476906532111617,0.8909731234947391,123.13212879330482,138.19959945630376
4,Veracruz_2016-2017.csv,26.552604699474035,32.25012165733816,1.214574691347587,0.8909731234947391,123.13212879330482,138.19959945630376
