,File,NaiveRMSE,P-LSTM-RMSE - No Google,P-LSTM - No Google-Naive-Ratio,Average-Ratio,Total P-LSTM-RMSE - No Google,TotalNaive-RMSE
0,SaoPaulo_2016-2017.csv,67.15209595289603,91.23774406286078,1.3586730654968637,1.4356999343927583,3092.4887506321975,2153.9937953261747
1,huila_2016-2017.csv,108.014643754012,76.55417972637898,0.7087388993359108,1.4356999343927583,3092.4887506321975,2153.9937953261747
2,tolima_2016-2017.csv,54.45930890610541,118.60711440126346,2.177903406849264,1.4356999343927583,3092.4887506321975,2153.9937953261747
3,santander_norte_2016-2017.csv,165.42693682883518,89.17416247376066,0.5390546677777626,1.4356999343927583,3092.4887506321975,2153.9937953261747
4,santander_2016-2017.csv,66.52880303036467,159.67859428256537,2.4001422994140724,1.4356999343927583,3092.4887506321975,2153.9937953261747
5,MinasGerais_2016-2017.csv,219.60331450736328,204.6356252636783,0.9318421523952767,1.4356999343927583,3092.4887506321975,2153.9937953261747
6,valle_cauca_2016-2017.csv,166.8083343486268,416.94380212106194,2.4995381900382503,1.4356999343927583,3092.4887506321975,2153.9937953261747
7,Bahia_2016-2017.csv,613.2738695557917,960.8259847749852,1.566716001565391,1.4356999343927583,3092.4887506321975,2153.9937953261747
8,RioDeJaneiro_2016-2017.csv,692.7264884421796,974.8315435256428,1.4072387295566942,1.4356999343927583,3092.4887506321975,2153.9937953261747
