,File,NaiveRMSE,H-LSTM-RMSE - No Google,H-LSTM - No Google-Naive-Ratio,Average-Ratio,Total H-LSTM-RMSE - No Google,TotalNaive-RMSE
0,SaoPaulo_2016-2017.csv,49.0806253593854,54.99791887878602,1.120562716470545,0.61299794031006,1085.7484869775003,1771.210660884633
1,huila_2016-2017.csv,90.44028109445726,14.020456952247526,0.15502447341582606,0.61299794031006,1085.7484869775003,1771.210660884633
2,tolima_2016-2017.csv,131.52827402762824,47.584833846161416,0.3617840665662955,0.61299794031006,1085.7484869775003,1771.210660884633
3,santander_norte_2016-2017.csv,132.83003493870723,57.768017323402006,0.43490177014602416,0.61299794031006,1085.7484869775003,1771.210660884633
4,santander_2016-2017.csv,56.64696627250914,52.31658570235414,0.9235549429192197,0.61299794031006,1085.7484869775003,1771.210660884633
5,MinasGerais_2016-2017.csv,160.97848418309562,145.6300091952417,0.904655115460047,0.61299794031006,1085.7484869775003,1771.210660884633
6,MatoGrosso_2016-2017.csv,171.58162382403037,96.6579996548827,0.5633353823135082,0.61299794031006,1085.7484869775003,1771.210660884633
7,Bahia_2016-2017.csv,449.9565305209188,210.17349739596742,0.46709733749757476,0.61299794031006,1085.7484869775003,1771.210660884633
8,RioDeJaneiro_2016-2017.csv,528.1678406639006,406.59916802845726,0.7698294684458012,0.61299794031006,1085.7484869775003,1771.210660884633
