,File,NaiveRMSE,P-LSTM-RMSE,P-LSTM-Naive-Ratio,Average-Ratio,Total P-LSTM-RMSE,TotalNaive-RMSE
0,SaoPaulo_2016-2017.csv,67.15209595289603,100.66227394292648,1.4990190926212672,1.532186326621672,2732.518882171571,1783.4116090805487
1,huila_2016-2017.csv,108.014643754012,78.90716745882627,0.7305228690891776,1.532186326621672,2732.518882171571,1783.4116090805487
2,tolima_2016-2017.csv,54.45930890610541,123.4249830990754,2.2663707193177083,1.532186326621672,2732.518882171571,1783.4116090805487
3,santander_norte_2016-2017.csv,165.42693682883518,94.47247323062597,0.5710827694789226,1.532186326621672,2732.518882171571,1783.4116090805487
4,santander_2016-2017.csv,66.52880303036467,175.6316153678401,2.63993349298167,1.532186326621672,2732.518882171571,1783.4116090805487
5,MinasGerais_2016-2017.csv,219.60331450736328,272.3265812570582,1.240084111972395,1.532186326621672,2732.518882171571,1783.4116090805487
6,MatoGrosso_2016-2017.csv,242.69168331016576,352.4801453479194,1.4523783449861418,1.532186326621672,2732.518882171571,1783.4116090805487
7,valle_cauca_2016-2017.csv,166.8083343486268,450.6421945224497,2.7015568273741923,1.532186326621672,2732.518882171571,1783.4116090805487
8,RioDeJaneiro_2016-2017.csv,692.7264884421796,1083.9714479448494,1.5647899510563124,1.532186326621672,2732.518882171571,1783.4116090805487
