,File,NaiveRMSE,P-LSTM-RMSE - No Google,P-LSTM - No Google-Naive-Ratio,Average-Ratio,Total P-LSTM-RMSE - No Google,TotalNaive-RMSE
0,SaoPaulo_2016-2017.csv,80.94359268557656,107.77638816417989,1.3314999320926448,1.2659175361064983,3489.5011445452865,2756.499570483653
1,huila_2016-2017.csv,120.99953139553122,66.27264616013673,0.547709940656715,1.2659175361064983,3489.5011445452865,2756.499570483653
2,santander_norte_2016-2017.csv,186.8847431346252,78.99234901710433,0.4226794958869436,1.2659175361064983,3489.5011445452865,2756.499570483653
3,santander_2016-2017.csv,77.58885827124311,180.53256444543945,2.3267846501145195,1.2659175361064983,3489.5011445452865,2756.499570483653
4,MinasGerais_2016-2017.csv,259.48555288548124,276.6522001084633,1.0661564662544363,1.2659175361064983,3489.5011445452865,2756.499570483653
5,MatoGrosso_2016-2017.csv,310.24237797643605,286.1302419825854,0.9222796829010831,1.2659175361064983,3489.5011445452865,2756.499570483653
6,valle_cauca_2016-2017.csv,189.1969736686103,458.54399554702945,2.423632823800852,1.2659175361064983,3489.5011445452865,2756.499570483653
7,Bahia_2016-2017.csv,736.2269290641273,975.3542026517324,1.3248010418358067,1.2659175361064983,3489.5011445452865,2756.499570483653
8,RioDeJaneiro_2016-2017.csv,794.9310114020219,1059.2465564686152,1.3325012375607528,1.2659175361064983,3489.5011445452865,2756.499570483653
