,File,NaiveRMSE,P-LSTM-RMSE - No Google,P-LSTM - No Google-Naive-Ratio,Average-Ratio,Total P-LSTM-RMSE - No Google,TotalNaive-RMSE
0,SaoPaulo_2016-2017.csv,67.15209595289603,92.18066064410263,1.372714571839469,1.5639420891783333,3489.559145371432,2231.2585418075055
1,huila_2016-2017.csv,108.014643754012,77.25789767134277,0.7152539228596324,1.5639420891783333,3489.559145371432,2231.2585418075055
2,tolima_2016-2017.csv,54.45930890610541,120.08539997338589,2.205048179741465,1.5639420891783333,3489.559145371432,2231.2585418075055
3,santander_2016-2017.csv,66.52880303036467,167.82964392364318,2.5226614079775853,1.5639420891783333,3489.559145371432,2231.2585418075055
4,MinasGerais_2016-2017.csv,219.60331450736328,243.08258492330768,1.106916739706846,1.5639420891783333,3489.559145371432,2231.2585418075055
5,MatoGrosso_2016-2017.csv,242.69168331016576,344.4191437617235,1.4191633560081562,1.5639420891783333,3489.559145371432,2231.2585418075055
6,valle_cauca_2016-2017.csv,166.8083343486268,430.06623171771724,2.578205899585842,1.5639420891783333,3489.559145371432,2231.2585418075055
7,Bahia_2016-2017.csv,613.2738695557917,989.9335274777195,1.614178553204543,1.5639420891783333,3489.559145371432,2231.2585418075055
8,RioDeJaneiro_2016-2017.csv,692.7264884421796,1024.7040552784897,1.4792332506049672,1.5639420891783333,3489.559145371432,2231.2585418075055
