,Country,Cumulative RMSE,AvgRMSE
0,Brazil,1011682.8441572227,324.2573218452637
1,Colombia,245671.11399895517,87.48971296259087
2,Mexico,29103.030525839844,9.327894399307642
