,File,NaiveRMSE,P-LSTM-RMSE - No Google,P-LSTM - No Google-Naive-Ratio,Average-Ratio,Total P-LSTM-RMSE - No Google,TotalNaive-RMSE
0,SaoPaulo_2016-2017.csv,80.94359268557656,108.4869227665932,1.3402780772038132,1.3025622088960689,3502.342830806417,2688.8104129588396
1,huila_2016-2017.csv,120.99953139553122,66.2995903886028,0.5479326210932035,1.3025622088960689,3502.342830806417,2688.8104129588396
2,tolima_2016-2017.csv,119.19558560981183,93.22718724597729,0.7821362407762112,1.3025622088960689,3502.342830806417,2688.8104129588396
3,santander_2016-2017.csv,77.58885827124311,180.69705236483514,2.3289046441840373,1.3025622088960689,3502.342830806417,2688.8104129588396
4,MinasGerais_2016-2017.csv,259.48555288548124,265.8870687518264,1.0246700280426415,1.3025622088960689,3502.342830806417,2688.8104129588396
5,MatoGrosso_2016-2017.csv,310.24237797643605,286.27100057539144,0.9227333881418827,1.3025622088960689,3502.342830806417,2688.8104129588396
6,valle_cauca_2016-2017.csv,189.1969736686103,459.9027565885467,2.430814550945691,1.3025622088960689,3502.342830806417,2688.8104129588396
7,Bahia_2016-2017.csv,736.2269290641273,978.1452715150094,1.3285920860819402,1.3025622088960689,3502.342830806417,2688.8104129588396
8,RioDeJaneiro_2016-2017.csv,794.9310114020219,1063.4259806096347,1.3377588310890873,1.3025622088960689,3502.342830806417,2688.8104129588396
