,File,NaiveRMSE,P-LSTM-RMSE - No Google,P-LSTM - No Google-Naive-Ratio,Average-Ratio,Total P-LSTM-RMSE - No Google,TotalNaive-RMSE
0,SaoPaulo_2016-2017.csv,80.94359268557656,93.6924276420455,1.1575027069281627,1.2604176270504506,3472.066922528028,2754.6956246979335
1,tolima_2016-2017.csv,119.19558560981183,92.89149977904718,0.779319966455206,1.2604176270504506,3472.066922528028,2754.6956246979335
2,santander_norte_2016-2017.csv,186.8847431346252,76.95953742389264,0.4118021414324533,1.2604176270504506,3472.066922528028,2754.6956246979335
3,santander_2016-2017.csv,77.58885827124311,177.73464642438813,2.290723827937319,1.2604176270504506,3472.066922528028,2754.6956246979335
4,MinasGerais_2016-2017.csv,259.48555288548124,270.5965243707223,1.042819229670735,1.2604176270504506,3472.066922528028,2754.6956246979335
5,MatoGrosso_2016-2017.csv,310.24237797643605,284.3187675357064,0.9164407821722581,1.2604176270504506,3472.066922528028,2754.6956246979335
6,valle_cauca_2016-2017.csv,189.1969736686103,455.3231632953464,2.4066091252224355,1.2604176270504506,3472.066922528028,2754.6956246979335
7,Bahia_2016-2017.csv,736.2269290641273,970.8175814177291,1.3186390542000515,1.2604176270504506,3472.066922528028,2754.6956246979335
8,RioDeJaneiro_2016-2017.csv,794.9310114020219,1049.7327746391502,1.3205331778260025,1.2604176270504506,3472.066922528028,2754.6956246979335
