,File,NaiveRMSE,H-LSTM-RMSE,H-LSTM-Naive-Ratio,Average-Ratio,Total H-LSTM-RMSE,TotalNaive-RMSE
0,SaoPaulo_2016-2017.csv,67.15209595289603,64.4392717392246,0.9596017938803525,0.6728821746865951,1501.3740998994754,2231.2585418075055
1,huila_2016-2017.csv,108.014643754012,30.298189065254963,0.28050075445561606,0.6728821746865951,1501.3740998994754,2231.2585418075055
2,tolima_2016-2017.csv,54.45930890610541,62.28111694133258,1.1436266488198175,0.6728821746865951,1501.3740998994754,2231.2585418075055
3,santander_2016-2017.csv,66.52880303036467,69.18728491208431,1.0399598634069258,0.6728821746865951,1501.3740998994754,2231.2585418075055
4,MinasGerais_2016-2017.csv,219.60331450736328,197.8644695783269,0.9010085754953052,0.6728821746865951,1501.3740998994754,2231.2585418075055
5,MatoGrosso_2016-2017.csv,242.69168331016576,108.51085648721386,0.4471140296494396,0.6728821746865951,1501.3740998994754,2231.2585418075055
6,valle_cauca_2016-2017.csv,166.8083343486268,156.4351583092128,0.9378138024102907,0.6728821746865951,1501.3740998994754,2231.2585418075055
7,Bahia_2016-2017.csv,613.2738695557917,445.2603978948636,0.7260384307868455,0.6728821746865951,1501.3740998994754,2231.2585418075055
8,RioDeJaneiro_2016-2017.csv,692.7264884421796,367.0973549719617,0.529931164892365,0.6728821746865951,1501.3740998994754,2231.2585418075055
