,File,NaiveRMSE,P-LSTM-RMSE,P-LSTM-Naive-Ratio,Average-Ratio,Total P-LSTM-RMSE,TotalNaive-RMSE
0,SaoPaulo_2016-2017.csv,80.94359268557656,95.1231260992755,1.1751779596536935,1.12889953156385,2348.973668237025,2080.764144691443
1,huila_2016-2017.csv,120.99953139553122,63.37134564126252,0.5237321575577851,1.12889953156385,2348.973668237025,2080.764144691443
2,tolima_2016-2017.csv,119.19558560981183,88.59248982230415,0.7432531110028916,1.12889953156385,2348.973668237025,2080.764144691443
3,santander_norte_2016-2017.csv,186.8847431346252,73.22959547766138,0.3918436264479297,1.12889953156385,2348.973668237025,2080.764144691443
4,santander_2016-2017.csv,77.58885827124311,165.9925147386945,2.139385969031801,1.12889953156385,2348.973668237025,2080.764144691443
5,MinasGerais_2016-2017.csv,259.48555288548124,261.7225380447556,1.0086208466498388,1.12889953156385,2348.973668237025,2080.764144691443
6,MatoGrosso_2016-2017.csv,310.24237797643605,273.37278410022793,0.8811587439578984,1.12889953156385,2348.973668237025,2080.764144691443
7,valle_cauca_2016-2017.csv,189.1969736686103,424.410198132085,2.2432187465929796,1.12889953156385,2348.973668237025,2080.764144691443
8,Bahia_2016-2017.csv,736.2269290641273,903.1590761807585,1.2267400722883515,1.12889953156385,2348.973668237025,2080.764144691443
