,File,NaiveRMSE,NNRMSE,NN-Naive-Ratio,Average-Ratio,TotalNN-RMSE,TotalNaive-RMSE
0,SaoPaulo_2016-2017.csv,67.15209595289603,49.892529752662384,0.7429779971076345,0.755706666047557,1627.7874697530674,2153.9937953261747
1,huila_2016-2017.csv,108.014643754012,13.980145025990304,0.12942823806212886,0.755706666047557,1627.7874697530674,2153.9937953261747
2,tolima_2016-2017.csv,54.45930890610541,37.43471476142885,0.6873887222103925,0.755706666047557,1627.7874697530674,2153.9937953261747
3,santander_norte_2016-2017.csv,165.42693682883518,36.07360480542605,0.2180636690550033,0.755706666047557,1627.7874697530674,2153.9937953261747
4,santander_2016-2017.csv,66.52880303036467,66.46511310828346,0.9990426714568705,0.755706666047557,1627.7874697530674,2153.9937953261747
5,MinasGerais_2016-2017.csv,219.60331450736328,205.01556315145191,0.9335722623830333,0.755706666047557,1627.7874697530674,2153.9937953261747
6,valle_cauca_2016-2017.csv,166.8083343486268,166.32483196800004,0.9971014495018201,0.755706666047557,1627.7874697530674,2153.9937953261747
7,Bahia_2016-2017.csv,613.2738695557917,512.296554724912,0.8353471102494225,0.755706666047557,1627.7874697530674,2153.9937953261747
8,RioDeJaneiro_2016-2017.csv,692.7264884421796,540.3044124549123,0.7799678826631303,0.755706666047557,1627.7874697530674,2153.9937953261747
