,File,NaiveRMSE,GRURMSE,NaiveRelativeRMSE,GRURelativeRMSE,GRU-Naive-Ratio,Average-Ratio,TotalGRU-RMSE,TotalNaive-RMSE
0,Chiapas_2016-2017.csv,19.049312025892007,22.840842125505493,2.566365647932673,3.0771690085750456,1.1990376394937519,0.76220262864618,115.06973001559034,150.96999890957676
1,Guerrero_2016-2017.csv,16.991811247908096,18.47388885194024,2.0051164124660406,2.180008781798301,1.0872230501156612,0.76220262864618,115.06973001559034,150.96999890957676
2,Yucatan_2016-2017.csv,30.40533729598266,26.40475925114633,3.5236770820911807,3.0600497578986787,0.8684251384586709,0.76220262864618,115.06973001559034,150.96999890957676
3,NuevoLeon_2016-2017.csv,47.53273424433175,33.98234352605286,5.22160274258231,3.7330547248325336,0.7149250735582339,0.76220262864618,115.06973001559034,150.96999890957676
4,Veracruz_2016-2017.csv,36.99080409546224,13.367896260945416,1.8048832984204413,0.6522565077020651,0.36138431125873505,0.76220262864618,115.06973001559034,150.96999890957676
