,File,NaiveRMSE,NNRMSE,NN-Naive-Ratio,Average-Ratio,TotalNN-RMSE,TotalNaive-RMSE
0,SaoPaulo_2016-2017.csv,26.394997414214608,23.901564677632614,0.9055338897196029,0.6963525132122423,750.7938332767321,1078.1806901411965
1,huila_2016-2017.csv,59.602097278535425,17.44323050362722,0.29266135421561873,0.6963525132122423,750.7938332767321,1078.1806901411965
2,tolima_2016-2017.csv,124.83905638861582,35.005300157030376,0.2804034343872415,0.6963525132122423,750.7938332767321,1078.1806901411965
3,santander_norte_2016-2017.csv,96.52642125345785,42.22782343818289,0.43747424684171815,0.6963525132122423,750.7938332767321,1078.1806901411965
4,santander_2016-2017.csv,49.70010060351991,46.69312937798617,0.9394976833241908,0.6963525132122423,750.7938332767321,1078.1806901411965
5,MinasGerais_2016-2017.csv,86.68787754174761,81.36841886616006,0.9386366487860338,0.6963525132122423,750.7938332767321,1078.1806901411965
6,valle_cauca_2016-2017.csv,100.06008195079595,98.33171209205659,0.9827266795604938,0.6963525132122423,750.7938332767321,1078.1806901411965
7,Bahia_2016-2017.csv,243.01872804580026,162.87121532583242,0.6702002624881531,0.6963525132122423,750.7938332767321,1078.1806901411965
8,RioDeJaneiro_2016-2017.csv,291.35132966450914,242.95143883822377,0.8338779133700271,0.6963525132122423,750.7938332767321,1078.1806901411965
