,File,NaiveRMSE,P-NN-RMSE - No Google,P-NN - No Google-Naive-Ratio,Average-Ratio,Total P-NN-RMSE - No Google,TotalNaive-RMSE
0,SaoPaulo_2016-2017.csv,80.94359268557656,107.8705879920771,1.3326637033655995,0.6152148390761786,1316.2326010004508,2139.4682270293374
1,huila_2016-2017.csv,120.99953139553122,17.064526548038522,0.14102969119985165,0.6152148390761786,1316.2326010004508,2139.4682270293374
2,tolima_2016-2017.csv,119.19558560981183,33.84460499944138,0.28394176534550614,0.6152148390761786,1316.2326010004508,2139.4682270293374
3,santander_norte_2016-2017.csv,186.8847431346252,40.781686903283116,0.21821838540295085,0.6152148390761786,1316.2326010004508,2139.4682270293374
4,santander_2016-2017.csv,77.58885827124311,74.32427016638077,0.9579245245051853,0.6152148390761786,1316.2326010004508,2139.4682270293374
5,MinasGerais_2016-2017.csv,259.48555288548124,215.84038122278622,0.8318011497081036,0.6152148390761786,1316.2326010004508,2139.4682270293374
6,MatoGrosso_2016-2017.csv,310.24237797643605,110.4518933689806,0.3560180723517075,0.6152148390761786,1316.2326010004508,2139.4682270293374
7,valle_cauca_2016-2017.csv,189.1969736686103,172.08465877927318,0.9095529143118836,0.6152148390761786,1316.2326010004508,2139.4682270293374
8,RioDeJaneiro_2016-2017.csv,794.9310114020219,543.9699910201902,0.6842983645345385,0.6152148390761786,1316.2326010004508,2139.4682270293374
