,File,NaiveRMSE,H-LSTM-RMSE,H-LSTM-Naive-Ratio,Average-Ratio,Total H-LSTM-RMSE,TotalNaive-RMSE
0,SaoPaulo_2016-2017.csv,49.0806253593854,70.30293104778374,1.432396806947777,0.709430291810938,982.3155444709001,1384.6540749808942
1,huila_2016-2017.csv,90.44028109445726,26.014341186896115,0.2876410916915033,0.709430291810938,982.3155444709001,1384.6540749808942
2,tolima_2016-2017.csv,131.52827402762824,46.37665084417713,0.3525983381674685,0.709430291810938,982.3155444709001,1384.6540749808942
3,santander_norte_2016-2017.csv,132.83003493870723,66.20446725268074,0.49841489000006645,0.709430291810938,982.3155444709001,1384.6540749808942
4,santander_2016-2017.csv,56.64696627250914,57.324393468441606,1.0119587550844928,0.709430291810938,982.3155444709001,1384.6540749808942
5,MinasGerais_2016-2017.csv,160.97848418309562,166.05739441078487,1.0315502425896403,0.709430291810938,982.3155444709001,1384.6540749808942
6,MatoGrosso_2016-2017.csv,171.58162382403037,101.38557171861805,0.5908882866302538,0.709430291810938,982.3155444709001,1384.6540749808942
7,valle_cauca_2016-2017.csv,141.6112547601619,143.13565135408103,1.0107646570641642,0.709430291810938,982.3155444709001,1384.6540749808942
8,Bahia_2016-2017.csv,449.9565305209188,305.51414318743696,0.6789859074469714,0.709430291810938,982.3155444709001,1384.6540749808942
