,File,NaiveRMSE,H-LSTM-RMSE,H-LSTM-Naive-Ratio,Average-Ratio,Total H-LSTM-RMSE,TotalNaive-RMSE
0,SaoPaulo_2016-2017.csv,26.813275046063428,26.292560746241005,0.9805799814111529,0.9859895114519406,1342.3966706529154,1361.4715522441406
1,huila_2016-2017.csv,148.6285524451535,135.00553493516287,0.9083418543350359,0.9859895114519406,1342.3966706529154,1361.4715522441406
2,tolima_2016-2017.csv,154.0609197372626,133.70810950863446,0.867891154594312,0.9859895114519406,1342.3966706529154,1361.4715522441406
3,santander_norte_2016-2017.csv,214.63475410544052,192.69016299320248,0.897758444555267,0.9859895114519406,1342.3966706529154,1361.4715522441406
4,santander_2016-2017.csv,52.17920948915018,51.09301849929533,0.9791834525572737,0.9859895114519406,1342.3966706529154,1361.4715522441406
5,MatoGrosso_2016-2017.csv,97.03712262175127,102.87306397444449,1.0601413273087414,0.9859895114519406,1342.3966706529154,1361.4715522441406
6,valle_cauca_2016-2017.csv,107.02671837724421,104.3077440481354,0.9745953686113681,0.9859895114519406,1342.3966706529154,1361.4715522441406
7,Bahia_2016-2017.csv,270.4808434371977,284.22983978659494,1.0508316824758408,0.9859895114519406,1342.3966706529154,1361.4715522441406
8,RioDeJaneiro_2016-2017.csv,290.6101569848774,312.1966361612044,1.0742798510564457,0.9859895114519406,1342.3966706529154,1361.4715522441406
