,File,NaiveRMSE,H-LSTM-RMSE,H-LSTM-Naive-Ratio,Average-Ratio,Total H-LSTM-RMSE,TotalNaive-RMSE
0,SaoPaulo_2016-2017.csv,26.813275046063428,25.39239945782592,0.9470085028480655,0.9929789432844746,1392.0594815586514,1401.9023172376033
1,huila_2016-2017.csv,148.6285524451535,134.99414751003226,0.9082652376625105,0.9929789432844746,1392.0594815586514,1401.9023172376033
2,tolima_2016-2017.csv,154.0609197372626,133.75838247260037,0.8682174733262243,0.9929789432844746,1392.0594815586514,1401.9023172376033
3,santander_norte_2016-2017.csv,214.63475410544052,192.69200246765234,0.897767014809686,0.9929789432844746,1392.0594815586514,1401.9023172376033
4,MinasGerais_2016-2017.csv,92.60997448261274,102.97534174080216,1.1119249553419916,0.9929789432844746,1392.0594815586514,1401.9023172376033
5,MatoGrosso_2016-2017.csv,97.03712262175127,103.426091997751,1.0658404660338479,0.9929789432844746,1392.0594815586514,1401.9023172376033
6,valle_cauca_2016-2017.csv,107.02671837724421,104.81389040939368,0.9793245275441331,0.9929789432844746,1392.0594815586514,1401.9023172376033
7,Bahia_2016-2017.csv,270.4808434371977,282.7482337538626,1.0453540079244588,0.9929789432844746,1392.0594815586514,1401.9023172376033
8,RioDeJaneiro_2016-2017.csv,290.6101569848774,311.2589917487309,1.0710533829171291,0.9929789432844746,1392.0594815586514,1401.9023172376033
