,Country,Cumulative RMSE,AvgRMSE
0,Brazil,4726.458999204354,18.178688458478284
1,Colombia,2576.2592789600612,9.908689534461773
2,Mexico,630.4241167350317,2.4247081412885834
