,Country,Cumulative RMSE,AvgRMSE,HighestError,LowestError
0,Brazil,4717.615378879107,18.14467453415041,250.33589034668663,-249.83494902251843
1,Colombia,2576.2592789600612,9.908689534461773,66.2431501986074,-84.73125756899475
2,Mexico,630.4241167350317,2.4247081412885834,68.09059998633931,-41.97729722427264
