,File,NaiveRMSE,H-LSTM-RMSE,H-LSTM-Naive-Ratio,Average-Ratio,Total H-LSTM-RMSE,TotalNaive-RMSE
0,SaoPaulo_2016-2017.csv,26.394997414214608,60.55869678202679,2.2943247855525026,0.7256919693633673,778.2190273569822,1072.382030132834
1,huila_2016-2017.csv,59.602097278535425,45.606709311077736,0.765186317151664,0.7256919693633673,778.2190273569822,1072.382030132834
2,tolima_2016-2017.csv,124.83905638861582,57.49758045771169,0.4605736547601376,0.7256919693633673,778.2190273569822,1072.382030132834
3,santander_2016-2017.csv,49.70010060351991,49.736324131908084,1.000728842154207,0.7256919693633673,778.2190273569822,1072.382030132834
4,MinasGerais_2016-2017.csv,86.68787754174761,72.65582715538737,0.838131342186771,0.7256919693633673,778.2190273569822,1072.382030132834
5,MatoGrosso_2016-2017.csv,90.72776124509527,63.02643350677713,0.6946763883715287,0.7256919693633673,778.2190273569822,1072.382030132834
6,valle_cauca_2016-2017.csv,100.06008195079595,93.7308976724873,0.9367461613571235,0.7256919693633673,778.2190273569822,1072.382030132834
7,Bahia_2016-2017.csv,243.01872804580026,89.20202805087,0.3670582459556723,0.7256919693633673,778.2190273569822,1072.382030132834
8,RioDeJaneiro_2016-2017.csv,291.35132966450914,246.20453028873612,0.8450434414431555,0.7256919693633673,778.2190273569822,1072.382030132834
