,File,NaiveRMSE,P-NN-RMSE - No Google,P-NN - No Google-Naive-Ratio,Average-Ratio,Total P-NN-RMSE - No Google,TotalNaive-RMSE
0,SaoPaulo_2016-2017.csv,26.394997414214608,35.10602861392192,1.3300258402380494,0.6916632717122292,745.7379836400091,1078.1806901411965
1,huila_2016-2017.csv,59.602097278535425,15.270279489410314,0.2562037274971802,0.6916632717122292,745.7379836400091,1078.1806901411965
2,tolima_2016-2017.csv,124.83905638861582,44.60535708962492,0.3573029016718242,0.6916632717122292,745.7379836400091,1078.1806901411965
3,santander_norte_2016-2017.csv,96.52642125345785,37.27952522542498,0.38621058090962346,0.6916632717122292,745.7379836400091,1078.1806901411965
4,santander_2016-2017.csv,49.70010060351991,46.6904988354777,0.9394447550106355,0.6916632717122292,745.7379836400091,1078.1806901411965
5,MinasGerais_2016-2017.csv,86.68787754174761,71.79080896291275,0.8281528051986201,0.6916632717122292,745.7379836400091,1078.1806901411965
6,valle_cauca_2016-2017.csv,100.06008195079595,92.06613695701365,0.9201085504036137,0.6916632717122292,745.7379836400091,1078.1806901411965
7,Bahia_2016-2017.csv,243.01872804580026,143.42901539034744,0.5901973750900229,0.6916632717122292,745.7379836400091,1078.1806901411965
8,RioDeJaneiro_2016-2017.csv,291.35132966450914,259.50033307587535,0.890678389471192,0.6916632717122292,745.7379836400091,1078.1806901411965
