,File,NaiveRMSE,H-LSTM-RMSE - No Google,H-LSTM - No Google-Naive-Ratio,Average-Ratio,Total H-LSTM-RMSE - No Google,TotalNaive-RMSE
0,SaoPaulo_2016-2017.csv,80.94359268557656,89.4035816397692,1.1045170923788281,0.5555873875070787,1156.0463151675199,2080.764144691443
1,huila_2016-2017.csv,120.99953139553122,18.30674741271615,0.15129601909675047,0.5555873875070787,1156.0463151675199,2080.764144691443
2,tolima_2016-2017.csv,119.19558560981183,44.83567719825471,0.3761521617505604,0.5555873875070787,1156.0463151675199,2080.764144691443
3,santander_norte_2016-2017.csv,186.8847431346252,41.11499275820078,0.22000186889832404,0.5555873875070787,1156.0463151675199,2080.764144691443
4,santander_2016-2017.csv,77.58885827124311,73.48533404552317,0.9471119395600021,0.5555873875070787,1156.0463151675199,2080.764144691443
5,MinasGerais_2016-2017.csv,259.48555288548124,197.6158613348449,0.7615678758888696,0.5555873875070787,1156.0463151675199,2080.764144691443
6,MatoGrosso_2016-2017.csv,310.24237797643605,111.64351107512016,0.35985899735335275,0.5555873875070787,1156.0463151675199,2080.764144691443
7,valle_cauca_2016-2017.csv,189.1969736686103,167.86676988225724,0.8872592760193185,0.5555873875070787,1156.0463151675199,2080.764144691443
8,Bahia_2016-2017.csv,736.2269290641273,411.7738398208335,0.5593028773672675,0.5555873875070787,1156.0463151675199,2080.764144691443
