,File,NaiveRMSE,P-LSTM-RMSE - No Google,P-LSTM - No Google-Naive-Ratio,Average-Ratio,Total P-LSTM-RMSE - No Google,TotalNaive-RMSE
0,SaoPaulo_2016-2017.csv,26.394997414214608,110.00316304999895,4.16757620104022,4.052521113042155,4231.1132667092315,1044.069394997676
1,huila_2016-2017.csv,59.602097278535425,128.18269818235615,2.150640733048814,4.052521113042155,4231.1132667092315,1044.069394997676
2,santander_norte_2016-2017.csv,96.52642125345785,171.9445118405514,1.7813206954918765,4.052521113042155,4231.1132667092315,1044.069394997676
3,santander_2016-2017.csv,49.70010060351991,185.75654510802002,3.7375486739933117,4.052521113042155,4231.1132667092315,1044.069394997676
4,MinasGerais_2016-2017.csv,86.68787754174761,292.91566968504594,3.378969216820219,4.052521113042155,4231.1132667092315,1044.069394997676
5,MatoGrosso_2016-2017.csv,90.72776124509527,486.79957025788093,5.365497435154637,4.052521113042155,4231.1132667092315,1044.069394997676
6,valle_cauca_2016-2017.csv,100.06008195079595,470.23992311144383,4.699575634394163,4.052521113042155,4231.1132667092315,1044.069394997676
7,Bahia_2016-2017.csv,243.01872804580026,1154.50695899112,4.750691307928898,4.052521113042155,4231.1132667092315,1044.069394997676
8,RioDeJaneiro_2016-2017.csv,291.35132966450914,1230.7642264828144,4.224330219807263,4.052521113042155,4231.1132667092315,1044.069394997676
