,File,NaiveRMSE,NNRMSE,NN-Naive-Ratio,Average-Ratio,TotalNN-RMSE,TotalNaive-RMSE
0,huila_2016-2017.csv,59.602097278535425,35.82251532898427,0.6010277652072669,0.7564939898945208,864.3045613035067,1142.5134539720773
1,tolima_2016-2017.csv,124.83905638861582,50.021884513799925,0.4006909853442425,0.7564939898945208,864.3045613035067,1142.5134539720773
2,santander_norte_2016-2017.csv,96.52642125345785,36.91849802957087,0.38247039049164316,0.7564939898945208,864.3045613035067,1142.5134539720773
3,santander_2016-2017.csv,49.70010060351991,46.412270304101796,0.9338466067574669,0.7564939898945208,864.3045613035067,1142.5134539720773
4,MinasGerais_2016-2017.csv,86.68787754174761,94.54516451607621,1.0906388205264876,0.7564939898945208,864.3045613035067,1142.5134539720773
5,MatoGrosso_2016-2017.csv,90.72776124509527,59.51638555698565,0.6559886934298524,0.7564939898945208,864.3045613035067,1142.5134539720773
6,valle_cauca_2016-2017.csv,100.06008195079595,97.85897303760538,0.9780021276189544,0.7564939898945208,864.3045613035067,1142.5134539720773
7,Bahia_2016-2017.csv,243.01872804580026,171.36644611780108,0.7051573658368613,0.7564939898945208,864.3045613035067,1142.5134539720773
8,RioDeJaneiro_2016-2017.csv,291.35132966450914,271.8424238985815,0.9330399288433242,0.7564939898945208,864.3045613035067,1142.5134539720773
