,File,NaiveRMSE,P-LSTM-RMSE - No Google,P-LSTM - No Google-Naive-Ratio,Average-Ratio,Total P-LSTM-RMSE - No Google,TotalNaive-RMSE
0,huila_2016-2017.csv,120.99953139553122,65.33902464244531,0.5399940304633148,1.1361531811549275,3175.265879303579,2794.751563407888
1,tolima_2016-2017.csv,119.19558560981183,90.97964385568075,0.763280312691308,1.1361531811549275,3175.265879303579,2794.751563407888
2,santander_norte_2016-2017.csv,186.8847431346252,74.0956621907768,0.3964778555379499,1.1361531811549275,3175.265879303579,2794.751563407888
3,santander_2016-2017.csv,77.58885827124311,165.39766391002934,2.1317192647920553,1.1361531811549275,3175.265879303579,2794.751563407888
4,MinasGerais_2016-2017.csv,259.48555288548124,240.12396489893823,0.9253847169091226,1.1361531811549275,3175.265879303579,2794.751563407888
5,MatoGrosso_2016-2017.csv,310.24237797643605,272.7558680781451,0.879170247008814,1.1361531811549275,3175.265879303579,2794.751563407888
6,valle_cauca_2016-2017.csv,189.1969736686103,422.42007814037316,2.232699973733549,1.1361531811549275,3175.265879303579,2794.751563407888
7,Bahia_2016-2017.csv,736.2269290641273,898.6793714919512,1.2206553930787745,1.1361531811549275,3175.265879303579,2794.751563407888
8,RioDeJaneiro_2016-2017.csv,794.9310114020219,945.4746020952387,1.1893794411513807,1.1361531811549275,3175.265879303579,2794.751563407888
