,File,NaiveRMSE,P-NN-RMSE - No Google,P-NN - No Google-Naive-Ratio,Average-Ratio,Total P-NN-RMSE - No Google,TotalNaive-RMSE
0,SaoPaulo_2016-2017.csv,26.394997414214608,32.38884942777892,1.2270828793616937,0.665775286183812,711.612829048018,1068.848369435496
1,huila_2016-2017.csv,59.602097278535425,16.7095768394374,0.28035216212861425,0.665775286183812,711.612829048018,1068.848369435496
2,tolima_2016-2017.csv,124.83905638861582,32.29553524213561,0.25869736744566313,0.665775286183812,711.612829048018,1068.848369435496
3,santander_norte_2016-2017.csv,96.52642125345785,39.933912295243374,0.4137096535505591,0.665775286183812,711.612829048018,1068.848369435496
4,santander_2016-2017.csv,49.70010060351991,47.22392819687413,0.9501777184235637,0.665775286183812,711.612829048018,1068.848369435496
5,MinasGerais_2016-2017.csv,86.68787754174761,77.09499024729735,0.8893399219535573,0.665775286183812,711.612829048018,1068.848369435496
6,MatoGrosso_2016-2017.csv,90.72776124509527,48.98727838303091,0.5399370348254808,0.665775286183812,711.612829048018,1068.848369435496
7,Bahia_2016-2017.csv,243.01872804580026,116.45882774660046,0.4792175018077297,0.665775286183812,711.612829048018,1068.848369435496
8,RioDeJaneiro_2016-2017.csv,291.35132966450914,300.5199306696199,1.0314692265714676,0.665775286183812,711.612829048018,1068.848369435496
