,File,NaiveRMSE,P-LSTM-RMSE,P-LSTM-Naive-Ratio,Average-Ratio,Total P-LSTM-RMSE,TotalNaive-RMSE
0,SaoPaulo_2016-2017.csv,49.0806253593854,87.55748863788239,1.78395218065695,2.1858313585858586,3983.4189241110817,1822.3816345503374
1,tolima_2016-2017.csv,131.52827402762824,125.7639753908084,0.9561744523796532,2.1858313585858586,3983.4189241110817,1822.3816345503374
2,santander_norte_2016-2017.csv,132.83003493870723,129.5104669279096,0.9750089050843854,2.1858313585858586,3983.4189241110817,1822.3816345503374
3,santander_2016-2017.csv,56.64696627250914,180.25150657930882,3.182015179986526,2.1858313585858586,3983.4189241110817,1822.3816345503374
4,MinasGerais_2016-2017.csv,160.97848418309562,267.8007174875299,1.6635808123459253,2.1858313585858586,3983.4189241110817,1822.3816345503374
5,MatoGrosso_2016-2017.csv,171.58162382403037,429.354150528176,2.5023317821523263,2.1858313585858586,3983.4189241110817,1822.3816345503374
6,valle_cauca_2016-2017.csv,141.6112547601619,464.75075377575115,3.281877238944534,2.1858313585858586,3983.4189241110817,1822.3816345503374
7,Bahia_2016-2017.csv,449.9565305209188,1114.7670160034277,2.477499359133318,2.1858313585858586,3983.4189241110817,1822.3816345503374
8,RioDeJaneiro_2016-2017.csv,528.1678406639006,1183.6628487802877,2.2410733059635697,2.1858313585858586,3983.4189241110817,1822.3816345503374
