,File,NaiveRMSE,H-LSTM-RMSE - No Google,H-LSTM - No Google-Naive-Ratio,Average-Ratio,Total H-LSTM-RMSE - No Google,TotalNaive-RMSE
0,SaoPaulo_2016-2017.csv,26.394997414214608,53.62204819932456,2.031523146520456,0.7555262869346474,788.8218733046979,1044.069394997676
1,huila_2016-2017.csv,59.602097278535425,41.52370869388501,0.6966820060011377,0.7555262869346474,788.8218733046979,1044.069394997676
2,santander_norte_2016-2017.csv,96.52642125345785,44.97364781741454,0.46592059700756233,0.7555262869346474,788.8218733046979,1044.069394997676
3,santander_2016-2017.csv,49.70010060351991,47.98221974421574,0.9654350627374283,0.7555262869346474,788.8218733046979,1044.069394997676
4,MinasGerais_2016-2017.csv,86.68787754174761,93.58069435474002,1.0795130415976897,0.7555262869346474,788.8218733046979,1044.069394997676
5,MatoGrosso_2016-2017.csv,90.72776124509527,62.12506024057892,0.6847414659858302,0.7555262869346474,788.8218733046979,1044.069394997676
6,valle_cauca_2016-2017.csv,100.06008195079595,94.87513545689342,0.9481816685253945,0.7555262869346474,788.8218733046979,1044.069394997676
7,Bahia_2016-2017.csv,243.01872804580026,93.02011808791362,0.3827693397785486,0.7555262869346474,788.8218733046979,1044.069394997676
8,RioDeJaneiro_2016-2017.csv,291.35132966450914,257.119240709732,0.8825058083853767,0.7555262869346474,788.8218733046979,1044.069394997676
