,File,NaiveRMSE,P-LSTM-RMSE,P-LSTM-Naive-Ratio,Average-Ratio,Total P-LSTM-RMSE,TotalNaive-RMSE
0,SaoPaulo_2016-2017.csv,80.94359268557656,116.1661371097262,1.4351492595710542,1.192344851562924,2480.9884152395734,2080.764144691443
1,huila_2016-2017.csv,120.99953139553122,67.16113040116758,0.5550528140611294,1.192344851562924,2480.9884152395734,2080.764144691443
2,tolima_2016-2017.csv,119.19558560981183,94.84377174207908,0.7956986935116146,1.192344851562924,2480.9884152395734,2080.764144691443
3,santander_norte_2016-2017.csv,186.8847431346252,77.71208437681896,0.41582893859258435,1.192344851562924,2480.9884152395734,2080.764144691443
4,santander_2016-2017.csv,77.58885827124311,177.55127648974266,2.288360473987652,1.192344851562924,2480.9884152395734,2080.764144691443
5,MinasGerais_2016-2017.csv,259.48555288548124,261.3523433712583,1.0071941981548427,1.192344851562924,2480.9884152395734,2080.764144691443
6,MatoGrosso_2016-2017.csv,310.24237797643605,282.56425513872307,0.910785486437268,1.192344851562924,2480.9884152395734,2080.764144691443
7,valle_cauca_2016-2017.csv,189.1969736686103,449.25970263308096,2.3745607232596964,1.192344851562924,2480.9884152395734,2080.764144691443
8,Bahia_2016-2017.csv,736.2269290641273,954.3777139769767,1.2963091627063372,1.192344851562924,2480.9884152395734,2080.764144691443
