,File,NaiveRMSE,P-LSTM-RMSE - No Google,P-LSTM - No Google-Naive-Ratio,Average-Ratio,Total P-LSTM-RMSE - No Google,TotalNaive-RMSE
0,SaoPaulo_2016-2017.csv,26.394997414214608,70.93967230210876,2.687618081140835,3.2257636118775523,2830.7918305941266,877.5571217217827
1,huila_2016-2017.csv,59.602097278535425,124.81695386616575,2.094170500122925,3.2257636118775523,2830.7918305941266,877.5571217217827
2,tolima_2016-2017.csv,124.83905638861582,133.75860906699057,1.0714484147541838,3.2257636118775523,2830.7918305941266,877.5571217217827
3,santander_norte_2016-2017.csv,96.52642125345785,165.1759852808049,1.7111997226861637,3.2257636118775523,2830.7918305941266,877.5571217217827
4,santander_2016-2017.csv,49.70010060351991,168.1994277990819,3.3842874713853095,3.2257636118775523,2830.7918305941266,877.5571217217827
5,MinasGerais_2016-2017.csv,86.68787754174761,192.12010845284937,2.216228080567864,3.2257636118775523,2830.7918305941266,877.5571217217827
6,MatoGrosso_2016-2017.csv,90.72776124509527,469.89245459959585,5.179147464360014,3.2257636118775523,2830.7918305941266,877.5571217217827
7,valle_cauca_2016-2017.csv,100.06008195079595,433.36739980278344,4.331071805596658,3.2257636118775523,2830.7918305941266,877.5571217217827
8,Bahia_2016-2017.csv,243.01872804580026,1072.5212194237465,4.413327433849522,3.2257636118775523,2830.7918305941266,877.5571217217827
