,File,NaiveRMSE,NNRMSE,NN-Naive-Ratio,Average-Ratio,TotalNN-RMSE,TotalNaive-RMSE
0,SaoPaulo_2016-2017.csv,26.394997414214608,33.91821498702342,1.2850243724122246,0.7732685932902286,829.239343910536,1072.382030132834
1,huila_2016-2017.csv,59.602097278535425,16.161582646562717,0.2711579522283523,0.7732685932902286,829.239343910536,1072.382030132834
2,tolima_2016-2017.csv,124.83905638861582,35.15981748610145,0.28164116666062616,0.7732685932902286,829.239343910536,1072.382030132834
3,santander_2016-2017.csv,49.70010060351991,48.97913294997839,0.9854936379446594,0.7732685932902286,829.239343910536,1072.382030132834
4,MinasGerais_2016-2017.csv,86.68787754174761,96.919886414184,1.118032753397484,0.7732685932902286,829.239343910536,1072.382030132834
5,MatoGrosso_2016-2017.csv,90.72776124509527,67.15133531380883,0.7401409931454582,0.7732685932902286,829.239343910536,1072.382030132834
6,valle_cauca_2016-2017.csv,100.06008195079595,97.0970314137544,0.9703872865255235,0.7732685932902286,829.239343910536,1072.382030132834
7,Bahia_2016-2017.csv,243.01872804580026,174.40411450441877,0.7176570954299041,0.7732685932902286,829.239343910536,1072.382030132834
8,RioDeJaneiro_2016-2017.csv,291.35132966450914,259.44822819470403,0.8904995508119303,0.7732685932902286,829.239343910536,1072.382030132834
