,File,NaiveRMSE,H-LSTM-RMSE,H-LSTM-Naive-Ratio,Average-Ratio,Total H-LSTM-RMSE,TotalNaive-RMSE
0,SaoPaulo_2016-2017.csv,91.24688932861062,90.9685737426969,0.9969498622039442,0.5295406374411009,1620.819591253748,3060.803036922783
1,tolima_2016-2017.csv,131.2911046745615,39.82197267887307,0.3033105158006095,0.5295406374411009,1620.819591253748,3060.803036922783
2,santander_norte_2016-2017.csv,212.29720715701058,39.29652506288739,0.1851014697231721,0.5295406374411009,1620.819591253748,3060.803036922783
3,santander_2016-2017.csv,93.07495859073302,97.04923286958321,1.0426997157884945,0.5295406374411009,1620.819591253748,3060.803036922783
4,MinasGerais_2016-2017.csv,279.707734308023,209.24080226512908,0.7480694188981791,0.5295406374411009,1620.819591253748,3060.803036922783
5,MatoGrosso_2016-2017.csv,370.81222649650175,105.65790312599081,0.2849364060194698,0.5295406374411009,1620.819591253748,3060.803036922783
6,valle_cauca_2016-2017.csv,211.5345470208905,186.80729082459584,0.8831053530284456,0.5295406374411009,1620.819591253748,3060.803036922783
7,Bahia_2016-2017.csv,819.9580825630521,399.9571699513856,0.4877775808992409,0.5295406374411009,1620.819591253748,3060.803036922783
8,RioDeJaneiro_2016-2017.csv,850.8802867833996,452.0201207326062,0.5312382103026352,0.5295406374411009,1620.819591253748,3060.803036922783
