,File,NaiveRMSE,P-LSTM-RMSE,P-LSTM-Naive-Ratio,Average-Ratio,Total P-LSTM-RMSE,TotalNaive-RMSE
0,SaoPaulo_2016-2017.csv,26.394997414214608,112.03966544579336,4.244731063525552,3.7161961106328265,4122.399958635525,1109.3063541077563
1,tolima_2016-2017.csv,124.83905638861582,141.22550855584026,1.1312606218058434,3.7161961106328265,4122.399958635525,1109.3063541077563
2,santander_norte_2016-2017.csv,96.52642125345785,171.2572788871801,1.774201059806153,3.7161961106328265,4122.399958635525,1109.3063541077563
3,santander_2016-2017.csv,49.70010060351991,183.36540114845306,3.6894372228990333,3.7161961106328265,4122.399958635525,1109.3063541077563
4,MinasGerais_2016-2017.csv,86.68787754174761,274.53148042954496,3.1668958591970906,3.7161961106328265,4122.399958635525,1109.3063541077563
5,MatoGrosso_2016-2017.csv,90.72776124509527,481.98584939531844,5.312440677261554,3.7161961106328265,4122.399958635525,1109.3063541077563
6,valle_cauca_2016-2017.csv,100.06008195079595,456.9993210091685,4.567249117724046,3.7161961106328265,4122.399958635525,1109.3063541077563
7,Bahia_2016-2017.csv,243.01872804580026,1121.4981313333058,4.614862979292459,3.7161961106328265,4122.399958635525,1109.3063541077563
8,RioDeJaneiro_2016-2017.csv,291.35132966450914,1179.4973224309203,4.048367734546161,3.7161961106328265,4122.399958635525,1109.3063541077563
