,File,NaiveRMSE,P-LSTM-RMSE,P-LSTM-Naive-Ratio,Average-Ratio,Total P-LSTM-RMSE,TotalNaive-RMSE
0,SaoPaulo_2016-2017.csv,26.394997414214608,80.1069769869724,3.034930283563205,3.3796453397164576,3782.5272868947377,1119.208350782772
1,huila_2016-2017.csv,59.602097278535425,125.21808689242293,2.1009006831965604,3.3796453397164576,3782.5272868947377,1119.208350782772
2,tolima_2016-2017.csv,124.83905638861582,133.98282844736175,1.0732444823219585,3.3796453397164576,3782.5272868947377,1119.208350782772
3,santander_norte_2016-2017.csv,96.52642125345785,165.04442796356557,1.7098368075844643,3.3796453397164576,3782.5272868947377,1119.208350782772
4,MinasGerais_2016-2017.csv,86.68787754174761,211.20193253646687,2.4363491012310816,3.3796453397164576,3782.5272868947377,1119.208350782772
5,MatoGrosso_2016-2017.csv,90.72776124509527,470.6873271027776,5.187908536960873,3.3796453397164576,3782.5272868947377,1119.208350782772
6,valle_cauca_2016-2017.csv,100.06008195079595,431.4510473731328,4.311919788205818,3.3796453397164576,3782.5272868947377,1119.208350782772
7,Bahia_2016-2017.csv,243.01872804580026,1064.458378607495,4.380149575990222,3.3796453397164576,3782.5272868947377,1119.208350782772
8,RioDeJaneiro_2016-2017.csv,291.35132966450914,1100.3762809845432,3.7768019876608276,3.3796453397164576,3782.5272868947377,1119.208350782772
