,File,NaiveRMSE,H-LSTM-RMSE,H-LSTM-Naive-Ratio,Average-Ratio,Total H-LSTM-RMSE,TotalNaive-RMSE
0,SaoPaulo_2016-2017.csv,80.94359268557656,78.70390788171404,0.9723303015154946,0.5050770685309757,1080.5963403231417,2139.4682270293374
1,huila_2016-2017.csv,120.99953139553122,13.260822798452518,0.10959400127844023,0.5050770685309757,1080.5963403231417,2139.4682270293374
2,tolima_2016-2017.csv,119.19558560981183,29.36214461391416,0.24633583923176058,0.5050770685309757,1080.5963403231417,2139.4682270293374
3,santander_norte_2016-2017.csv,186.8847431346252,34.61820897354258,0.18523828319471128,0.5050770685309757,1080.5963403231417,2139.4682270293374
4,santander_2016-2017.csv,77.58885827124311,79.7045210942706,1.02726761122881,0.5050770685309757,1080.5963403231417,2139.4682270293374
5,MinasGerais_2016-2017.csv,259.48555288548124,179.70704622602025,0.6925512585486036,0.5050770685309757,1080.5963403231417,2139.4682270293374
6,MatoGrosso_2016-2017.csv,310.24237797643605,121.42597433062889,0.39139067693663565,0.5050770685309757,1080.5963403231417,2139.4682270293374
7,valle_cauca_2016-2017.csv,189.1969736686103,151.4137542677624,0.8002969145424734,0.5050770685309757,1080.5963403231417,2139.4682270293374
8,RioDeJaneiro_2016-2017.csv,794.9310114020219,392.3999601368361,0.4936276915964812,0.5050770685309757,1080.5963403231417,2139.4682270293374
