,File,NaiveRMSE,H-LSTM-RMSE,H-LSTM-Naive-Ratio,Average-Ratio,Total H-LSTM-RMSE,TotalNaive-RMSE
0,SaoPaulo_2016-2017.csv,26.813275046063428,119.94606057365351,4.4733834403889166,1.1093645906502831,1290.7139398270206,1163.471369741876
1,huila_2016-2017.csv,148.6285524451535,183.27384224098287,1.2330998265532733,1.1093645906502831,1290.7139398270206,1163.471369741876
2,tolima_2016-2017.csv,154.0609197372626,133.88443710440276,0.8690356862254941,1.1093645906502831,1290.7139398270206,1163.471369741876
3,santander_norte_2016-2017.csv,214.63475410544052,192.5960742686488,0.8973200778753422,1.1093645906502831,1290.7139398270206,1163.471369741876
4,santander_2016-2017.csv,52.17920948915018,51.20685858903335,0.9813651661334767,1.1093645906502831,1290.7139398270206,1163.471369741876
5,MinasGerais_2016-2017.csv,92.60997448261274,98.90091099466689,1.067929362330569,1.1093645906502831,1290.7139398270206,1163.471369741876
6,MatoGrosso_2016-2017.csv,97.03712262175127,103.59331787278929,1.067563784600188,1.1093645906502831,1290.7139398270206,1163.471369741876
7,valle_cauca_2016-2017.csv,107.02671837724421,105.11692519025945,0.9821559212882415,1.1093645906502831,1290.7139398270206,1163.471369741876
8,Bahia_2016-2017.csv,270.4808434371977,302.19551299258376,1.1172529231732813,1.1093645906502831,1290.7139398270206,1163.471369741876
