,File,NaiveRMSE,H-LSTM-RMSE - No Google,H-LSTM - No Google-Naive-Ratio,Average-Ratio,Total H-LSTM-RMSE - No Google,TotalNaive-RMSE
0,SaoPaulo_2016-2017.csv,67.15209595289603,71.22292068911352,1.0606209631799577,0.600692420111537,1399.7074527088073,2330.156675605976
1,huila_2016-2017.csv,108.014643754012,12.676226301133383,0.11735655333920915,0.600692420111537,1399.7074527088073,2330.156675605976
2,tolima_2016-2017.csv,54.45930890610541,39.85872754026231,0.7318992536057276,0.600692420111537,1399.7074527088073,2330.156675605976
3,santander_norte_2016-2017.csv,165.42693682883518,30.339897699148576,0.18340361177418657,0.600692420111537,1399.7074527088073,2330.156675605976
4,MinasGerais_2016-2017.csv,219.60331450736328,247.61288942673963,1.1275462302661976,0.600692420111537,1399.7074527088073,2330.156675605976
5,MatoGrosso_2016-2017.csv,242.69168331016576,117.92058835752887,0.4858864001813509,0.600692420111537,1399.7074527088073,2330.156675605976
6,valle_cauca_2016-2017.csv,166.8083343486268,154.8072328744215,0.9280545452295975,0.600692420111537,1399.7074527088073,2330.156675605976
7,Bahia_2016-2017.csv,613.2738695557917,381.67853558755974,0.6223622993492585,0.600692420111537,1399.7074527088073,2330.156675605976
8,RioDeJaneiro_2016-2017.csv,692.7264884421796,343.5904342328997,0.495997251390768,0.600692420111537,1399.7074527088073,2330.156675605976
