,File,NaiveRMSE,H-LSTM-RMSE,H-LSTM-Naive-Ratio,Average-Ratio,Total H-LSTM-RMSE,TotalNaive-RMSE
0,SaoPaulo_2016-2017.csv,26.394997414214608,119.79725967322855,4.5386350221316425,0.8723257080501244,807.6774084893282,925.8897233404916
1,huila_2016-2017.csv,59.602097278535425,47.56639453223903,0.7980657846644127,0.8723257080501244,807.6774084893282,925.8897233404916
2,tolima_2016-2017.csv,124.83905638861582,47.48427760442418,0.3803639580277564,0.8723257080501244,807.6774084893282,925.8897233404916
3,santander_norte_2016-2017.csv,96.52642125345785,51.70548653793501,0.5356614890151931,0.8723257080501244,807.6774084893282,925.8897233404916
4,santander_2016-2017.csv,49.70010060351991,46.065050557145874,0.9268603080832277,0.8723257080501244,807.6774084893282,925.8897233404916
5,MinasGerais_2016-2017.csv,86.68787754174761,79.960906835823,0.9224000991063024,0.8723257080501244,807.6774084893282,925.8897233404916
6,MatoGrosso_2016-2017.csv,90.72776124509527,59.9675385479178,0.6609612948116212,0.8723257080501244,807.6774084893282,925.8897233404916
7,valle_cauca_2016-2017.csv,100.06008195079595,92.6901733184775,0.9263451669373751,0.8723257080501244,807.6774084893282,925.8897233404916
8,RioDeJaneiro_2016-2017.csv,291.35132966450914,262.44032088213726,0.9007692574608708,0.8723257080501244,807.6774084893282,925.8897233404916
