,File,NaiveRMSE,P-LSTM-RMSE,P-LSTM-Naive-Ratio,Average-Ratio,Total P-LSTM-RMSE,TotalNaive-RMSE
0,SaoPaulo_2016-2017.csv,49.0806253593854,101.7167691891026,2.0724424035818014,2.203525256836908,3860.2312472496915,1751.8434314616993
1,huila_2016-2017.csv,90.44028109445726,97.56689857989173,1.0787991523156735,2.203525256836908,3860.2312472496915,1751.8434314616993
2,tolima_2016-2017.csv,131.52827402762824,125.582520660602,0.9547948651270426,2.203525256836908,3860.2312472496915,1751.8434314616993
3,santander_norte_2016-2017.csv,132.83003493870723,129.478639312553,0.9747692934982614,2.203525256836908,3860.2312472496915,1751.8434314616993
4,santander_2016-2017.csv,56.64696627250914,181.32345957236714,3.2009385763057834,2.203525256836908,3860.2312472496915,1751.8434314616993
5,MatoGrosso_2016-2017.csv,171.58162382403037,431.6905791008022,2.5159487914832463,2.203525256836908,3860.2312472496915,1751.8434314616993
6,valle_cauca_2016-2017.csv,141.6112547601619,469.5054074100497,3.315452632668368,2.203525256836908,3860.2312472496915,1751.8434314616993
7,Bahia_2016-2017.csv,449.9565305209188,1125.9442700995435,2.502340101156055,2.203525256836908,3860.2312472496915,1751.8434314616993
8,RioDeJaneiro_2016-2017.csv,528.1678406639006,1197.42270332478,2.2671253551136967,2.203525256836908,3860.2312472496915,1751.8434314616993
