,File,NaiveRMSE,GRURMSE,NaiveRelativeRMSE,GRURelativeRMSE,GRU-Naive-Ratio,Average-Ratio,TotalGRU-RMSE,TotalNaive-RMSE
0,SaoPaulo_2016-2017.csv,85.67313124116959,86.62156927845552,1.915375081311663,1.936579098912839,1.0110704257396184,0.6640779720627198,1522.989584498143,2293.389705078641
1,MinasGerais_2016-2017.csv,278.6631964995258,270.84003432647546,2.8263779042741124,2.747030459095789,0.9719261019348006,0.6640779720627198,1522.989584498143,2293.389705078641
2,MatoGrosso_2016-2017.csv,352.23561302533466,201.77832761824268,4.184977580499026,2.397366268731596,0.5728504448632504,0.6640779720627198,1522.989584498143,2293.389705078641
3,Bahia_2016-2017.csv,831.2353507481099,726.8251276076614,2.5968496752845374,2.2706632903880863,0.8743915029041059,0.6640779720627198,1522.989584498143,2293.389705078641
4,RioDeJaneiro_2016-2017.csv,745.582413564501,236.92452566730773,1.674133688127242,0.5319912631347136,0.3177710758152307,0.6640779720627198,1522.989584498143,2293.389705078641
