,File,NaiveRMSE,P-NN-RMSE - No Google,P-NN - No Google-Naive-Ratio,Average-Ratio,Total P-NN-RMSE - No Google,TotalNaive-RMSE
0,SaoPaulo_2016-2017.csv,80.94359268557656,90.91567251262987,1.1231978899897563,0.6150390854122467,1653.72349723313,2688.8104129588396
1,huila_2016-2017.csv,120.99953139553122,13.85674577066126,0.11451900359320746,0.6150390854122467,1653.72349723313,2688.8104129588396
2,tolima_2016-2017.csv,119.19558560981183,32.76134924160372,0.27485371269409575,0.6150390854122467,1653.72349723313,2688.8104129588396
3,santander_2016-2017.csv,77.58885827124311,71.43642626733488,0.9207046972852735,0.6150390854122467,1653.72349723313,2688.8104129588396
4,MinasGerais_2016-2017.csv,259.48555288548124,209.08816588294664,0.8057796033647527,0.6150390854122467,1653.72349723313,2688.8104129588396
5,MatoGrosso_2016-2017.csv,310.24237797643605,111.13497869245288,0.3582198519020311,0.6150390854122467,1653.72349723313,2688.8104129588396
6,valle_cauca_2016-2017.csv,189.1969736686103,161.89431076147392,0.8556918624134093,0.6150390854122467,1653.72349723313,2688.8104129588396
7,Bahia_2016-2017.csv,736.2269290641273,451.6832079320247,0.6135108484909575,0.6150390854122467,1653.72349723313,2688.8104129588396
8,RioDeJaneiro_2016-2017.csv,794.9310114020219,510.9526401720022,0.642763501289041,0.6150390854122467,1653.72349723313,2688.8104129588396
