,File,NaiveRMSE,P-NN-RMSE - No Google,P-NN - No Google-Naive-Ratio,Average-Ratio,Total P-NN-RMSE - No Google,TotalNaive-RMSE
0,SaoPaulo_2016-2017.csv,49.0806253593854,51.09121567900649,1.0409650509727382,0.6052205707939865,838.0211296121561,1384.6540749808942
1,huila_2016-2017.csv,90.44028109445726,14.43842677004422,0.15964597406507947,0.6052205707939865,838.0211296121561,1384.6540749808942
2,tolima_2016-2017.csv,131.52827402762824,32.18959651642684,0.24473518530065433,0.6052205707939865,838.0211296121561,1384.6540749808942
3,santander_norte_2016-2017.csv,132.83003493870723,40.55337075762477,0.3053027184426897,0.6052205707939865,838.0211296121561,1384.6540749808942
4,santander_2016-2017.csv,56.64696627250914,52.130562888039975,0.9202710457124518,0.6052205707939865,838.0211296121561,1384.6540749808942
5,MinasGerais_2016-2017.csv,160.97848418309562,141.97672635768143,0.8819608848856985,0.6052205707939865,838.0211296121561,1384.6540749808942
6,MatoGrosso_2016-2017.csv,171.58162382403037,85.29346917586342,0.49710142190598555,0.6052205707939865,838.0211296121561,1384.6540749808942
7,valle_cauca_2016-2017.csv,141.6112547601619,140.41583842679287,0.9915584652124323,0.6052205707939865,838.0211296121561,1384.6540749808942
8,Bahia_2016-2017.csv,449.9565305209188,279.931923040676,0.6221310372284101,0.6052205707939865,838.0211296121561,1384.6540749808942
