,File,NaiveRMSE,H-LSTM-RMSE - No Google,H-LSTM - No Google-Naive-Ratio,Average-Ratio,Total H-LSTM-RMSE - No Google,TotalNaive-RMSE
0,SaoPaulo_2016-2017.csv,26.394997414214608,42.653756288959826,1.6159788015735634,0.6234637358738273,668.5913067905759,1072.382030132834
1,huila_2016-2017.csv,59.602097278535425,31.320160776135452,0.5254875617844209,0.6234637358738273,668.5913067905759,1072.382030132834
2,tolima_2016-2017.csv,124.83905638861582,53.10635931609693,0.4253985960193443,0.6234637358738273,668.5913067905759,1072.382030132834
3,santander_2016-2017.csv,49.70010060351991,48.661028421343644,0.9790931573667142,0.6234637358738273,668.5913067905759,1072.382030132834
4,MinasGerais_2016-2017.csv,86.68787754174761,94.51889539684728,1.090335789468699,0.6234637358738273,668.5913067905759,1072.382030132834
5,MatoGrosso_2016-2017.csv,90.72776124509527,63.8646195056355,0.703914861660802,0.6234637358738273,668.5913067905759,1072.382030132834
6,valle_cauca_2016-2017.csv,100.06008195079595,90.72615797041692,0.9067168065585941,0.6234637358738273,668.5913067905759,1072.382030132834
7,Bahia_2016-2017.csv,243.01872804580026,31.663844687439198,0.13029384583673612,0.6234637358738273,668.5913067905759,1072.382030132834
8,RioDeJaneiro_2016-2017.csv,291.35132966450914,212.07648442770116,0.7279063550933751,0.6234637358738273,668.5913067905759,1072.382030132834
