,File,NaiveRMSE,P-NN-RMSE - No Google,P-NN - No Google-Naive-Ratio,Average-Ratio,Total P-NN-RMSE - No Google,TotalNaive-RMSE
0,SaoPaulo_2016-2017.csv,91.24688932861062,113.45784428976243,1.2434160235442409,0.4765154087351783,1118.2599625285297,2346.7446005507845
1,huila_2016-2017.csv,136.82185041140175,21.6101304808773,0.15794356249311817,0.4765154087351783,1118.2599625285297,2346.7446005507845
2,tolima_2016-2017.csv,131.2911046745615,37.37720365127833,0.2846895358518558,0.4765154087351783,1118.2599625285297,2346.7446005507845
3,santander_norte_2016-2017.csv,212.29720715701058,39.987092495929495,0.1883543030613487,0.4765154087351783,1118.2599625285297,2346.7446005507845
4,santander_2016-2017.csv,93.07495859073302,80.67098335176077,0.8667313375500416,0.4765154087351783,1118.2599625285297,2346.7446005507845
5,MinasGerais_2016-2017.csv,279.707734308023,203.24888791907233,0.7266473643351178,0.4765154087351783,1118.2599625285297,2346.7446005507845
6,MatoGrosso_2016-2017.csv,370.81222649650175,107.31380823376641,0.2894020222787309,0.4765154087351783,1118.2599625285297,2346.7446005507845
7,valle_cauca_2016-2017.csv,211.5345470208905,176.5237302360736,0.8344912579156191,0.4765154087351783,1118.2599625285297,2346.7446005507845
8,Bahia_2016-2017.csv,819.9580825630521,338.0702818700092,0.41230190793809596,0.4765154087351783,1118.2599625285297,2346.7446005507845
