,File,NaiveRMSE,NNRMSE,NN-Naive-Ratio,Average-Ratio,TotalNN-RMSE,TotalNaive-RMSE
0,huila_2016-2017.csv,108.014643754012,81.31150238606867,0.7527822113753766,0.7647485617459695,1781.5073039463873,2329.5333826834444
1,tolima_2016-2017.csv,54.45930890610541,74.28608137389577,1.3640658110806028,0.7647485617459695,1781.5073039463873,2329.5333826834444
2,santander_norte_2016-2017.csv,165.42693682883518,37.36887154148688,0.22589351080200382,0.7647485617459695,1781.5073039463873,2329.5333826834444
3,santander_2016-2017.csv,66.52880303036467,66.24919464265729,0.9957971829497704,0.7647485617459695,1781.5073039463873,2329.5333826834444
4,MinasGerais_2016-2017.csv,219.60331450736328,213.59367523170604,0.9726341139743784,0.7647485617459695,1781.5073039463873,2329.5333826834444
5,MatoGrosso_2016-2017.csv,242.69168331016576,116.17297300133163,0.47868543090065346,0.7647485617459695,1781.5073039463873,2329.5333826834444
6,valle_cauca_2016-2017.csv,166.8083343486268,165.95020482525774,0.9948555956348345,0.7647485617459695,1781.5073039463873,2329.5333826834444
7,Bahia_2016-2017.csv,613.2738695557917,492.7521534095111,0.8034781487859947,0.7647485617459695,1781.5073039463873,2329.5333826834444
8,RioDeJaneiro_2016-2017.csv,692.7264884421796,533.8226475344723,0.7706109935754669,0.7647485617459695,1781.5073039463873,2329.5333826834444
