,File,NaiveRMSE,P-LSTM-RMSE,P-LSTM-Naive-Ratio,Average-Ratio,Total P-LSTM-RMSE,TotalNaive-RMSE
0,SaoPaulo_2016-2017.csv,67.15209595289603,113.5859495061061,1.6914728854596168,1.7173316872026658,3930.406946320003,2288.6708348823286
1,tolima_2016-2017.csv,54.45930890610541,128.38555432091414,2.3574583831437654,1.7173316872026658,3930.406946320003,2288.6708348823286
2,santander_norte_2016-2017.csv,165.42693682883518,99.28502729544725,0.6001744891049757,1.7173316872026658,3930.406946320003,2288.6708348823286
3,santander_2016-2017.csv,66.52880303036467,186.6901687000481,2.8061555325869927,1.7173316872026658,3930.406946320003,2288.6708348823286
4,MinasGerais_2016-2017.csv,219.60331450736328,311.213756610287,1.4171632942263814,1.7173316872026658,3930.406946320003,2288.6708348823286
5,MatoGrosso_2016-2017.csv,242.69168331016576,362.2979359866429,1.4928321030416916,1.7173316872026658,3930.406946320003,2288.6708348823286
6,valle_cauca_2016-2017.csv,166.8083343486268,475.3314442971393,2.849566516884606,1.7173316872026658,3930.406946320003,2288.6708348823286
7,Bahia_2016-2017.csv,613.2738695557917,1090.3412532107918,1.777902675032528,1.7173316872026658,3930.406946320003,2288.6708348823286
8,RioDeJaneiro_2016-2017.csv,692.7264884421796,1163.2758563926266,1.679271510186697,1.7173316872026658,3930.406946320003,2288.6708348823286
