,File,NaiveRMSE,P-LSTM-RMSE - No Google,P-LSTM - No Google-Naive-Ratio,Average-Ratio,Total P-LSTM-RMSE - No Google,TotalNaive-RMSE
0,SaoPaulo_2016-2017.csv,67.15209595289603,105.69872826144044,1.5740197943424286,1.66766958603515,3630.65371141748,2177.082164128977
1,huila_2016-2017.csv,108.014643754012,79.66283422903376,0.737518835042909,1.66766958603515,3630.65371141748,2177.082164128977
2,tolima_2016-2017.csv,54.45930890610541,124.96845517136899,2.29471246847495,1.66766958603515,3630.65371141748,2177.082164128977
3,santander_norte_2016-2017.csv,165.42693682883518,96.22815332941596,0.5816957937689544,1.66766958603515,3630.65371141748,2177.082164128977
4,santander_2016-2017.csv,66.52880303036467,180.75644000865,2.716965160580903,1.66766958603515,3630.65371141748,2177.082164128977
5,MatoGrosso_2016-2017.csv,242.69168331016576,358.89435082534163,1.4788077857891244,1.66766958603515,3630.65371141748,2177.082164128977
6,valle_cauca_2016-2017.csv,166.8083343486268,467.5684525818151,2.8030281245096806,1.66766958603515,3630.65371141748,2177.082164128977
7,Bahia_2016-2017.csv,613.2738695557917,1073.8635422016462,1.7510342369217036,1.66766958603515,3630.65371141748,2177.082164128977
8,RioDeJaneiro_2016-2017.csv,692.7264884421796,1143.0127548087676,1.6500202805571977,1.66766958603515,3630.65371141748,2177.082164128977
