,Arimax Error,LSTM Error,Naive Error
0,7.82238502438679,10.200922621041537,4
1,4.203435061219244,4.255558152109459,-1
2,1.7658225627032296,2.1709648168182367,1
3,6.599444270662223,-3.2133702209050954,-5
4,1.5184216693173649,0.2658621644924581,3
5,-0.5301072605849364,-0.7604969125562904,-1
6,-1.4899642464716878,1.4663568189152332,2
7,1.979928492943376,-1.8018190936093033,-3
8,-17.76357187994108,1.3972673103954645,3
9,-23.70536428928384,-0.9056782937881352,-2
10,22.08698349564984,2.9288696303914485,3
11,-5.1398207607284165,-0.5686444164100286,-4
12,-33.07306702803416,2.8479408294624085,4
13,31.215439134633748,3.026328592593223,0
14,24.8693655741756,0.6010669666470587,-3
15,-17.763571879941086,2.830135527609736,3
16,-2.5511886685363416,1.6888092546660454,0
17,12.722193777900548,1.87074920955658,0
18,-38.285536230807374,2.000528702668249,0
19,22.008737427208647,0.8165347148216515,-1
20,27.379401327703913,-3.189152448791265,-5
21,-8.449821232358442,8.454766686445772,11
22,0.3896067111885646,0.936770451393798,-6
23,-17.522742129591467,-2.567443739969507,-3
24,14.084912845549695,-2.2318069213177263,-1
25,-29.473550861450285,16.483221069218516,18
26,17.58424939572723,0.721220683720559,-15
27,17.897381024463023,1.3242847039485723,2
28,1.9799284929433751,-0.8642796589110793,-3
29,-14.76210466984418,1.8490968699878452,3
30,-8.738391618593218,1.6483789953228831,0
31,15.502299304701204,-0.16875976488947853,-2
32,6.018268490792817,2.509906152586043,2
33,-42.46939347842704,0.6465266778086871,-1
34,-12.277205264490256,4.7909453789754215,4
35,57.106557729094575,-17.031229500980228,-23
36,-9.179315422667656,23.109595758622884,36
37,-2.3612871270192373,4.5914588068825015,-16
38,-34.71753094493126,2.610411149272025,0
39,15.863365067042544,4.0921677351135015,0
40,24.390414065440645,2.935899469095617,0
41,2.6243238689010706,2.212521834175438,0
42,-9.471131862218843e-16,1.2841256544008106,0
43,-1.8678078809943468e-16,1.0041699744063617,0
44,-42.87810300138426,0.9796876591066273,0
45,18.720927127070226,-0.4870087528559566,-2
46,20.990310823953088,4.934248796514124,4
47,-9.85907529708328,2.2870561444871127,-2
48,7.902517986675049,0.2275606747724117,-1
49,7.918333994242111,-2.113895609256476,-3
50,2.370456757673282,-1.8065467298342288,0
51,-27.99599232793274,-0.5088324040868879,1
