,File,NaiveRMSE,P-LSTM-RMSE - No Google,P-LSTM - No Google-Naive-Ratio,Average-Ratio,Total P-LSTM-RMSE - No Google,TotalNaive-RMSE
0,SaoPaulo_2016-2017.csv,26.394997414214608,66.22011335364118,2.508813026743446,3.323461101714115,3686.736517761432,1109.3063541077563
1,tolima_2016-2017.csv,124.83905638861582,135.55954282977396,1.085874459093843,3.323461101714115,3686.736517761432,1109.3063541077563
2,santander_norte_2016-2017.csv,96.52642125345785,165.578249498513,1.7153671227874463,3.323461101714115,3686.736517761432,1109.3063541077563
3,santander_2016-2017.csv,49.70010060351991,164.4298327873996,3.308440642789246,3.323461101714115,3686.736517761432,1109.3063541077563
4,MinasGerais_2016-2017.csv,86.68787754174761,164.93057981910445,1.9025795128006946,3.323461101714115,3686.736517761432,1109.3063541077563
5,MatoGrosso_2016-2017.csv,90.72776124509527,464.3494234132094,5.118052259206518,3.323461101714115,3686.736517761432,1109.3063541077563
6,valle_cauca_2016-2017.csv,100.06008195079595,418.7123696176358,4.184609501154871,3.323461101714115,3686.736517761432,1109.3063541077563
7,Bahia_2016-2017.csv,243.01872804580026,1036.0572064307923,4.2632813312870805,3.323461101714115,3686.736517761432,1109.3063541077563
8,RioDeJaneiro_2016-2017.csv,291.35132966450914,1070.8992000113622,3.6756283255837614,3.323461101714115,3686.736517761432,1109.3063541077563
