,File,NaiveRMSE,NNRMSE,NN-Naive-Ratio,Average-Ratio,TotalNN-RMSE,TotalNaive-RMSE
0,SaoPaulo_2016-2017.csv,26.394997414214608,34.562294511288194,1.3094259479894936,0.7367879284080212,817.3235306129086,1109.3063541077563
1,tolima_2016-2017.csv,124.83905638861582,34.137368641952285,0.2734510307069679,0.7367879284080212,817.3235306129086,1109.3063541077563
2,santander_norte_2016-2017.csv,96.52642125345785,43.779551690733044,0.4535499309124623,0.7367879284080212,817.3235306129086,1109.3063541077563
3,santander_2016-2017.csv,49.70010060351991,46.372735575245116,0.933051140986239,0.7367879284080212,817.3235306129086,1109.3063541077563
4,MinasGerais_2016-2017.csv,86.68787754174761,78.27766654092152,0.902982847898475,0.7367879284080212,817.3235306129086,1109.3063541077563
5,MatoGrosso_2016-2017.csv,90.72776124509527,54.87762063372174,0.6048602972300104,0.7367879284080212,817.3235306129086,1109.3063541077563
6,valle_cauca_2016-2017.csv,100.06008195079595,98.6705976103565,0.9861134998757773,0.7367879284080212,817.3235306129086,1109.3063541077563
7,Bahia_2016-2017.csv,243.01872804580026,157.88507580968013,0.6496827511167144,0.7367879284080212,817.3235306129086,1109.3063541077563
8,RioDeJaneiro_2016-2017.csv,291.35132966450914,268.76061959901017,0.9224623066195986,0.7367879284080212,817.3235306129086,1109.3063541077563
