,File,NaiveRMSE,GRURMSE,NaiveRelativeRMSE,GRURelativeRMSE,GRU-Naive-Ratio,Average-Ratio,TotalGRU-RMSE,TotalNaive-RMSE
0,Chiapas_2016-2017.csv,16.264993083306244,17.05705069520108,2.1686657444408324,2.2742734260268107,1.0486970764658838,0.856709868804346,118.6660473770311,138.51369255573718
1,Guerrero_2016-2017.csv,13.666016244685206,15.37610588061697,1.6564868175376009,1.863770409771754,1.1251344653272184,0.856709868804346,118.6660473770311,138.51369255573718
2,Yucatan_2016-2017.csv,34.112167917035116,30.018370747474233,4.070664429240467,3.5821444806055167,0.8799901202551099,0.856709868804346,118.6660473770311,138.51369255573718
3,NuevoLeon_2016-2017.csv,44.160615937733475,39.48691934777558,5.001202257953961,4.471904795897575,0.89416595555307,0.856709868804346,118.6660473770311,138.51369255573718
4,Veracruz_2016-2017.csv,30.309899372977142,16.727600705963237,1.5238762882341448,0.8410055659106705,0.5518857222230427,0.856709868804346,118.6660473770311,138.51369255573718
