,File,NaiveRMSE,H-LSTM-RMSE - No Google,H-LSTM - No Google-Naive-Ratio,Average-Ratio,Total H-LSTM-RMSE - No Google,TotalNaive-RMSE
0,SaoPaulo_2016-2017.csv,49.0806253593854,49.84408563819278,1.0155552272045651,0.585101903505464,1025.0069263917842,1751.8434314616993
1,huila_2016-2017.csv,90.44028109445726,13.915632607278676,0.15386542853338733,0.585101903505464,1025.0069263917842,1751.8434314616993
2,tolima_2016-2017.csv,131.52827402762824,34.46310505889452,0.2620205071014264,0.585101903505464,1025.0069263917842,1751.8434314616993
3,santander_norte_2016-2017.csv,132.83003493870723,51.02621731721328,0.38414668294530446,0.585101903505464,1025.0069263917842,1751.8434314616993
4,santander_2016-2017.csv,56.64696627250914,53.04957670144266,0.9364945767128875,0.585101903505464,1025.0069263917842,1751.8434314616993
5,MatoGrosso_2016-2017.csv,171.58162382403037,100.67999108469756,0.5867760710083518,0.585101903505464,1025.0069263917842,1751.8434314616993
6,valle_cauca_2016-2017.csv,141.6112547601619,134.5729164846404,0.9502981716570346,0.585101903505464,1025.0069263917842,1751.8434314616993
7,Bahia_2016-2017.csv,449.9565305209188,258.7303247060329,0.5750118226009486,0.585101903505464,1025.0069263917842,1751.8434314616993
8,RioDeJaneiro_2016-2017.csv,528.1678406639006,328.72507679339145,0.6223875281391384,0.585101903505464,1025.0069263917842,1751.8434314616993
