,File,NaiveRMSE,H-LSTM-RMSE,H-LSTM-Naive-Ratio,Average-Ratio,Total H-LSTM-RMSE,TotalNaive-RMSE
0,SaoPaulo_2016-2017.csv,26.813275046063428,120.00425333023293,4.475553736873753,1.1361622645014948,1477.0343567357875,1300.0206069894907
1,huila_2016-2017.csv,148.6285524451535,181.75413566749347,1.222874963641753,1.1361622645014948,1477.0343567357875,1300.0206069894907
2,santander_norte_2016-2017.csv,214.63475410544052,203.26426480021811,0.9470240066544089,1.1361622645014948,1477.0343567357875,1300.0206069894907
3,santander_2016-2017.csv,52.17920948915018,51.25907436517636,0.9823658669232015,1.1361622645014948,1477.0343567357875,1300.0206069894907
4,MinasGerais_2016-2017.csv,92.60997448261274,99.66282671057694,1.0761565076263826,1.1361622645014948,1477.0343567357875,1300.0206069894907
5,MatoGrosso_2016-2017.csv,97.03712262175127,104.2709308523396,1.0745468129633808,1.1361622645014948,1477.0343567357875,1300.0206069894907
6,valle_cauca_2016-2017.csv,107.02671837724421,104.51672796073983,0.9765480017087206,1.1361622645014948,1477.0343567357875,1300.0206069894907
7,Bahia_2016-2017.csv,270.4808434371977,297.1396534944624,1.0985608064456311,1.1361622645014948,1477.0343567357875,1300.0206069894907
8,RioDeJaneiro_2016-2017.csv,290.6101569848774,315.1624895545479,1.0844854592296584,1.1361622645014948,1477.0343567357875,1300.0206069894907
