,File,NaiveRMSE,P-NN-RMSE - No Google,P-NN - No Google-Naive-Ratio,Average-Ratio,Total P-NN-RMSE - No Google,TotalNaive-RMSE
0,SaoPaulo_2016-2017.csv,91.24688932861062,77.4390487915764,0.8486760410285598,0.5401349115916935,1612.8916419699308,2986.090340313294
1,huila_2016-2017.csv,136.82185041140175,14.245623162354649,0.10411804196128253,0.5401349115916935,1612.8916419699308,2986.090340313294
2,tolima_2016-2017.csv,131.2911046745615,30.559979002826093,0.23276503826041223,0.5401349115916935,1612.8916419699308,2986.090340313294
3,santander_norte_2016-2017.csv,212.29720715701058,37.04632914314013,0.17450219736400693,0.5401349115916935,1612.8916419699308,2986.090340313294
4,santander_2016-2017.csv,93.07495859073302,90.11430588434968,0.9681906631900654,0.5401349115916935,1612.8916419699308,2986.090340313294
5,MinasGerais_2016-2017.csv,279.707734308023,213.57876148984747,0.7635783186983588,0.5401349115916935,1612.8916419699308,2986.090340313294
6,MatoGrosso_2016-2017.csv,370.81222649650175,114.50530563151256,0.30879592809918527,0.5401349115916935,1612.8916419699308,2986.090340313294
7,Bahia_2016-2017.csv,819.9580825630521,552.9910791391277,0.6744138400472496,0.5401349115916935,1612.8916419699308,2986.090340313294
8,RioDeJaneiro_2016-2017.csv,850.8802867833996,482.4112097251962,0.5669554427554848,0.5401349115916935,1612.8916419699308,2986.090340313294
