,File,NaiveRMSE,P-LSTM-RMSE,P-LSTM-Naive-Ratio,Average-Ratio,Total P-LSTM-RMSE,TotalNaive-RMSE
0,SaoPaulo_2016-2017.csv,80.94359268557656,90.49788171828968,1.1180363845453034,1.0930513568909688,2338.5486485795327,2139.4682270293374
1,huila_2016-2017.csv,120.99953139553122,62.582954738367384,0.5172165050275451,1.0930513568909688,2338.5486485795327,2139.4682270293374
2,tolima_2016-2017.csv,119.19558560981183,86.56564489027886,0.7262487486210482,1.0930513568909688,2338.5486485795327,2139.4682270293374
3,santander_norte_2016-2017.csv,186.8847431346252,71.16019390583563,0.38077048298466143,1.0930513568909688,2338.5486485795327,2139.4682270293374
4,santander_2016-2017.csv,77.58885827124311,160.02849937917475,2.0625190645250977,1.0930513568909688,2338.5486485795327,2139.4682270293374
5,MinasGerais_2016-2017.csv,259.48555288548124,267.4046809179696,1.0305185700877277,1.0930513568909688,2338.5486485795327,2139.4682270293374
6,MatoGrosso_2016-2017.csv,310.24237797643605,268.6216164748829,0.8658443705433615,1.0930513568909688,2338.5486485795327,2139.4682270293374
7,valle_cauca_2016-2017.csv,189.1969736686103,410.9710071518144,2.172185945593688,1.0930513568909688,2338.5486485795327,2139.4682270293374
8,RioDeJaneiro_2016-2017.csv,794.9310114020219,920.7161694029195,1.1582340557818345,1.0930513568909688,2338.5486485795327,2139.4682270293374
