,File,NaiveRMSE,H-LSTM-RMSE,H-LSTM-Naive-Ratio,Average-Ratio,Total H-LSTM-RMSE,TotalNaive-RMSE
0,huila_2016-2017.csv,108.014643754012,29.291764754733425,0.27118327419975813,0.697659455329612,1625.2209909350804,2329.5333826834444
1,tolima_2016-2017.csv,54.45930890610541,65.58700518226271,1.2043304716801093,0.697659455329612,1625.2209909350804,2329.5333826834444
2,santander_norte_2016-2017.csv,165.42693682883518,35.411750687543574,0.21406278425008612,0.697659455329612,1625.2209909350804,2329.5333826834444
3,santander_2016-2017.csv,66.52880303036467,68.63524826928699,1.0316621544800815,0.697659455329612,1625.2209909350804,2329.5333826834444
4,MinasGerais_2016-2017.csv,219.60331450736328,211.30346371309668,0.9622052571798122,0.697659455329612,1625.2209909350804,2329.5333826834444
5,MatoGrosso_2016-2017.csv,242.69168331016576,120.14385899214552,0.49504728531879194,0.697659455329612,1625.2209909350804,2329.5333826834444
6,valle_cauca_2016-2017.csv,166.8083343486268,162.4343948771511,0.9737786514771245,0.697659455329612,1625.2209909350804,2329.5333826834444
7,Bahia_2016-2017.csv,613.2738695557917,443.2185226463721,0.7227089635620794,0.697659455329612,1625.2209909350804,2329.5333826834444
8,RioDeJaneiro_2016-2017.csv,692.7264884421796,489.1949818124884,0.7061877811437557,0.697659455329612,1625.2209909350804,2329.5333826834444
