,File,NaiveRMSE,P-LSTM-RMSE,P-LSTM-Naive-Ratio,Average-Ratio,Total P-LSTM-RMSE,TotalNaive-RMSE
0,SaoPaulo_2016-2017.csv,26.394997414214608,50.97038001322248,1.931062133227306,0.6680454345524445,720.27368767143,1078.1806901411965
1,huila_2016-2017.csv,59.602097278535425,86.23117260550735,1.4467808440117071,0.6680454345524445,720.27368767143,1078.1806901411965
2,tolima_2016-2017.csv,124.83905638861582,82.00450818791914,0.6568818329789715,0.6680454345524445,720.27368767143,1078.1806901411965
3,santander_norte_2016-2017.csv,96.52642125345785,108.99733434468062,1.1291968865029898,0.6680454345524445,720.27368767143,1078.1806901411965
4,santander_2016-2017.csv,49.70010060351991,43.12512375543245,0.8677069710474228,0.6680454345524445,720.27368767143,1078.1806901411965
5,MinasGerais_2016-2017.csv,86.68787754174761,28.380764337865973,0.3273902319756094,0.6680454345524445,720.27368767143,1078.1806901411965
6,valle_cauca_2016-2017.csv,100.06008195079595,78.56978911530273,0.7852261119867864,0.6680454345524445,720.27368767143,1078.1806901411965
7,Bahia_2016-2017.csv,243.01872804580026,96.417374415182,0.39674874109706804,0.6680454345524445,720.27368767143,1078.1806901411965
8,RioDeJaneiro_2016-2017.csv,291.35132966450914,145.5772408963173,0.49966218127080253,0.6680454345524445,720.27368767143,1078.1806901411965
