,File,NaiveRMSE,NNRMSE,NN-Naive-Ratio,Average-Ratio,TotalNN-RMSE,TotalNaive-RMSE
0,SaoPaulo_2016-2017.csv,80.94359268557656,53.38625862066029,0.6595489136247995,0.5340366526355874,1111.2043187551694,2080.764144691443
1,huila_2016-2017.csv,120.99953139553122,24.358877027989585,0.20131381293009878,0.5340366526355874,1111.2043187551694,2080.764144691443
2,tolima_2016-2017.csv,119.19558560981183,28.870380887989896,0.24221015182976183,0.5340366526355874,1111.2043187551694,2080.764144691443
3,santander_norte_2016-2017.csv,186.8847431346252,38.61577145881014,0.2066288066703909,0.5340366526355874,1111.2043187551694,2080.764144691443
4,santander_2016-2017.csv,77.58885827124311,73.01196922121655,0.9410110014246349,0.5340366526355874,1111.2043187551694,2080.764144691443
5,MinasGerais_2016-2017.csv,259.48555288548124,219.58640974723264,0.8462375161369493,0.5340366526355874,1111.2043187551694,2080.764144691443
6,MatoGrosso_2016-2017.csv,310.24237797643605,95.5356733865045,0.3079388251522516,0.5340366526355874,1111.2043187551694,2080.764144691443
7,valle_cauca_2016-2017.csv,189.1969736686103,162.73172319207987,0.8601180031405476,0.5340366526355874,1111.2043187551694,2080.764144691443
8,Bahia_2016-2017.csv,736.2269290641273,415.1072552126859,0.5638305783521931,0.5340366526355874,1111.2043187551694,2080.764144691443
