,File,NaiveRMSE,P-LSTM-RMSE - No Google,P-LSTM - No Google-Naive-Ratio,Average-Ratio,Total P-LSTM-RMSE - No Google,TotalNaive-RMSE
0,SaoPaulo_2016-2017.csv,67.15209595289603,106.87665206828896,1.5915609267543607,1.5077809500474983,3362.1662791033314,2229.8771442877137
1,huila_2016-2017.csv,108.014643754012,79.54294685301502,0.7364089172405436,1.5077809500474983,3362.1662791033314,2229.8771442877137
2,tolima_2016-2017.csv,54.45930890610541,124.50353893112688,2.2861755213564385,1.5077809500474983,3362.1662791033314,2229.8771442877137
3,santander_norte_2016-2017.csv,165.42693682883518,95.01176353878202,0.5743427603757743,1.5077809500474983,3362.1662791033314,2229.8771442877137
4,santander_2016-2017.csv,66.52880303036467,176.51021688913826,2.653139825897312,1.5077809500474983,3362.1662791033314,2229.8771442877137
5,MinasGerais_2016-2017.csv,219.60331450736328,266.6892825957727,1.2144137404940243,1.5077809500474983,3362.1662791033314,2229.8771442877137
6,MatoGrosso_2016-2017.csv,242.69168331016576,352.88971191453885,1.4540659453234637,1.5077809500474983,3362.1662791033314,2229.8771442877137
7,Bahia_2016-2017.csv,613.2738695557917,1051.9439174574666,1.715292253066992,1.5077809500474983,3362.1662791033314,2229.8771442877137
8,RioDeJaneiro_2016-2017.csv,692.7264884421796,1108.1982488552023,1.5997630628321227,1.5077809500474983,3362.1662791033314,2229.8771442877137
