,File,NaiveRMSE,H-LSTM-RMSE,H-LSTM-Naive-Ratio,Average-Ratio,Total H-LSTM-RMSE,TotalNaive-RMSE
0,SaoPaulo_2016-2017.csv,91.24688932861062,82.97674405571684,0.9093651812818493,0.49639711277312054,1164.9172441293194,2346.7446005507845
1,huila_2016-2017.csv,136.82185041140175,12.461682909661393,0.09107962560213208,0.49639711277312054,1164.9172441293194,2346.7446005507845
2,tolima_2016-2017.csv,131.2911046745615,33.146404980635516,0.2524649713535227,0.49639711277312054,1164.9172441293194,2346.7446005507845
3,santander_norte_2016-2017.csv,212.29720715701058,33.442995345348585,0.15752913471261468,0.49639711277312054,1164.9172441293194,2346.7446005507845
4,santander_2016-2017.csv,93.07495859073302,88.49264948044492,0.9507675407040758,0.49639711277312054,1164.9172441293194,2346.7446005507845
5,MinasGerais_2016-2017.csv,279.707734308023,195.5657721533807,0.6991789935204918,0.49639711277312054,1164.9172441293194,2346.7446005507845
6,MatoGrosso_2016-2017.csv,370.81222649650175,106.42771882809622,0.2870124316925679,0.49639711277312054,1164.9172441293194,2346.7446005507845
7,valle_cauca_2016-2017.csv,211.5345470208905,172.4719519566106,0.815337042509552,0.49639711277312054,1164.9172441293194,2346.7446005507845
8,Bahia_2016-2017.csv,819.9580825630521,439.93132441942464,0.5365290418801322,0.49639711277312054,1164.9172441293194,2346.7446005507845
