,File,NaiveRMSE,P-LSTM-RMSE - No Google,P-LSTM - No Google-Naive-Ratio,Average-Ratio,Total P-LSTM-RMSE - No Google,TotalNaive-RMSE
0,SaoPaulo_2016-2017.csv,80.94359268557656,99.70658714729431,1.231803331668291,1.2173604974667955,3123.0808701961187,2565.4527781170286
1,huila_2016-2017.csv,120.99953139553122,65.70112857091341,0.5429866365031221,1.2173604974667955,3123.0808701961187,2565.4527781170286
2,tolima_2016-2017.csv,119.19558560981183,92.22618786910749,0.7737382839915818,1.2173604974667955,3123.0808701961187,2565.4527781170286
3,santander_norte_2016-2017.csv,186.8847431346252,75.30182778989868,0.4029319168962545,1.2173604974667955,3123.0808701961187,2565.4527781170286
4,santander_2016-2017.csv,77.58885827124311,171.42475562266316,2.2093991256241825,1.2173604974667955,3123.0808701961187,2565.4527781170286
5,MinasGerais_2016-2017.csv,259.48555288548124,244.60968429358638,0.9426716885526956,1.2173604974667955,3123.0808701961187,2565.4527781170286
6,valle_cauca_2016-2017.csv,189.1969736686103,440.15598864208454,2.3264430720390052,1.2173604974667955,3123.0808701961187,2565.4527781170286
7,Bahia_2016-2017.csv,736.2269290641273,936.0311698720413,1.2713894764239337,1.2173604974667955,3123.0808701961187,2565.4527781170286
8,RioDeJaneiro_2016-2017.csv,794.9310114020219,997.9235403885295,1.255358673991708,1.2173604974667955,3123.0808701961187,2565.4527781170286
