,File,NaiveRMSE,P-LSTM-RMSE,P-LSTM-Naive-Ratio,Average-Ratio,Total P-LSTM-RMSE,TotalNaive-RMSE
0,SaoPaulo_2016-2017.csv,80.94359268557656,86.84097699304996,1.0728579509731135,1.1855112432852946,3187.6149756252803,2688.8104129588396
1,huila_2016-2017.csv,120.99953139553122,61.950983344043664,0.5119935807150708,1.1855112432852946,3187.6149756252803,2688.8104129588396
2,tolima_2016-2017.csv,119.19558560981183,86.51962711733444,0.7258626791814041,1.1855112432852946,3187.6149756252803,2688.8104129588396
3,santander_2016-2017.csv,77.58885827124311,165.74954664188303,2.1362544872414375,1.1855112432852946,3187.6149756252803,2688.8104129588396
4,MinasGerais_2016-2017.csv,259.48555288548124,234.50809091957348,0.903742379149212,1.1855112432852946,3187.6149756252803,2688.8104129588396
5,MatoGrosso_2016-2017.csv,310.24237797643605,272.90384492603937,0.8796472187521955,1.1855112432852946,3187.6149756252803,2688.8104129588396
6,valle_cauca_2016-2017.csv,189.1969736686103,424.53548624800965,2.2438809565295093,1.1855112432852946,3187.6149756252803,2688.8104129588396
7,Bahia_2016-2017.csv,736.2269290641273,904.055456224589,1.2279576045578786,1.1855112432852946,3187.6149756252803,2688.8104129588396
8,RioDeJaneiro_2016-2017.csv,794.9310114020219,950.5509632107579,1.195765355202672,1.1855112432852946,3187.6149756252803,2688.8104129588396
