,File,NaiveRMSE,P-LSTM-RMSE,P-LSTM-Naive-Ratio,Average-Ratio,Total P-LSTM-RMSE,TotalNaive-RMSE
0,SaoPaulo_2016-2017.csv,80.94359268557656,97.79469344194354,1.2081832569728486,1.215865265205262,3349.3387262831275,2754.6956246979335
1,tolima_2016-2017.csv,119.19558560981183,94.09580417247977,0.7894235654037014,1.215865265205262,3349.3387262831275,2754.6956246979335
2,santander_norte_2016-2017.csv,186.8847431346252,77.09494245354738,0.4125266790666314,1.215865265205262,3349.3387262831275,2754.6956246979335
3,santander_2016-2017.csv,77.58885827124311,174.73210995545963,2.2520257914430593,1.215865265205262,3349.3387262831275,2754.6956246979335
4,MinasGerais_2016-2017.csv,259.48555288548124,258.73226529756556,0.9970969960387424,1.215865265205262,3349.3387262831275,2754.6956246979335
5,MatoGrosso_2016-2017.csv,310.24237797643605,279.2963547413123,0.9002521079261642,1.215865265205262,3349.3387262831275,2754.6956246979335
6,valle_cauca_2016-2017.csv,189.1969736686103,439.2754260129488,2.3217888610753663,1.215865265205262,3349.3387262831275,2754.6956246979335
7,Bahia_2016-2017.csv,736.2269290641273,932.1723654377344,1.266148151661184,1.215865265205262,3349.3387262831275,2754.6956246979335
8,RioDeJaneiro_2016-2017.csv,794.9310114020219,996.1447647701361,1.2531210262048187,1.215865265205262,3349.3387262831275,2754.6956246979335
