,File,NaiveRMSE,H-LSTM-RMSE,H-LSTM-Naive-Ratio,Average-Ratio,Total H-LSTM-RMSE,TotalNaive-RMSE
0,SaoPaulo_2016-2017.csv,49.0806253593854,120.26138509611727,2.45028224916699,0.8789719253529866,1539.8211938688728,1751.8434314616993
1,huila_2016-2017.csv,90.44028109445726,58.52463874772994,0.6471081031537914,0.8789719253529866,1539.8211938688728,1751.8434314616993
2,tolima_2016-2017.csv,131.52827402762824,55.176757288104845,0.4195049140271898,0.8789719253529866,1539.8211938688728,1751.8434314616993
3,santander_norte_2016-2017.csv,132.83003493870723,72.65389041611762,0.5469688421722004,0.8789719253529866,1539.8211938688728,1751.8434314616993
4,santander_2016-2017.csv,56.64696627250914,60.903726948286916,1.0751454306537787,0.8789719253529866,1539.8211938688728,1751.8434314616993
5,MatoGrosso_2016-2017.csv,171.58162382403037,138.98254639204328,0.8100083406051696,0.8789719253529866,1539.8211938688728,1751.8434314616993
6,valle_cauca_2016-2017.csv,141.6112547601619,157.66387173932705,1.1133569291957228,0.8789719253529866,1539.8211938688728,1751.8434314616993
7,Bahia_2016-2017.csv,449.9565305209188,427.9817326429473,0.9511623981709275,0.8789719253529866,1539.8211938688728,1751.8434314616993
8,RioDeJaneiro_2016-2017.csv,528.1678406639006,447.6726445981984,0.8475954235219609,0.8789719253529866,1539.8211938688728,1751.8434314616993
