,File,NaiveRMSE,H-LSTM-RMSE - No Google,H-LSTM - No Google-Naive-Ratio,Average-Ratio,Total H-LSTM-RMSE - No Google,TotalNaive-RMSE
0,SaoPaulo_2016-2017.csv,49.0806253593854,52.599352516985455,1.0716927938842407,0.6337866582135221,1128.9601444175391,1781.2936416171665
1,huila_2016-2017.csv,90.44028109445726,13.77937853044767,0.15235886447606534,0.6337866582135221,1128.9601444175391,1781.2936416171665
2,santander_norte_2016-2017.csv,132.83003493870723,36.55421081554277,0.2751953715318245,0.6337866582135221,1128.9601444175391,1781.2936416171665
3,santander_2016-2017.csv,56.64696627250914,53.13092559936415,0.9379306447545571,0.6337866582135221,1128.9601444175391,1781.2936416171665
4,MinasGerais_2016-2017.csv,160.97848418309562,140.52642014585837,0.8729515677761306,0.6337866582135221,1128.9601444175391,1781.2936416171665
5,MatoGrosso_2016-2017.csv,171.58162382403037,100.28914144995994,0.5844981485477364,0.6337866582135221,1128.9601444175391,1781.2936416171665
6,valle_cauca_2016-2017.csv,141.6112547601619,130.90567349327551,0.9244016212904987,0.6337866582135221,1128.9601444175391,1781.2936416171665
7,Bahia_2016-2017.csv,449.9565305209188,190.27504995552226,0.42287429351284017,0.6337866582135221,1128.9601444175391,1781.2936416171665
8,RioDeJaneiro_2016-2017.csv,528.1678406639006,410.899991910583,0.7779723797535395,0.6337866582135221,1128.9601444175391,1781.2936416171665
