,File,NaiveRMSE,P-LSTM-RMSE,P-LSTM-Naive-Ratio,Average-Ratio,Total P-LSTM-RMSE,TotalNaive-RMSE
0,huila_2016-2017.csv,120.99953139553122,65.65686959245349,0.5426208584050627,1.2208126442695435,3411.868046200425,2794.751563407888
1,tolima_2016-2017.csv,119.19558560981183,92.19795301879819,0.7735014056695798,1.2208126442695435,3411.868046200425,2794.751563407888
2,santander_norte_2016-2017.csv,186.8847431346252,75.88071578061258,0.40602948377626935,1.2208126442695435,3411.868046200425,2794.751563407888
3,santander_2016-2017.csv,77.58885827124311,175.55330516312046,2.262609723543078,1.2208126442695435,3411.868046200425,2794.751563407888
4,MinasGerais_2016-2017.csv,259.48555288548124,265.3882338474928,1.0227476285148585,1.2208126442695435,3411.868046200425,2794.751563407888
5,MatoGrosso_2016-2017.csv,310.24237797643605,282.55433432563547,0.9107535088165692,1.2208126442695435,3411.868046200425,2794.751563407888
6,valle_cauca_2016-2017.csv,189.1969736686103,451.3745901380504,2.3857389544119227,1.2208126442695435,3411.868046200425,2794.751563407888
7,Bahia_2016-2017.csv,736.2269290641273,962.3796534713899,1.3071780119408865,1.2208126442695435,3411.868046200425,2794.751563407888
8,RioDeJaneiro_2016-2017.csv,794.9310114020219,1040.882390862872,1.309399653470639,1.2208126442695435,3411.868046200425,2794.751563407888
