,File,NaiveRMSE,H-LSTM-RMSE,H-LSTM-Naive-Ratio,Average-Ratio,Total H-LSTM-RMSE,TotalNaive-RMSE
0,huila_2016-2017.csv,90.44028109445726,44.26475965797227,0.489436334366779,0.6564038151214611,1223.366893342737,1863.7412902854094
1,tolima_2016-2017.csv,131.52827402762824,48.86923796513443,0.37154929863117625,0.6564038151214611,1223.366893342737,1863.7412902854094
2,santander_norte_2016-2017.csv,132.83003493870723,64.64482921337991,0.4866732832164763,0.6564038151214611,1223.366893342737,1863.7412902854094
3,santander_2016-2017.csv,56.64696627250914,54.84496358380218,0.9681888932932765,0.6564038151214611,1223.366893342737,1863.7412902854094
4,MinasGerais_2016-2017.csv,160.97848418309562,125.88163047855834,0.7819779836874448,0.6564038151214611,1223.366893342737,1863.7412902854094
5,MatoGrosso_2016-2017.csv,171.58162382403037,95.54377231232338,0.5568415205716352,0.6564038151214611,1223.366893342737,1863.7412902854094
6,valle_cauca_2016-2017.csv,141.6112547601619,135.70667042830655,0.9583042722002882,0.6564038151214611,1223.366893342737,1863.7412902854094
7,Bahia_2016-2017.csv,449.9565305209188,263.22328007086304,0.5849971324254968,0.6564038151214611,1223.366893342737,1863.7412902854094
8,RioDeJaneiro_2016-2017.csv,528.1678406639006,390.38774963239706,0.7391357814244888,0.6564038151214611,1223.366893342737,1863.7412902854094
