,File,NaiveRMSE,P-LSTM-RMSE,P-LSTM-Naive-Ratio,Average-Ratio,Total P-LSTM-RMSE,TotalNaive-RMSE
0,SaoPaulo_2016-2017.csv,26.394997414214608,51.21318864790739,1.940261173139094,0.8518428262700224,921.881832271302,1082.220573844544
1,huila_2016-2017.csv,59.602097278535425,90.57272166555433,1.5196230636362589,0.8518428262700224,921.881832271302,1082.220573844544
2,tolima_2016-2017.csv,124.83905638861582,85.18390415608232,0.6823497919666294,0.8518428262700224,921.881832271302,1082.220573844544
3,santander_norte_2016-2017.csv,96.52642125345785,113.56503053805233,1.176517569628472,0.8518428262700224,921.881832271302,1082.220573844544
4,santander_2016-2017.csv,49.70010060351991,41.50462531198425,0.8351014345641942,0.8518428262700224,921.881832271302,1082.220573844544
5,MatoGrosso_2016-2017.csv,90.72776124509527,240.3011500034743,2.6485956085074784,0.8518428262700224,921.881832271302,1082.220573844544
6,valle_cauca_2016-2017.csv,100.06008195079595,71.39408955775292,0.7135122035264834,0.8518428262700224,921.881832271302,1082.220573844544
7,Bahia_2016-2017.csv,243.01872804580026,92.85128884948332,0.3820746227919694,0.8518428262700224,921.881832271302,1082.220573844544
8,RioDeJaneiro_2016-2017.csv,291.35132966450914,135.29583354101092,0.4643734892056404,0.8518428262700224,921.881832271302,1082.220573844544
