,File,NaiveRMSE,H-LSTM-RMSE,H-LSTM-Naive-Ratio,Average-Ratio,Total H-LSTM-RMSE,TotalNaive-RMSE
0,SaoPaulo_2016-2017.csv,91.24688932861062,69.71972250271193,0.7640778005223592,0.46601433450599317,1359.7912202111088,2917.9171530261615
1,huila_2016-2017.csv,136.82185041140175,12.300127699809691,0.08989885506463437,0.46601433450599317,1359.7912202111088,2917.9171530261615
2,tolima_2016-2017.csv,131.2911046745615,35.98997133455292,0.274123455840845,0.46601433450599317,1359.7912202111088,2917.9171530261615
3,santander_norte_2016-2017.csv,212.29720715701058,32.37609976388355,0.15250365371005029,0.46601433450599317,1359.7912202111088,2917.9171530261615
4,santander_2016-2017.csv,93.07495859073302,92.33790021239746,0.9920810238382535,0.46601433450599317,1359.7912202111088,2917.9171530261615
5,MatoGrosso_2016-2017.csv,370.81222649650175,105.91043104221966,0.28561741893701775,0.46601433450599317,1359.7912202111088,2917.9171530261615
6,valle_cauca_2016-2017.csv,211.5345470208905,177.9059274452676,0.8410254020006395,0.46601433450599317,1359.7912202111088,2917.9171530261615
7,Bahia_2016-2017.csv,819.9580825630521,388.30299640920305,0.47356444758179916,0.46601433450599317,1359.7912202111088,2917.9171530261615
8,RioDeJaneiro_2016-2017.csv,850.8802867833996,444.9480438010629,0.5229267274284956,0.46601433450599317,1359.7912202111088,2917.9171530261615
