,File,NaiveRMSE,P-LSTM-RMSE,P-LSTM-Naive-Ratio,Average-Ratio,Total P-LSTM-RMSE,TotalNaive-RMSE
0,huila_2016-2017.csv,120.99953139553122,65.07955490083722,0.5378496441287933,1.1818433941938495,3302.958673626546,2794.751563407888
1,tolima_2016-2017.csv,119.19558560981183,91.11577669948404,0.764422409045857,1.1818433941938495,3302.958673626546,2794.751563407888
2,santander_norte_2016-2017.csv,186.8847431346252,75.05044508460503,0.40158679529308244,1.1818433941938495,3302.958673626546,2794.751563407888
3,santander_2016-2017.csv,77.58885827124311,171.9860857022774,2.216633799417833,1.1818433941938495,3302.958673626546,2794.751563407888
4,MinasGerais_2016-2017.csv,259.48555288548124,259.3629900340686,0.9995276698450078,1.1818433941938495,3302.958673626546,2794.751563407888
5,MatoGrosso_2016-2017.csv,310.24237797643605,278.13192999502445,0.8964988336188859,1.1818433941938495,3302.958673626546,2794.751563407888
6,valle_cauca_2016-2017.csv,189.1969736686103,437.35398020195936,2.3116330653787873,1.1818433941938495,3302.958673626546,2794.751563407888
7,Bahia_2016-2017.csv,736.2269290641273,931.8907439830042,1.2657656317565016,1.1818433941938495,3302.958673626546,2794.751563407888
8,RioDeJaneiro_2016-2017.csv,794.9310114020219,992.9871670252854,1.2491488604450736,1.1818433941938495,3302.958673626546,2794.751563407888
