,File,NaiveRMSE,P-LSTM-RMSE,P-LSTM-Naive-Ratio,Average-Ratio,Total P-LSTM-RMSE,TotalNaive-RMSE
0,SaoPaulo_2016-2017.csv,80.94359268557656,86.03984304203094,1.0629605159268212,1.0753447677410253,2888.9117640163413,2686.4981824248543
1,huila_2016-2017.csv,120.99953139553122,61.8879643374414,0.5114727604616744,1.0753447677410253,2888.9117640163413,2686.4981824248543
2,tolima_2016-2017.csv,119.19558560981183,86.66596623169286,0.7270904017821175,1.0753447677410253,2888.9117640163413,2686.4981824248543
3,santander_norte_2016-2017.csv,186.8847431346252,72.29540358881592,0.3868448669281518,1.0753447677410253,2888.9117640163413,2686.4981824248543
4,santander_2016-2017.csv,77.58885827124311,164.9815520763104,2.126356228874395,1.0753447677410253,2888.9117640163413,2686.4981824248543
5,MinasGerais_2016-2017.csv,259.48555288548124,249.81935859767412,0.9627486224943201,1.0753447677410253,2888.9117640163413,2686.4981824248543
6,MatoGrosso_2016-2017.csv,310.24237797643605,272.3440292391763,0.8778427725301337,1.0753447677410253,2888.9117640163413,2686.4981824248543
7,Bahia_2016-2017.csv,736.2269290641273,918.9557630515498,1.2481963464983585,1.0753447677410253,2888.9117640163413,2686.4981824248543
8,RioDeJaneiro_2016-2017.csv,794.9310114020219,975.9218838516493,1.227681232526598,1.0753447677410253,2888.9117640163413,2686.4981824248543
