,File,NaiveRMSE,GRURMSE,NaiveRelativeRMSE,GRURelativeRMSE,GRU-Naive-Ratio,Average-Ratio
0,Chiapas_2016-2017.csv,19.094660526075362,18.5852901917688,2.5580127091765372,2.4897750053925725,0.9733239387204096,0.6956499543528762
1,Guerrero_2016-2017.csv,13.81223290340044,14.568353365220105,1.6594794386367033,1.7503240086854253,1.0547428114706576,0.6956499543528762
2,Yucatan_2016-2017.csv,31.61622777286782,24.991954872694915,3.739553822597269,2.956037673114452,0.7904787077142178,0.6956499543528762
3,NuevoLeon_2016-2017.csv,45.967929092471685,33.13894716929168,5.153822174580631,3.715465197916055,0.7209145119987351,0.6956499543528762
4,Veracruz_2016-2017.csv,33.2385014673944,8.700910523565037,1.6552372461126992,0.4332948399562066,0.2617720456531493,0.6956499543528762
