,File,NaiveRMSE,GRURMSE,GRU-Naive-Ratio,Average-Ratio,TotalGRU-RMSE,TotalNaive-RMSE
0,Chiapas_2016-2017.csv,19.094660526075362,15.051768495326161,0.7882710705839314,0.8107822778459938,116.53337337154805,143.7295517622097
1,Guerrero_2016-2017.csv,13.81223290340044,13.383641042262441,0.9689701249511595,0.8107822778459938,116.53337337154805,143.7295517622097
2,Yucatan_2016-2017.csv,31.61622777286782,25.548570876779472,0.8080840972022777,0.8107822778459938,116.53337337154805,143.7295517622097
3,NuevoLeon_2016-2017.csv,45.967929092471685,33.590432438181054,0.7307362568065366,0.8107822778459938,116.53337337154805,143.7295517622097
4,Veracruz_2016-2017.csv,33.2385014673944,28.958960518998925,0.8712474762860917,0.8107822778459938,116.53337337154805,143.7295517622097
