,File,NaiveRMSE,NNRMSE,NN-Naive-Ratio,Average-Ratio,TotalNN-RMSE,TotalNaive-RMSE
0,SaoPaulo_2016-2017.csv,67.15209595289603,68.10281009050576,1.0141576241831172,0.513744614002978,1146.2970583017445,2231.2585418075055
1,huila_2016-2017.csv,108.014643754012,14.461858157542723,0.1338879401433527,0.513744614002978,1146.2970583017445,2231.2585418075055
2,tolima_2016-2017.csv,54.45930890610541,34.49632599586317,0.633433047329688,0.513744614002978,1146.2970583017445,2231.2585418075055
3,santander_2016-2017.csv,66.52880303036467,59.81575369082238,0.8990955941822919,0.513744614002978,1146.2970583017445,2231.2585418075055
4,MinasGerais_2016-2017.csv,219.60331450736328,172.172552254215,0.7840161822714296,0.513744614002978,1146.2970583017445,2231.2585418075055
5,MatoGrosso_2016-2017.csv,242.69168331016576,80.30857770775039,0.33090782762882776,0.513744614002978,1146.2970583017445,2231.2585418075055
6,valle_cauca_2016-2017.csv,166.8083343486268,147.53018726555328,0.8844293532553206,0.513744614002978,1146.2970583017445,2231.2585418075055
7,Bahia_2016-2017.csv,613.2738695557917,149.84803690813487,0.24434114079680783,0.513744614002978,1146.2970583017445,2231.2585418075055
8,RioDeJaneiro_2016-2017.csv,692.7264884421796,419.56095623135707,0.6056661080982714,0.513744614002978,1146.2970583017445,2231.2585418075055
