,File,NaiveRMSE,GRURMSE,NaiveRelativeRMSE,GRURelativeRMSE,GRU-Naive-Ratio,Average-Ratio
0,Chiapas_2016-2017.csv,19.516084418253786,20.98627854876808,2.6235614169943364,2.82120068282479,1.0753324334434213,0.6910055692585342
1,Guerrero_2016-2017.csv,15.948258173716342,16.121572510428898,1.899063549239613,1.919701222384,1.0108672893819959,0.6910055692585342
2,Yucatan_2016-2017.csv,30.87846485557102,23.79840860415276,3.6153997082986384,2.786432548634373,0.7707121683498817,0.6910055692585342
3,NuevoLeon_2016-2017.csv,45.30418730928856,22.15740822483132,5.028097798765888,2.459146099698154,0.4890808011534171,0.6910055692585342
4,Veracruz_2016-2017.csv,26.552604699474035,12.43302500542355,1.308931217579706,0.6128955988589074,0.46824125716261006,0.6910055692585342
