,File,NaiveRMSE,GRURMSE,NaiveRelativeRMSE,GRURelativeRMSE,GRU-Naive-Ratio,Average-Ratio,TotalGRU-RMSE,TotalNaive-RMSE
0,Chiapas_2016-2017.csv,19.516084418253786,28.373664979944262,2.6235614169943364,3.8142924115700105,1.4538605373835032,0.7637365383435509,105.54808368922272,138.19959945630376
1,Guerrero_2016-2017.csv,15.948258173716342,13.866836312385306,1.899063549239613,1.6512150165416282,0.8694890790794106,0.7637365383435509,105.54808368922272,138.19959945630376
2,Yucatan_2016-2017.csv,30.87846485557102,19.538008668379515,3.6153997082986384,2.2876043602164784,0.6327389900944027,0.7637365383435509,105.54808368922272,138.19959945630376
3,NuevoLeon_2016-2017.csv,45.30418730928856,31.466657914590535,5.028097798765888,3.4923357594902296,0.6945640079529478,0.7637365383435509,105.54808368922272,138.19959945630376
4,Veracruz_2016-2017.csv,26.552604699474035,12.30291581392311,1.308931217579706,0.6064817654750829,0.46334120336476114,0.7637365383435509,105.54808368922272,138.19959945630376
