,File,NaiveRMSE,H-LSTM-RMSE - No Google,H-LSTM - No Google-Naive-Ratio,Average-Ratio,Total H-LSTM-RMSE - No Google,TotalNaive-RMSE
0,SaoPaulo_2016-2017.csv,49.0806253593854,120.71450741114856,2.4595144525407933,0.8568664536668599,1590.4940462538934,1856.1749493722855
1,huila_2016-2017.csv,90.44028109445726,49.99531207648921,0.5527991672678827,0.8568664536668599,1590.4940462538934,1856.1749493722855
2,tolima_2016-2017.csv,131.52827402762824,65.35598138606116,0.49689682214131975,0.8568664536668599,1590.4940462538934,1856.1749493722855
3,santander_norte_2016-2017.csv,132.83003493870723,62.94876842452592,0.4739046289762165,0.8568664536668599,1590.4940462538934,1856.1749493722855
4,MinasGerais_2016-2017.csv,160.97848418309562,217.66478361305138,1.3521358752855521,0.8568664536668599,1590.4940462538934,1856.1749493722855
5,MatoGrosso_2016-2017.csv,171.58162382403037,143.21181441251954,0.8346570642051613,0.8568664536668599,1590.4940462538934,1856.1749493722855
6,valle_cauca_2016-2017.csv,141.6112547601619,145.42808265243494,1.0269528569514998,0.8568664536668599,1590.4940462538934,1856.1749493722855
7,Bahia_2016-2017.csv,449.9565305209188,316.3490651676255,0.7030658379408012,0.8568664536668599,1590.4940462538934,1856.1749493722855
8,RioDeJaneiro_2016-2017.csv,528.1678406639006,468.8257311100371,0.8876453562956972,0.8568664536668599,1590.4940462538934,1856.1749493722855
