,File,NaiveRMSE,P-LSTM-RMSE - No Google,P-LSTM - No Google-Naive-Ratio,Average-Ratio,Total P-LSTM-RMSE - No Google,TotalNaive-RMSE
0,SaoPaulo_2016-2017.csv,49.0806253593854,77.044070217472,1.5697450807386526,1.9303940693562454,3436.085770017301,1779.9918807060876
1,huila_2016-2017.csv,90.44028109445726,92.34874302443528,1.021101901795117,1.9303940693562454,3436.085770017301,1779.9918807060876
2,tolima_2016-2017.csv,131.52827402762824,116.79295970953613,0.8879684658904832,1.9303940693562454,3436.085770017301,1779.9918807060876
3,santander_2016-2017.csv,56.64696627250914,160.11646767896622,2.8265673912474107,1.9303940693562454,3436.085770017301,1779.9918807060876
4,MinasGerais_2016-2017.csv,160.97848418309562,180.56664232014262,1.1216818398834443,1.9303940693562454,3436.085770017301,1779.9918807060876
5,MatoGrosso_2016-2017.csv,171.58162382403037,408.41329476281084,2.3802857535703756,1.9303940693562454,3436.085770017301,1779.9918807060876
6,valle_cauca_2016-2017.csv,141.6112547601619,411.5903887187117,2.9064807695955843,1.9303940693562454,3436.085770017301,1779.9918807060876
7,Bahia_2016-2017.csv,449.9565305209188,993.0112453451435,2.2069048407754526,1.9303940693562454,3436.085770017301,1779.9918807060876
8,RioDeJaneiro_2016-2017.csv,528.1678406639006,996.2019582400828,1.886146564675102,1.9303940693562454,3436.085770017301,1779.9918807060876
