,File,NaiveRMSE,H-LSTM-RMSE - No Google,H-LSTM - No Google-Naive-Ratio,Average-Ratio,Total H-LSTM-RMSE - No Google,TotalNaive-RMSE
0,SaoPaulo_2016-2017.csv,67.15209595289603,70.22329165302651,1.045734919462302,0.574902756444497,1315.7631715679788,2288.6708348823286
1,tolima_2016-2017.csv,54.45930890610541,32.56730749191177,0.5980117659601931,0.574902756444497,1315.7631715679788,2288.6708348823286
2,santander_norte_2016-2017.csv,165.42693682883518,30.69015237410668,0.18552088893395474,0.574902756444497,1315.7631715679788,2288.6708348823286
3,santander_2016-2017.csv,66.52880303036467,65.2336128493148,0.9805318881138034,0.574902756444497,1315.7631715679788,2288.6708348823286
4,MinasGerais_2016-2017.csv,219.60331450736328,175.86750562008737,0.8008417633158745,0.574902756444497,1315.7631715679788,2288.6708348823286
5,MatoGrosso_2016-2017.csv,242.69168331016576,109.3637365298507,0.4506282829234047,0.574902756444497,1315.7631715679788,2288.6708348823286
6,valle_cauca_2016-2017.csv,166.8083343486268,140.45773656247596,0.8420306881604698,0.574902756444497,1315.7631715679788,2288.6708348823286
7,Bahia_2016-2017.csv,613.2738695557917,337.4247632183885,0.5502024135852925,0.574902756444497,1315.7631715679788,2288.6708348823286
8,RioDeJaneiro_2016-2017.csv,692.7264884421796,353.9350652688165,0.5109304627065069,0.574902756444497,1315.7631715679788,2288.6708348823286
