,File,NaiveRMSE,P-LSTM-RMSE,P-LSTM-Naive-Ratio,Average-Ratio,Total P-LSTM-RMSE,TotalNaive-RMSE
0,SaoPaulo_2016-2017.csv,80.94359268557656,91.90806079290455,1.1354581350239692,1.1864270992956722,3319.749138446171,2798.1062978222217
1,huila_2016-2017.csv,120.99953139553122,64.46568243463325,0.5327762983139462,1.1864270992956722,3319.749138446171,2798.1062978222217
2,tolima_2016-2017.csv,119.19558560981183,90.82666007081396,0.761996844146025,1.1864270992956722,3319.749138446171,2798.1062978222217
3,santander_norte_2016-2017.csv,186.8847431346252,75.24214653177397,0.40261256895418246,1.1864270992956722,3319.749138446171,2798.1062978222217
4,MinasGerais_2016-2017.csv,259.48555288548124,285.80198916726755,1.1014177320823735,1.1864270992956722,3319.749138446171,2798.1062978222217
5,MatoGrosso_2016-2017.csv,310.24237797643605,282.86347815988427,0.9117499678956454,1.1864270992956722,3319.749138446171,2798.1062978222217
6,valle_cauca_2016-2017.csv,189.1969736686103,448.6011480549971,2.371079935140763,1.1864270992956722,3319.749138446171,2798.1062978222217
7,Bahia_2016-2017.csv,736.2269290641273,953.8690033777912,1.2956181928720332,1.1864270992956722,3319.749138446171,2798.1062978222217
8,RioDeJaneiro_2016-2017.csv,794.9310114020219,1026.170969856105,1.290893115424249,1.1864270992956722,3319.749138446171,2798.1062978222217
