,File,NaiveRMSE,P-LSTM-RMSE - No Google,P-LSTM - No Google-Naive-Ratio,Average-Ratio,Total P-LSTM-RMSE - No Google,TotalNaive-RMSE
0,SaoPaulo_2016-2017.csv,49.0806253593854,80.07308332307508,1.63146012783562,1.9263960819065409,3575.728149803843,1856.1749493722855
1,huila_2016-2017.csv,90.44028109445726,95.55766853256252,1.0565830554281512,1.9263960819065409,3575.728149803843,1856.1749493722855
2,tolima_2016-2017.csv,131.52827402762824,121.42030254775028,0.9231498204123417,1.9263960819065409,3575.728149803843,1856.1749493722855
3,santander_norte_2016-2017.csv,132.83003493870723,125.02579526151003,0.9412464230638924,1.9263960819065409,3575.728149803843,1856.1749493722855
4,MinasGerais_2016-2017.csv,160.97848418309562,216.23808233581704,1.3432731922725127,1.9263960819065409,3575.728149803843,1856.1749493722855
5,MatoGrosso_2016-2017.csv,171.58162382403037,416.9918588568275,2.4302827398607874,1.9263960819065409,3575.728149803843,1856.1749493722855
6,valle_cauca_2016-2017.csv,141.6112547601619,430.9301024898113,3.043049814223104,1.9263960819065409,3575.728149803843,1856.1749493722855
7,Bahia_2016-2017.csv,449.9565305209188,1034.636100711889,2.2994134555933243,1.9263960819065409,3575.728149803843,1856.1749493722855
8,RioDeJaneiro_2016-2017.csv,528.1678406639006,1054.8551557445996,1.9971968653348136,1.9263960819065409,3575.728149803843,1856.1749493722855
