,File,NaiveRMSE,P-NN-RMSE - No Google,P-NN - No Google-Naive-Ratio,Average-Ratio,Total P-NN-RMSE - No Google,TotalNaive-RMSE
0,SaoPaulo_2016-2017.csv,91.24688932861062,107.71774569363973,1.180508688967051,0.5650455605029403,1732.618290912008,3066.333782659623
1,huila_2016-2017.csv,136.82185041140175,13.389176828377895,0.09785846915619653,0.5650455605029403,1732.618290912008,3066.333782659623
2,santander_norte_2016-2017.csv,212.29720715701058,36.66340896465454,0.17269849874915713,0.5650455605029403,1732.618290912008,3066.333782659623
3,santander_2016-2017.csv,93.07495859073302,99.07646764887528,1.0644803838649228,0.5650455605029403,1732.618290912008,3066.333782659623
4,MinasGerais_2016-2017.csv,279.707734308023,216.1782822854574,0.7728720223638686,0.5650455605029403,1732.618290912008,3066.333782659623
5,MatoGrosso_2016-2017.csv,370.81222649650175,111.37822294345365,0.30036286558233105,0.5650455605029403,1732.618290912008,3066.333782659623
6,valle_cauca_2016-2017.csv,211.5345470208905,199.546205038977,0.9433267891663598,0.5650455605029403,1732.618290912008,3066.333782659623
7,Bahia_2016-2017.csv,819.9580825630521,451.4789928926405,0.550612284327258,0.5650455605029403,1732.618290912008,3066.333782659623
8,RioDeJaneiro_2016-2017.csv,850.8802867833996,497.1897886159319,0.5843240187118082,0.5650455605029403,1732.618290912008,3066.333782659623
