,File,NaiveRMSE,H-LSTM-RMSE,H-LSTM-Naive-Ratio,Average-Ratio,Total H-LSTM-RMSE,TotalNaive-RMSE
0,SaoPaulo_2016-2017.csv,91.24688932861062,89.76241825929463,0.9837312693042071,0.5245543558584788,1247.2154792228087,2377.6668047711323
1,huila_2016-2017.csv,136.82185041140175,16.236272091623988,0.1186672453471728,0.5245543558584788,1247.2154792228087,2377.6668047711323
2,tolima_2016-2017.csv,131.2911046745615,35.50777076798168,0.2704506969912147,0.5245543558584788,1247.2154792228087,2377.6668047711323
3,santander_norte_2016-2017.csv,212.29720715701058,36.7685066591049,0.1731935485703855,0.5245543558584788,1247.2154792228087,2377.6668047711323
4,santander_2016-2017.csv,93.07495859073302,97.17859526089362,1.0440895889968107,0.5245543558584788,1247.2154792228087,2377.6668047711323
5,MinasGerais_2016-2017.csv,279.707734308023,212.1446666207742,0.758451199590905,0.5245543558584788,1247.2154792228087,2377.6668047711323
6,MatoGrosso_2016-2017.csv,370.81222649650175,123.74196844454208,0.3337052006447513,0.5245543558584788,1247.2154792228087,2377.6668047711323
7,valle_cauca_2016-2017.csv,211.5345470208905,195.4413481544394,0.9239216520748179,0.5245543558584788,1247.2154792228087,2377.6668047711323
8,RioDeJaneiro_2016-2017.csv,850.8802867833996,440.4339329641542,0.517621503054367,0.5245543558584788,1247.2154792228087,2377.6668047711323
