,File,NaiveRMSE,GRURMSE,NaiveRelativeRMSE,GRURelativeRMSE,GRU-Naive-Ratio,Average-Ratio,TotalGRU-RMSE,TotalNaive-RMSE
0,Chiapas_2016-2017.csv,20.468471690219896,16.251034608124538,,,0.7939544707624407,0.8063077472027501,133.18999924048757,165.18506699526512
1,Guerrero_2016-2017.csv,18.124568960391855,16.778422647412505,,,0.9257280922971949,0.8063077472027501,133.18999924048757,165.18506699526512
2,Yucatan_2016-2017.csv,38.766797434574514,28.72906794419329,,,0.7410740593849265,0.8063077472027501,133.18999924048757,165.18506699526512
3,NuevoLeon_2016-2017.csv,45.985504962614755,33.925931484574086,,,0.7377527225623629,0.8063077472027501,133.18999924048757,165.18506699526512
4,Veracruz_2016-2017.csv,41.83972394746409,37.50554255618314,,,0.8964098951340321,0.8063077472027501,133.18999924048757,165.18506699526512
