,File,NaiveRMSE,GRURMSE,NaiveRelativeRMSE,GRURelativeRMSE,GRU-Naive-Ratio,Average-Ratio,TotalGRU-RMSE,TotalNaive-RMSE
0,Chiapas_2016-2017.csv,20.468471690219896,25.382034635909392,2.7405485108244214,3.398431415686613,1.2400551941568387,0.7407629221393659,122.36297292119951,165.18506699526512
1,Guerrero_2016-2017.csv,18.124568960391855,18.010289115339607,2.1219007563385586,2.1085216525275636,0.9936947551524129,0.7407629221393659,122.36297292119951,165.18506699526512
2,Yucatan_2016-2017.csv,38.766797434574514,29.780484441352385,4.446371031922525,3.415682803309234,0.7681956316255414,0.7407629221393659,122.36297292119951,165.18506699526512
3,NuevoLeon_2016-2017.csv,45.985504962614755,37.03016989537171,4.999556598426972,4.025930135850152,0.80525743765294,0.7407629221393659,122.36297292119951,165.18506699526512
4,Veracruz_2016-2017.csv,41.83972394746409,12.159994833226417,2.0204293254308614,0.5872029698137505,0.2906327691954917,0.7407629221393659,122.36297292119951,165.18506699526512
