,File,NaiveRMSE,H-LSTM-RMSE,H-LSTM-Naive-Ratio,Average-Ratio,Total H-LSTM-RMSE,TotalNaive-RMSE
0,SaoPaulo_2016-2017.csv,91.24688932861062,87.86571412179782,0.9629447619344473,0.5102480364885841,1523.2575870854228,2985.327680177174
1,huila_2016-2017.csv,136.82185041140175,14.948554525674135,0.10925560852105264,0.5102480364885841,1523.2575870854228,2985.327680177174
2,tolima_2016-2017.csv,131.2911046745615,34.69984684327321,0.264297013337542,0.5102480364885841,1523.2575870854228,2985.327680177174
3,santander_2016-2017.csv,93.07495859073302,80.45521190098196,0.8644130829513199,0.5102480364885841,1523.2575870854228,2985.327680177174
4,MinasGerais_2016-2017.csv,279.707734308023,182.8133987739695,0.6535872139046738,0.5102480364885841,1523.2575870854228,2985.327680177174
5,MatoGrosso_2016-2017.csv,370.81222649650175,113.10697798436914,0.3050249422814978,0.5102480364885841,1523.2575870854228,2985.327680177174
6,valle_cauca_2016-2017.csv,211.5345470208905,169.44201497290297,0.801013438982945,0.5102480364885841,1523.2575870854228,2985.327680177174
7,Bahia_2016-2017.csv,819.9580825630521,385.75160837001584,0.4704528396917812,0.5102480364885841,1523.2575870854228,2985.327680177174
8,RioDeJaneiro_2016-2017.csv,850.8802867833996,454.17425959243815,0.5337698694482188,0.5102480364885841,1523.2575870854228,2985.327680177174
