,File,NaiveRMSE,P-NN-RMSE - No Google,P-NN - No Google-Naive-Ratio,Average-Ratio,Total P-NN-RMSE - No Google,TotalNaive-RMSE
0,SaoPaulo_2016-2017.csv,49.0806253593854,61.486710644160084,1.2527695031172283,0.7457690161650421,1384.2777658235661,1856.1749493722855
1,huila_2016-2017.csv,90.44028109445726,14.459460224926769,0.15987854139711352,0.7457690161650421,1384.2777658235661,1856.1749493722855
2,tolima_2016-2017.csv,131.52827402762824,41.00023087818374,0.31172180416182926,0.7457690161650421,1384.2777658235661,1856.1749493722855
3,santander_norte_2016-2017.csv,132.83003493870723,61.668442431967705,0.4642657999783245,0.7457690161650421,1384.2777658235661,1856.1749493722855
4,MinasGerais_2016-2017.csv,160.97848418309562,192.21786375172314,1.1940593472920027,0.7457690161650421,1384.2777658235661,1856.1749493722855
5,MatoGrosso_2016-2017.csv,171.58162382403037,102.52750731163948,0.5975436356563977,0.7457690161650421,1384.2777658235661,1856.1749493722855
6,valle_cauca_2016-2017.csv,141.6112547601619,143.79970090596336,1.0154538998295572,0.7457690161650421,1384.2777658235661,1856.1749493722855
7,Bahia_2016-2017.csv,449.9565305209188,293.61485503136714,0.6525404902812423,0.7457690161650421,1384.2777658235661,1856.1749493722855
8,RioDeJaneiro_2016-2017.csv,528.1678406639006,473.5029946436346,0.8965009949270047,0.7457690161650421,1384.2777658235661,1856.1749493722855
