,File,NaiveRMSE,NNRMSE,NN-Naive-Ratio,Average-Ratio,TotalNN-RMSE,TotalNaive-RMSE
0,huila_2016-2017.csv,136.82185041140175,18.28089289377723,0.13361091696106628,0.5879833562075404,1826.4985609165774,3106.3779980055738
1,tolima_2016-2017.csv,131.2911046745615,37.513053290848255,0.2857242566724831,0.5879833562075404,1826.4985609165774,3106.3779980055738
2,santander_norte_2016-2017.csv,212.29720715701058,39.22485271887384,0.18476386592247518,0.5879833562075404,1826.4985609165774,3106.3779980055738
3,santander_2016-2017.csv,93.07495859073302,102.5286366496517,1.1015705857091826,0.5879833562075404,1826.4985609165774,3106.3779980055738
4,MinasGerais_2016-2017.csv,279.707734308023,240.7067357936811,0.8605651766804818,0.5879833562075404,1826.4985609165774,3106.3779980055738
5,MatoGrosso_2016-2017.csv,370.81222649650175,120.81101805645628,0.3258010643227699,0.5879833562075404,1826.4985609165774,3106.3779980055738
6,valle_cauca_2016-2017.csv,211.5345470208905,200.98154554726992,0.950112160768811,0.5879833562075404,1826.4985609165774,3106.3779980055738
7,Bahia_2016-2017.csv,819.9580825630521,530.2082789286045,0.6466285169984078,0.5879833562075404,1826.4985609165774,3106.3779980055738
8,RioDeJaneiro_2016-2017.csv,850.8802867833996,536.2435470374146,0.6302220833727236,0.5879833562075404,1826.4985609165774,3106.3779980055738
