,File,NaiveRMSE,H-LSTM-RMSE - No Google,H-LSTM - No Google-Naive-Ratio,Average-Ratio,Total H-LSTM-RMSE - No Google,TotalNaive-RMSE
0,SaoPaulo_2016-2017.csv,91.24688932861062,92.31625214739418,1.0117194440999784,0.47028608912706404,1103.6413403730826,2346.7446005507845
1,huila_2016-2017.csv,136.82185041140175,12.39422681863101,0.09058660426944616,0.47028608912706404,1103.6413403730826,2346.7446005507845
2,tolima_2016-2017.csv,131.2911046745615,34.32960936819869,0.2614770395396808,0.47028608912706404,1103.6413403730826,2346.7446005507845
3,santander_norte_2016-2017.csv,212.29720715701058,34.212943222635104,0.16115587991382255,0.47028608912706404,1103.6413403730826,2346.7446005507845
4,santander_2016-2017.csv,93.07495859073302,85.78570980492945,0.9216841039075218,0.47028608912706404,1103.6413403730826,2346.7446005507845
5,MinasGerais_2016-2017.csv,279.707734308023,198.92774823632024,0.7111985970944039,0.47028608912706404,1103.6413403730826,2346.7446005507845
6,MatoGrosso_2016-2017.csv,370.81222649650175,105.74397845365291,0.2851685324746176,0.47028608912706404,1103.6413403730826,2346.7446005507845
7,valle_cauca_2016-2017.csv,211.5345470208905,181.02473605776424,0.8557691337287181,0.47028608912706404,1103.6413403730826,2346.7446005507845
8,Bahia_2016-2017.csv,819.9580825630521,358.9061362635566,0.4377127854410264,0.47028608912706404,1103.6413403730826,2346.7446005507845
