,File,NaiveRMSE,P-LSTM-RMSE - No Google,P-LSTM - No Google-Naive-Ratio,Average-Ratio,Total P-LSTM-RMSE - No Google,TotalNaive-RMSE
0,SaoPaulo_2016-2017.csv,67.15209595289603,114.03123700037398,1.6981039144386707,1.6481685717495604,2808.4116551881334,1703.9589901941608
1,huila_2016-2017.csv,108.014643754012,80.39783403638594,0.7443234661726107,1.6481685717495604,2808.4116551881334,1703.9589901941608
2,tolima_2016-2017.csv,54.45930890610541,126.52727519274694,2.3233360417939863,1.6481685717495604,2808.4116551881334,1703.9589901941608
3,santander_norte_2016-2017.csv,165.42693682883518,97.71413753470742,0.5906785158925526,1.6481685717495604,2808.4116551881334,1703.9589901941608
4,santander_2016-2017.csv,66.52880303036467,184.06872753838465,2.7667524313397482,1.6481685717495604,2808.4116551881334,1703.9589901941608
5,MinasGerais_2016-2017.csv,219.60331450736328,289.97850748711204,1.3204650764840304,1.6481685717495604,2808.4116551881334,1703.9589901941608
6,MatoGrosso_2016-2017.csv,242.69168331016576,360.3730443494642,1.4849006749394822,1.6481685717495604,2808.4116551881334,1703.9589901941608
7,valle_cauca_2016-2017.csv,166.8083343486268,471.9725923181988,2.829430520730358,1.6481685717495604,2808.4116551881334,1703.9589901941608
8,Bahia_2016-2017.csv,613.2738695557917,1083.3482997307594,1.7665000149369698,1.6481685717495604,2808.4116551881334,1703.9589901941608
