,File,NaiveRMSE,P-NN-RMSE - No Google,P-NN - No Google-Naive-Ratio,Average-Ratio,Total P-NN-RMSE - No Google,TotalNaive-RMSE
0,huila_2016-2017.csv,90.44028109445726,22.757412204870644,0.25162916268584395,0.6730461217196073,1254.3838473152916,1863.7412902854094
1,tolima_2016-2017.csv,131.52827402762824,44.22153140605474,0.33621312020536176,0.6730461217196073,1254.3838473152916,1863.7412902854094
2,santander_norte_2016-2017.csv,132.83003493870723,58.95186910738576,0.44381430099441266,0.6730461217196073,1254.3838473152916,1863.7412902854094
3,santander_2016-2017.csv,56.64696627250914,55.21405560465143,0.9747045470896981,0.6730461217196073,1254.3838473152916,1863.7412902854094
4,MinasGerais_2016-2017.csv,160.97848418309562,161.00851207131436,1.000186533550562,0.6730461217196073,1254.3838473152916,1863.7412902854094
5,MatoGrosso_2016-2017.csv,171.58162382403037,105.226280182313,0.613272434641546,0.6730461217196073,1254.3838473152916,1863.7412902854094
6,valle_cauca_2016-2017.csv,141.6112547601619,134.71984268002592,0.9513357035653167,0.6730461217196073,1254.3838473152916,1863.7412902854094
7,Bahia_2016-2017.csv,449.9565305209188,275.3152668685041,0.6118708101641932,0.6730461217196073,1254.3838473152916,1863.7412902854094
8,RioDeJaneiro_2016-2017.csv,528.1678406639006,396.96907719017173,0.7515964559507947,0.6730461217196073,1254.3838473152916,1863.7412902854094
