,File,NaiveRMSE,P-LSTM-RMSE,P-LSTM-Naive-Ratio,Average-Ratio,Total P-LSTM-RMSE,TotalNaive-RMSE
0,SaoPaulo_2016-2017.csv,67.15209595289603,93.02950169091157,1.385355145968449,1.5628645557210337,3366.400555958305,2153.9937953261747
1,huila_2016-2017.csv,108.014643754012,77.39919659350217,0.7165620688410346,1.5628645557210337,3366.400555958305,2153.9937953261747
2,tolima_2016-2017.csv,54.45930890610541,121.57818924385685,2.232459274381772,1.5628645557210337,3366.400555958305,2153.9937953261747
3,santander_norte_2016-2017.csv,165.42693682883518,93.08286119704006,0.5626826137350989,1.5628645557210337,3366.400555958305,2153.9937953261747
4,santander_2016-2017.csv,66.52880303036467,172.0259348160513,2.5857362071813657,1.5628645557210337,3366.400555958305,2153.9937953261747
5,MinasGerais_2016-2017.csv,219.60331450736328,282.0919380920929,1.284552278843835,1.5628645557210337,3366.400555958305,2153.9937953261747
6,valle_cauca_2016-2017.csv,166.8083343486268,445.7403379587815,2.6721706664080176,1.5628645557210337,3366.400555958305,2153.9937953261747
7,Bahia_2016-2017.csv,613.2738695557917,1024.6779865558515,1.6708326205028907,1.5628645557210337,3366.400555958305,2153.9937953261747
8,RioDeJaneiro_2016-2017.csv,692.7264884421796,1056.7746098102175,1.525529379115729,1.5628645557210337,3366.400555958305,2153.9937953261747
