,File,NaiveRMSE,P-LSTM-RMSE,P-LSTM-Naive-Ratio,Average-Ratio,Total P-LSTM-RMSE,TotalNaive-RMSE
0,SaoPaulo_2016-2017.csv,80.94359268557656,116.90805877841404,1.4443151693617133,1.1844878670174293,3182.1245018466166,2686.4981824248543
1,huila_2016-2017.csv,120.99953139553122,67.59700541961774,0.5586551008916903,1.1844878670174293,3182.1245018466166,2686.4981824248543
2,tolima_2016-2017.csv,119.19558560981183,95.27258339998869,0.7992962399787575,1.1844878670174293,3182.1245018466166,2686.4981824248543
3,santander_norte_2016-2017.csv,186.8847431346252,78.51755384103258,0.4201389183731884,1.1844878670174293,3182.1245018466166,2686.4981824248543
4,santander_2016-2017.csv,77.58885827124311,181.11485450968044,2.3342894655895114,1.1844878670174293,3182.1245018466166,2686.4981824248543
5,MinasGerais_2016-2017.csv,259.48555288548124,277.7840689220058,1.0705184386299929,1.1844878670174293,3182.1245018466166,2686.4981824248543
6,MatoGrosso_2016-2017.csv,310.24237797643605,286.8395062573697,0.9245658447059613,1.1844878670174293,3182.1245018466166,2686.4981824248543
7,Bahia_2016-2017.csv,736.2269290641273,993.4075098137761,1.3493224311647636,1.1844878670174293,3182.1245018466166,2686.4981824248543
8,RioDeJaneiro_2016-2017.csv,794.9310114020219,1084.6833609047312,1.364499994775235,1.1844878670174293,3182.1245018466166,2686.4981824248543
