,File,NaiveRMSE,H-LSTM-RMSE,H-LSTM-Naive-Ratio,Average-Ratio,Total H-LSTM-RMSE,TotalNaive-RMSE
0,SaoPaulo_2016-2017.csv,67.15209595289603,118.67029774624531,1.7671868027691469,0.8084576388838024,1850.293419351188,2288.6708348823286
1,tolima_2016-2017.csv,54.45930890610541,87.38908178098576,1.604667476255627,0.8084576388838024,1850.293419351188,2288.6708348823286
2,santander_norte_2016-2017.csv,165.42693682883518,49.50594775477814,0.29926170854509154,0.8084576388838024,1850.293419351188,2288.6708348823286
3,santander_2016-2017.csv,66.52880303036467,73.7394624392151,1.1083840243685037,0.8084576388838024,1850.293419351188,2288.6708348823286
4,MinasGerais_2016-2017.csv,219.60331450736328,231.56208960346558,1.054456259564795,0.8084576388838024,1850.293419351188,2288.6708348823286
5,MatoGrosso_2016-2017.csv,242.69168331016576,129.87687385190029,0.5351517286478851,0.8084576388838024,1850.293419351188,2288.6708348823286
6,valle_cauca_2016-2017.csv,166.8083343486268,163.06788387201695,0.9775763573731732,0.8084576388838024,1850.293419351188,2288.6708348823286
7,Bahia_2016-2017.csv,613.2738695557917,488.58064737140893,0.7966761207766753,0.8084576388838024,1850.293419351188,2288.6708348823286
8,RioDeJaneiro_2016-2017.csv,692.7264884421796,507.90113493117207,0.7331914448274566,0.8084576388838024,1850.293419351188,2288.6708348823286
