,File,NaiveRMSE,P-LSTM-RMSE,P-LSTM-Naive-Ratio,Average-Ratio,Total P-LSTM-RMSE,TotalNaive-RMSE
0,SaoPaulo_2016-2017.csv,26.394997414214608,49.4397251851727,1.8730717949814126,0.7168527209957074,795.2092783599728,1109.3063541077563
1,tolima_2016-2017.csv,124.83905638861582,86.89511200594724,0.6960571035994412,0.7168527209957074,795.2092783599728,1109.3063541077563
2,santander_norte_2016-2017.csv,96.52642125345785,110.49374867933722,1.1446995262489235,0.7168527209957074,795.2092783599728,1109.3063541077563
3,santander_2016-2017.csv,49.70010060351991,42.08606939533403,0.8468004870065267,0.7168527209957074,795.2092783599728,1109.3063541077563
4,MinasGerais_2016-2017.csv,86.68787754174761,32.65194433752418,0.3766610195502766,0.7168527209957074,795.2092783599728,1109.3063541077563
5,MatoGrosso_2016-2017.csv,90.72776124509527,208.93361878122883,2.302863158022912,0.7168527209957074,795.2092783599728,1109.3063541077563
6,valle_cauca_2016-2017.csv,100.06008195079595,59.090249927099315,0.5905476867004432,0.7168527209957074,795.2092783599728,1109.3063541077563
7,Bahia_2016-2017.csv,243.01872804580026,63.27457106515303,0.2603691146520529,0.7168527209957074,795.2092783599728,1109.3063541077563
8,RioDeJaneiro_2016-2017.csv,291.35132966450914,142.34423898317627,0.48856560616038913,0.7168527209957074,795.2092783599728,1109.3063541077563
