,File,NaiveRMSE,P-NN-RMSE - No Google,P-NN - No Google-Naive-Ratio,Average-Ratio,Total P-NN-RMSE - No Google,TotalNaive-RMSE
0,SaoPaulo_2016-2017.csv,49.0806253593854,45.79740292754776,0.9331055297727617,0.7053419067035842,1228.1697474619634,1741.2402918207645
1,huila_2016-2017.csv,90.44028109445726,15.166748495059549,0.1676990419702384,0.7053419067035842,1228.1697474619634,1741.2402918207645
2,tolima_2016-2017.csv,131.52827402762824,24.865934745554693,0.1890539120153851,0.7053419067035842,1228.1697474619634,1741.2402918207645
3,santander_norte_2016-2017.csv,132.83003493870723,40.95423102491743,0.3083205620160776,0.7053419067035842,1228.1697474619634,1741.2402918207645
4,santander_2016-2017.csv,56.64696627250914,51.74055792309183,0.9133862116143296,0.7053419067035842,1228.1697474619634,1741.2402918207645
5,MinasGerais_2016-2017.csv,160.97848418309562,153.90164381389042,0.9560385948152172,0.7053419067035842,1228.1697474619634,1741.2402918207645
6,valle_cauca_2016-2017.csv,141.6112547601619,145.26837426964585,1.0258250625324787,0.7053419067035842,1228.1697474619634,1741.2402918207645
7,Bahia_2016-2017.csv,449.9565305209188,269.88689005808743,0.5998065851953229,0.7053419067035842,1228.1697474619634,1741.2402918207645
8,RioDeJaneiro_2016-2017.csv,528.1678406639006,480.5879642041684,0.9099152337637124,0.7053419067035842,1228.1697474619634,1741.2402918207645
