,File,NaiveRMSE,NNRMSE,NN-Naive-Ratio,Average-Ratio,TotalNN-RMSE,TotalNaive-RMSE
0,SaoPaulo_2016-2017.csv,26.394997414214608,38.81712756413704,1.4706244124590324,0.7991100740311134,834.3263715302127,1044.069394997676
1,huila_2016-2017.csv,59.602097278535425,15.949442176794612,0.2675986736214818,0.7991100740311134,834.3263715302127,1044.069394997676
2,santander_norte_2016-2017.csv,96.52642125345785,42.69108736652014,0.44227359527214233,0.7991100740311134,834.3263715302127,1044.069394997676
3,santander_2016-2017.csv,49.70010060351991,47.24953742028913,0.9506929935055861,0.7991100740311134,834.3263715302127,1044.069394997676
4,MinasGerais_2016-2017.csv,86.68787754174761,92.13314838930566,1.0628146749230962,0.7991100740311134,834.3263715302127,1044.069394997676
5,MatoGrosso_2016-2017.csv,90.72776124509527,57.353953670453976,0.6321544021737285,0.7991100740311134,834.3263715302127,1044.069394997676
6,valle_cauca_2016-2017.csv,100.06008195079595,96.90789329243844,0.9684970410087453,0.7991100740311134,834.3263715302127,1044.069394997676
7,Bahia_2016-2017.csv,243.01872804580026,147.3984978987631,0.6065314351862784,0.7991100740311134,834.3263715302127,1044.069394997676
8,RioDeJaneiro_2016-2017.csv,291.35132966450914,295.8256837515105,1.0153572461541658,0.7991100740311134,834.3263715302127,1044.069394997676
