,File,NaiveRMSE,H-LSTM-RMSE - No Google,H-LSTM - No Google-Naive-Ratio,Average-Ratio,Total H-LSTM-RMSE - No Google,TotalNaive-RMSE
0,SaoPaulo_2016-2017.csv,91.24688932861062,77.42827155226377,0.848557930270024,0.4733265931795771,1125.4129284184908,2377.6668047711323
1,huila_2016-2017.csv,136.82185041140175,12.272371129815898,0.08969598856406934,0.4733265931795771,1125.4129284184908,2377.6668047711323
2,tolima_2016-2017.csv,131.2911046745615,32.92307725128708,0.2507639594692674,0.4733265931795771,1125.4129284184908,2377.6668047711323
3,santander_norte_2016-2017.csv,212.29720715701058,33.59493814542695,0.15824484266804714,0.4733265931795771,1125.4129284184908,2377.6668047711323
4,santander_2016-2017.csv,93.07495859073302,89.08639783467902,0.9571467898944506,0.4733265931795771,1125.4129284184908,2377.6668047711323
5,MinasGerais_2016-2017.csv,279.707734308023,175.24565760282687,0.6265313257653462,0.4733265931795771,1125.4129284184908,2377.6668047711323
6,MatoGrosso_2016-2017.csv,370.81222649650175,105.63963548234088,0.28488714215397504,0.4733265931795771,1125.4129284184908,2377.6668047711323
7,valle_cauca_2016-2017.csv,211.5345470208905,156.86955150125615,0.7415788754626648,0.4733265931795771,1125.4129284184908,2377.6668047711323
8,RioDeJaneiro_2016-2017.csv,850.8802867833996,442.35302791859414,0.5198769260371873,0.4733265931795771,1125.4129284184908,2377.6668047711323
