,File,NaiveRMSE,P-LSTM-RMSE,P-LSTM-Naive-Ratio,Average-Ratio,Total P-LSTM-RMSE,TotalNaive-RMSE
0,SaoPaulo_2016-2017.csv,67.15209595289603,81.66453274729224,1.2161129386724725,1.520953039289661,3393.6394606031427,2231.2585418075055
1,huila_2016-2017.csv,108.014643754012,75.46182369871501,0.6986258629021505,1.520953039289661,3393.6394606031427,2231.2585418075055
2,tolima_2016-2017.csv,54.45930890610541,118.16567028254437,2.169797462657424,1.520953039289661,3393.6394606031427,2231.2585418075055
3,santander_2016-2017.csv,66.52880303036467,164.58527701779155,2.473895057794329,1.520953039289661,3393.6394606031427,2231.2585418075055
4,MinasGerais_2016-2017.csv,219.60331450736328,226.83702529790727,1.0329398980464908,1.520953039289661,3393.6394606031427,2231.2585418075055
5,MatoGrosso_2016-2017.csv,242.69168331016576,341.54381946857586,1.40731571354291,1.520953039289661,3393.6394606031427,2231.2585418075055
6,valle_cauca_2016-2017.csv,166.8083343486268,422.621766620462,2.5335770438015954,1.520953039289661,3393.6394606031427,2231.2585418075055
7,Bahia_2016-2017.csv,613.2738695557917,974.8110281540941,1.5895199136075566,1.520953039289661,3393.6394606031427,2231.2585418075055
8,RioDeJaneiro_2016-2017.csv,692.7264884421796,987.9485173157605,1.42617401499614,1.520953039289661,3393.6394606031427,2231.2585418075055
