,File,NaiveRMSE,H-LSTM-RMSE - No Google,H-LSTM - No Google-Naive-Ratio,Average-Ratio,Total H-LSTM-RMSE - No Google,TotalNaive-RMSE
0,SaoPaulo_2016-2017.csv,91.24688932861062,97.99874615473897,1.0739954739915862,0.57295026209296,1710.44427679088,2985.327680177174
1,huila_2016-2017.csv,136.82185041140175,21.05394077848775,0.15387849758778926,0.57295026209296,1710.44427679088,2985.327680177174
2,tolima_2016-2017.csv,131.2911046745615,36.071905413792244,0.27474752004871666,0.57295026209296,1710.44427679088,2985.327680177174
3,santander_2016-2017.csv,93.07495859073302,96.09680960897336,1.0324668532115922,0.57295026209296,1710.44427679088,2985.327680177174
4,MinasGerais_2016-2017.csv,279.707734308023,205.07568028995112,0.7331784399787648,0.57295026209296,1710.44427679088,2985.327680177174
5,MatoGrosso_2016-2017.csv,370.81222649650175,118.32215467572829,0.3190891405972681,0.57295026209296,1710.44427679088,2985.327680177174
6,valle_cauca_2016-2017.csv,211.5345470208905,185.71700326893878,0.8779511710236056,0.57295026209296,1710.44427679088,2985.327680177174
7,Bahia_2016-2017.csv,819.9580825630521,469.3531897631072,0.572411199723756,0.57295026209296,1710.44427679088,2985.327680177174
8,RioDeJaneiro_2016-2017.csv,850.8802867833996,480.7548468371622,0.5650087965424252,0.57295026209296,1710.44427679088,2985.327680177174
