,File,NaiveRMSE,P-NN-RMSE - No Google,P-NN - No Google-Naive-Ratio,Average-Ratio,Total P-NN-RMSE - No Google,TotalNaive-RMSE
0,SaoPaulo_2016-2017.csv,80.94359268557656,60.99378179096509,0.7535344029995551,0.6214751756038454,1594.3652157836532,2565.4527781170286
1,huila_2016-2017.csv,120.99953139553122,13.786535341325607,0.11393874986390876,0.6214751756038454,1594.3652157836532,2565.4527781170286
2,tolima_2016-2017.csv,119.19558560981183,33.67356178981195,0.2825067859479524,0.6214751756038454,1594.3652157836532,2565.4527781170286
3,santander_norte_2016-2017.csv,186.8847431346252,36.936527446623636,0.19764335401106475,0.6214751756038454,1594.3652157836532,2565.4527781170286
4,santander_2016-2017.csv,77.58885827124311,79.56485641925374,1.025467550264791,0.6214751756038454,1594.3652157836532,2565.4527781170286
5,MinasGerais_2016-2017.csv,259.48555288548124,225.7388650399682,0.8699477197468236,0.6214751756038454,1594.3652157836532,2565.4527781170286
6,valle_cauca_2016-2017.csv,189.1969736686103,168.91556075240186,0.8928026568134618,0.6214751756038454,1594.3652157836532,2565.4527781170286
7,Bahia_2016-2017.csv,736.2269290641273,492.31665282196974,0.6687023163466596,0.6214751756038454,1594.3652157836532,2565.4527781170286
8,RioDeJaneiro_2016-2017.csv,794.9310114020219,482.43887438133333,0.6068940165391895,0.6214751756038454,1594.3652157836532,2565.4527781170286
