,File,NaiveRMSE,P-LSTM-RMSE - No Google,P-LSTM - No Google-Naive-Ratio,Average-Ratio,Total P-LSTM-RMSE - No Google,TotalNaive-RMSE
0,SaoPaulo_2016-2017.csv,26.394997414214608,70.51571749996113,2.6715561435132402,3.3396405018773723,3737.7535383135228,1119.208350782772
1,huila_2016-2017.csv,59.602097278535425,124.69289989233236,2.0920891308507388,3.3396405018773723,3737.7535383135228,1119.208350782772
2,tolima_2016-2017.csv,124.83905638861582,132.98837558872953,1.0652786029938053,3.3396405018773723,3737.7535383135228,1119.208350782772
3,santander_norte_2016-2017.csv,96.52642125345785,163.63084682240577,1.6951923079458833,3.3396405018773723,3737.7535383135228,1119.208350782772
4,MinasGerais_2016-2017.csv,86.68787754174761,188.20557451928985,2.171071433011528,3.3396405018773723,3737.7535383135228,1119.208350782772
5,MatoGrosso_2016-2017.csv,90.72776124509527,468.102028779514,5.159413418291742,3.3396405018773723,3737.7535383135228,1119.208350782772
6,valle_cauca_2016-2017.csv,100.06008195079595,428.36321478403465,4.281060003475513,3.3396405018773723,3737.7535383135228,1119.208350782772
7,Bahia_2016-2017.csv,243.01872804580026,1058.99381902433,4.357663409483189,3.3396405018773723,3737.7535383135228,1119.208350782772
8,RioDeJaneiro_2016-2017.csv,291.35132966450914,1102.2610614029256,3.7832710860533174,3.3396405018773723,3737.7535383135228,1119.208350782772
