,File,NaiveRMSE,P-NN-RMSE - No Google,P-NN - No Google-Naive-Ratio,Average-Ratio,Total P-NN-RMSE - No Google,TotalNaive-RMSE
0,SaoPaulo_2016-2017.csv,67.15209595289603,80.16938127280844,1.1938477888917034,0.7235357259218315,1232.875204911163,1703.9589901941608
1,huila_2016-2017.csv,108.014643754012,14.111689364276804,0.1306460760673726,0.7235357259218315,1232.875204911163,1703.9589901941608
2,tolima_2016-2017.csv,54.45930890610541,41.99264725844746,0.7710829994344581,0.7235357259218315,1232.875204911163,1703.9589901941608
3,santander_norte_2016-2017.csv,165.42693682883518,34.685119503045215,0.20967032436158445,0.7235357259218315,1232.875204911163,1703.9589901941608
4,santander_2016-2017.csv,66.52880303036467,66.55701310808261,1.0004240280364742,0.7235357259218315,1232.875204911163,1703.9589901941608
5,MinasGerais_2016-2017.csv,219.60331450736328,208.13332987461234,0.9477695286226367,0.7235357259218315,1232.875204911163,1703.9589901941608
6,MatoGrosso_2016-2017.csv,242.69168331016576,113.68638715430164,0.4684395674531942,0.7235357259218315,1232.875204911163,1703.9589901941608
7,valle_cauca_2016-2017.csv,166.8083343486268,167.79325477288563,1.005904503681455,0.7235357259218315,1232.875204911163,1703.9589901941608
8,Bahia_2016-2017.csv,613.2738695557917,505.746382602703,0.8246664462795825,0.7235357259218315,1232.875204911163,1703.9589901941608
