,File,NaiveRMSE,NNRMSE,NN-Naive-Ratio,Average-Ratio,TotalNN-RMSE,TotalNaive-RMSE
0,SaoPaulo_2016-2017.csv,91.24688932861062,65.53924477076045,0.7182627841123621,0.5039419588391836,1504.4318789253207,2985.327680177174
1,huila_2016-2017.csv,136.82185041140175,15.935049226934645,0.11646567546792023,0.5039419588391836,1504.4318789253207,2985.327680177174
2,tolima_2016-2017.csv,131.2911046745615,24.00523224075896,0.18283974607618736,0.5039419588391836,1504.4318789253207,2985.327680177174
3,santander_2016-2017.csv,93.07495859073302,80.24019025715816,0.8621028842998298,0.5039419588391836,1504.4318789253207,2985.327680177174
4,MinasGerais_2016-2017.csv,279.707734308023,175.9839362558355,0.6291707903294387,0.5039419588391836,1504.4318789253207,2985.327680177174
5,MatoGrosso_2016-2017.csv,370.81222649650175,87.66388363990605,0.23641044543803108,0.5039419588391836,1504.4318789253207,2985.327680177174
6,valle_cauca_2016-2017.csv,211.5345470208905,172.5104429336906,0.8155190032229298,0.5039419588391836,1504.4318789253207,2985.327680177174
7,Bahia_2016-2017.csv,819.9580825630521,345.9489329383929,0.4219105101775621,0.5039419588391836,1504.4318789253207,2985.327680177174
8,RioDeJaneiro_2016-2017.csv,850.8802867833996,536.6049666618834,0.6306468430364303,0.5039419588391836,1504.4318789253207,2985.327680177174
