,File,NaiveRMSE,NNRMSE,NN-Naive-Ratio,Average-Ratio,TotalNN-RMSE,TotalNaive-RMSE
0,SaoPaulo_2016-2017.csv,67.15209595289603,70.96937154727254,1.056845218905068,0.7085925325904895,1659.683973508869,2342.226169730235
1,huila_2016-2017.csv,108.014643754012,14.423708483762336,0.13353475031228434,0.7085925325904895,1659.683973508869,2342.226169730235
2,santander_norte_2016-2017.csv,165.42693682883518,35.49078481907886,0.21454054278838913,0.7085925325904895,1659.683973508869,2342.226169730235
3,santander_2016-2017.csv,66.52880303036467,66.4809420736978,0.9992805979592776,0.7085925325904895,1659.683973508869,2342.226169730235
4,MinasGerais_2016-2017.csv,219.60331450736328,205.90493670196275,0.9376221718869311,0.7085925325904895,1659.683973508869,2342.226169730235
5,MatoGrosso_2016-2017.csv,242.69168331016576,109.99412203825194,0.4532257576279482,0.7085925325904895,1659.683973508869,2342.226169730235
6,valle_cauca_2016-2017.csv,166.8083343486268,163.4398367846031,0.9798061794863103,0.7085925325904895,1659.683973508869,2342.226169730235
7,Bahia_2016-2017.csv,613.2738695557917,465.1878687087013,0.7585320226437292,0.7085925325904895,1659.683973508869,2342.226169730235
8,RioDeJaneiro_2016-2017.csv,692.7264884421796,527.7924023515384,0.7619059053717593,0.7085925325904895,1659.683973508869,2342.226169730235
