,File,NaiveRMSE,H-LSTM-RMSE,H-LSTM-Naive-Ratio,Average-Ratio,Total H-LSTM-RMSE,TotalNaive-RMSE
0,SaoPaulo_2016-2017.csv,26.813275046063428,119.95549842981188,4.4737354248496795,1.1246033401018938,1393.8859803684409,1239.446772621313
1,huila_2016-2017.csv,148.6285524451535,173.84908935483537,1.169688370738783,1.1246033401018938,1393.8859803684409,1239.446772621313
2,tolima_2016-2017.csv,154.0609197372626,133.0543089971853,0.8636473754933942,1.1246033401018938,1393.8859803684409,1239.446772621313
3,santander_2016-2017.csv,52.17920948915018,50.72936997194111,0.9722142299317406,1.1246033401018938,1393.8859803684409,1239.446772621313
4,MinasGerais_2016-2017.csv,92.60997448261274,100.33710107686919,1.0834373039991194,1.1246033401018938,1393.8859803684409,1239.446772621313
5,MatoGrosso_2016-2017.csv,97.03712262175127,105.50492191907948,1.087263503580331,1.1246033401018938,1393.8859803684409,1239.446772621313
6,valle_cauca_2016-2017.csv,107.02671837724421,104.63854932025076,0.9776862348654314,1.1246033401018938,1393.8859803684409,1239.446772621313
7,Bahia_2016-2017.csv,270.4808434371977,294.77870203427153,1.0898320867692632,1.1246033401018938,1393.8859803684409,1239.446772621313
8,RioDeJaneiro_2016-2017.csv,290.6101569848774,311.0384392641964,1.0702944538871781,1.1246033401018938,1393.8859803684409,1239.446772621313
