,File,NaiveRMSE,GRURMSE,NaiveRelativeRMSE,GRURelativeRMSE,GRU-Naive-Ratio,Average-Ratio,TotalGRU-RMSE,TotalNaive-RMSE
0,SaoPaulo_2016-2017.csv,55.64715680613036,61.936729339620285,1.082331733557349,1.2046633014975263,1.1130259458790002,0.844726788702293,1256.51318174055,1487.4787902380385
1,MinasGerais_2016-2017.csv,174.1332068773034,230.03253435141386,1.3289537065104098,1.7555674453276267,1.3210147477126397,0.844726788702293,1256.51318174055,1487.4787902380385
2,MatoGrosso_2016-2017.csv,193.51545758215883,148.35686190574913,1.34159876054858,1.028524462791958,0.7666408862597595,0.844726788702293,1256.51318174055,1487.4787902380385
3,Bahia_2016-2017.csv,496.73277981773515,472.3907426056715,1.122982923476417,1.0679519425900637,0.9509957099650331,0.844726788702293,1256.51318174055,1487.4787902380385
4,RioDeJaneiro_2016-2017.csv,567.4501891547109,343.7963135380951,1.0147498911926514,0.6147980535082714,0.6058616599462648,0.844726788702293,1256.51318174055,1487.4787902380385
