,File,NaiveRMSE,P-LSTM-RMSE - No Google,P-LSTM - No Google-Naive-Ratio,Average-Ratio,Total P-LSTM-RMSE - No Google,TotalNaive-RMSE
0,SaoPaulo_2016-2017.csv,26.394997414214608,74.9203003294864,2.8384280230745262,3.2562407798235946,3510.815931256111,1078.1806901411965
1,huila_2016-2017.csv,59.602097278535425,125.08317356016057,2.0986371163352824,3.2562407798235946,3510.815931256111,1078.1806901411965
2,tolima_2016-2017.csv,124.83905638861582,134.11941975638393,1.074338621551888,3.2562407798235946,3510.815931256111,1078.1806901411965
3,santander_norte_2016-2017.csv,96.52642125345785,165.2173738031593,1.7116285018931097,3.2562407798235946,3510.815931256111,1078.1806901411965
4,santander_2016-2017.csv,49.70010060351991,167.61396254777105,3.37250751029466,3.2562407798235946,3510.815931256111,1078.1806901411965
5,MinasGerais_2016-2017.csv,86.68787754174761,188.97744171892734,2.179975413839364,3.2562407798235946,3510.815931256111,1078.1806901411965
6,valle_cauca_2016-2017.csv,100.06008195079595,437.60544950609193,4.373426854889868,3.2562407798235946,3510.815931256111,1078.1806901411965
7,Bahia_2016-2017.csv,243.01872804580026,1081.8213706940887,4.451596711880594,3.2562407798235946,3510.815931256111,1078.1806901411965
8,RioDeJaneiro_2016-2017.csv,291.35132966450914,1135.457439340042,3.897210425116372,3.2562407798235946,3510.815931256111,1078.1806901411965
