,Country,Cumulative RMSE,AvgRMSE,OBS,HighestError,LowestError
0,Brazil,3918.8887423020315,15.072649008853967,260,250.35728690372463,-251.33715240922615
1,Colombia,2346.1019235803515,9.023468936847506,260,84.35676444742863,-69.8913957690915
2,Mexico,562.685434160646,2.164174746771715,260,43.124669959644066,-68.23590168028147
