,File,NaiveRMSE,H-LSTM-RMSE,H-LSTM-Naive-Ratio,Average-Ratio,Total H-LSTM-RMSE,TotalNaive-RMSE
0,SaoPaulo_2016-2017.csv,49.0806253593854,120.68598662502366,2.4589333518332115,0.8737209205864475,1556.353520388536,1781.2936416171665
1,huila_2016-2017.csv,90.44028109445726,65.37879579343185,0.7228946549286949,0.8737209205864475,1556.353520388536,1781.2936416171665
2,santander_norte_2016-2017.csv,132.83003493870723,59.138854451840764,0.44522200479078133,0.8737209205864475,1556.353520388536,1781.2936416171665
3,santander_2016-2017.csv,56.64696627250914,62.901453109540405,1.1104116821886467,0.8737209205864475,1556.353520388536,1781.2936416171665
4,MinasGerais_2016-2017.csv,160.97848418309562,172.9551354312587,1.0743990807774095,0.8737209205864475,1556.353520388536,1781.2936416171665
5,MatoGrosso_2016-2017.csv,171.58162382403037,114.87919253288823,0.669530862178489,0.8737209205864475,1556.353520388536,1781.2936416171665
6,valle_cauca_2016-2017.csv,141.6112547601619,146.40015094211364,1.0338172004058745,0.8737209205864475,1556.353520388536,1781.2936416171665
7,Bahia_2016-2017.csv,449.9565305209188,366.0128017541897,0.8134403590730271,0.8737209205864475,1556.353520388536,1781.2936416171665
8,RioDeJaneiro_2016-2017.csv,528.1678406639006,448.00114974824896,0.8482173946545418,0.8737209205864475,1556.353520388536,1781.2936416171665
