,File,NaiveRMSE,P-NN-RMSE - No Google,P-NN - No Google-Naive-Ratio,Average-Ratio,Total P-NN-RMSE - No Google,TotalNaive-RMSE
0,SaoPaulo_2016-2017.csv,91.24688932861062,62.9563620285798,0.6899562548576625,0.692115246679624,2066.1908037853345,2985.327680177174
1,huila_2016-2017.csv,136.82185041140175,18.086906109501168,0.13219311137158787,0.692115246679624,2066.1908037853345,2985.327680177174
2,tolima_2016-2017.csv,131.2911046745615,39.02213940027426,0.29721845586569323,0.692115246679624,2066.1908037853345,2985.327680177174
3,santander_2016-2017.csv,93.07495859073302,121.42991908629833,1.3046465013242399,0.692115246679624,2066.1908037853345,2985.327680177174
4,MinasGerais_2016-2017.csv,279.707734308023,264.9586765335538,0.9472697535126894,0.692115246679624,2066.1908037853345,2985.327680177174
5,MatoGrosso_2016-2017.csv,370.81222649650175,158.67320648030577,0.4279071593174738,0.692115246679624,2066.1908037853345,2985.327680177174
6,valle_cauca_2016-2017.csv,211.5345470208905,242.68859858784154,1.1472764236655602,0.692115246679624,2066.1908037853345,2985.327680177174
7,Bahia_2016-2017.csv,819.9580825630521,631.1949250746164,0.7697892593504371,0.692115246679624,2066.1908037853345,2985.327680177174
8,RioDeJaneiro_2016-2017.csv,850.8802867833996,527.1800704843637,0.6195702012057107,0.692115246679624,2066.1908037853345,2985.327680177174
