,File,NaiveRMSE,P-NN-RMSE - No Google,P-NN - No Google-Naive-Ratio,Average-Ratio,Total P-NN-RMSE - No Google,TotalNaive-RMSE
0,SaoPaulo_2016-2017.csv,80.94359268557656,112.55830271330588,1.3905770546970395,0.6906092763780403,1436.9950202787293,2080.764144691443
1,huila_2016-2017.csv,120.99953139553122,24.123009550367865,0.19936448738394685,0.6906092763780403,1436.9950202787293,2080.764144691443
2,tolima_2016-2017.csv,119.19558560981183,42.37653122816774,0.3555209784940176,0.6906092763780403,1436.9950202787293,2080.764144691443
3,santander_norte_2016-2017.csv,186.8847431346252,43.688265347625546,0.23377117155119534,0.6906092763780403,1436.9950202787293,2080.764144691443
4,santander_2016-2017.csv,77.58885827124311,83.22580510779416,1.0726514987093227,0.6906092763780403,1436.9950202787293,2080.764144691443
5,MinasGerais_2016-2017.csv,259.48555288548124,248.3446749384127,0.9570655174317726,0.6906092763780403,1436.9950202787293,2080.764144691443
6,MatoGrosso_2016-2017.csv,310.24237797643605,128.71388966395529,0.4148817144308104,0.6906092763780403,1436.9950202787293,2080.764144691443
7,valle_cauca_2016-2017.csv,189.1969736686103,178.98051740290137,0.9460009530405933,0.6906092763780403,1436.9950202787293,2080.764144691443
8,Bahia_2016-2017.csv,736.2269290641273,574.9840243261988,0.7809874939743153,0.6906092763780403,1436.9950202787293,2080.764144691443
