,File,NaiveRMSE,P-LSTM-RMSE - No Google,P-LSTM - No Google-Naive-Ratio,Average-Ratio,Total P-LSTM-RMSE - No Google,TotalNaive-RMSE
0,SaoPaulo_2016-2017.csv,67.15209595289603,87.7001912209316,1.3059933569675781,1.6035464280230156,3669.989942196011,2288.6708348823286
1,tolima_2016-2017.csv,54.45930890610541,124.47410071326247,2.2856349669782117,1.6035464280230156,3669.989942196011,2288.6708348823286
2,santander_norte_2016-2017.csv,165.42693682883518,95.293530719304,0.5760460330466182,1.6035464280230156,3669.989942196011,2288.6708348823286
3,santander_2016-2017.csv,66.52880303036467,176.48365549339957,2.6527405793374936,1.6035464280230156,3669.989942196011,2288.6708348823286
4,MinasGerais_2016-2017.csv,219.60331450736328,274.57107092916937,1.250304766779661,1.6035464280230156,3669.989942196011,2288.6708348823286
5,MatoGrosso_2016-2017.csv,242.69168331016576,352.42970949442326,1.4521705263546658,1.6035464280230156,3669.989942196011,2288.6708348823286
6,valle_cauca_2016-2017.csv,166.8083343486268,450.21276027899523,2.69898241018376,1.6035464280230156,3669.989942196011,2288.6708348823286
7,Bahia_2016-2017.csv,613.2738695557917,1034.6181928002218,1.6870410499466075,1.6035464280230156,3669.989942196011,2288.6708348823286
8,RioDeJaneiro_2016-2017.csv,692.7264884421796,1074.2067305463033,1.550693886359111,1.6035464280230156,3669.989942196011,2288.6708348823286
