,File,NaiveRMSE,H-LSTM-RMSE - No Google,H-LSTM - No Google-Naive-Ratio,Average-Ratio,Total H-LSTM-RMSE - No Google,TotalNaive-RMSE
0,SaoPaulo_2016-2017.csv,80.94359268557656,89.79460147106771,1.1093478617865737,0.6171731118403201,1700.124070867738,2754.6956246979335
1,tolima_2016-2017.csv,119.19558560981183,37.27663988777121,0.31273507065770656,0.6171731118403201,1700.124070867738,2754.6956246979335
2,santander_norte_2016-2017.csv,186.8847431346252,38.54013312302503,0.20622407413569374,0.6171731118403201,1700.124070867738,2754.6956246979335
3,santander_2016-2017.csv,77.58885827124311,78.99623945233051,1.018138959799709,0.6171731118403201,1700.124070867738,2754.6956246979335
4,MinasGerais_2016-2017.csv,259.48555288548124,215.8105075789694,0.8316860232839747,0.6171731118403201,1700.124070867738,2754.6956246979335
5,MatoGrosso_2016-2017.csv,310.24237797643605,109.6732088767395,0.35350814931243707,0.6171731118403201,1700.124070867738,2754.6956246979335
6,valle_cauca_2016-2017.csv,189.1969736686103,169.94352497692427,0.8982359584386926,0.6171731118403201,1700.124070867738,2754.6956246979335
7,Bahia_2016-2017.csv,736.2269290641273,452.987578549417,0.6152825449148446,0.6171731118403201,1700.124070867738,2754.6956246979335
8,RioDeJaneiro_2016-2017.csv,794.9310114020219,507.1016369514934,0.6379190516886704,0.6171731118403201,1700.124070867738,2754.6956246979335
