,File,NaiveRMSE,H-LSTM-RMSE,H-LSTM-Naive-Ratio,Average-Ratio,Total H-LSTM-RMSE,TotalNaive-RMSE
0,huila_2016-2017.csv,59.602097278535425,128.40230069582367,2.1543252093255676,0.7811139308128401,892.4331750386841,1142.5134539720773
1,tolima_2016-2017.csv,124.83905638861582,78.43379983067574,0.6282793390116347,0.7811139308128401,892.4331750386841,1142.5134539720773
2,santander_norte_2016-2017.csv,96.52642125345785,69.15655627867169,0.7164520903254175,0.7811139308128401,892.4331750386841,1142.5134539720773
3,santander_2016-2017.csv,49.70010060351991,48.65944105417865,0.9790612184542026,0.7811139308128401,892.4331750386841,1142.5134539720773
4,MinasGerais_2016-2017.csv,86.68787754174761,103.06990275785319,1.188977117454701,0.7811139308128401,892.4331750386841,1142.5134539720773
5,MatoGrosso_2016-2017.csv,90.72776124509527,63.17349215325035,0.6962972665289424,0.7811139308128401,892.4331750386841,1142.5134539720773
6,valle_cauca_2016-2017.csv,100.06008195079595,93.54829314194204,0.9349212125165354,0.7811139308128401,892.4331750386841,1142.5134539720773
7,Bahia_2016-2017.csv,243.01872804580026,54.20186325007775,0.2230357457877183,0.7811139308128401,892.4331750386841,1142.5134539720773
8,RioDeJaneiro_2016-2017.csv,291.35132966450914,253.787525876211,0.8710704226695899,0.7811139308128401,892.4331750386841,1142.5134539720773
