,File,NaiveRMSE,H-LSTM-RMSE,H-LSTM-Naive-Ratio,Average-Ratio,Total H-LSTM-RMSE,TotalNaive-RMSE
0,SaoPaulo_2016-2017.csv,26.813275046063428,75.03282700773336,2.7983462251005125,1.033881342804109,1403.0228907608816,1357.0444041050023
1,huila_2016-2017.csv,148.6285524451535,135.1215774913565,0.9091226098109156,1.033881342804109,1403.0228907608816,1357.0444041050023
2,tolima_2016-2017.csv,154.0609197372626,134.6181700963087,0.8737983021644178,1.033881342804109,1403.0228907608816,1357.0444041050023
3,santander_norte_2016-2017.csv,214.63475410544052,192.69180836686516,0.8977661104790338,1.033881342804109,1403.0228907608816,1357.0444041050023
4,santander_2016-2017.csv,52.17920948915018,51.02957745856024,0.9779676227017393,1.033881342804109,1403.0228907608816,1357.0444041050023
5,MinasGerais_2016-2017.csv,92.60997448261274,99.44908438709552,1.073848523797691,1.033881342804109,1403.0228907608816,1357.0444041050023
6,valle_cauca_2016-2017.csv,107.02671837724421,103.60236744991009,0.9680047096719897,1.033881342804109,1403.0228907608816,1357.0444041050023
7,Bahia_2016-2017.csv,270.4808434371977,297.14367875165135,1.0985756883024673,1.033881342804109,1403.0228907608816,1357.0444041050023
8,RioDeJaneiro_2016-2017.csv,290.6101569848774,314.333799751401,1.081633907818845,1.033881342804109,1403.0228907608816,1357.0444041050023
