,File,NaiveRMSE,P-LSTM-RMSE,P-LSTM-Naive-Ratio,Average-Ratio,Total P-LSTM-RMSE,TotalNaive-RMSE
0,SaoPaulo_2016-2017.csv,26.394997414214608,75.15497519218223,2.847318907169459,3.0145415643247326,3250.2205042829623,1078.1806901411965
1,huila_2016-2017.csv,59.602097278535425,124.71147975986416,2.0924008626249577,3.0145415643247326,3250.2205042829623,1078.1806901411965
2,tolima_2016-2017.csv,124.83905638861582,131.87684873288563,1.0563749242253293,3.0145415643247326,3250.2205042829623,1078.1806901411965
3,santander_norte_2016-2017.csv,96.52642125345785,162.03870878912775,1.6786979842922858,3.0145415643247326,3250.2205042829623,1078.1806901411965
4,santander_2016-2017.csv,49.70010060351991,156.7297391123189,3.1535094941280426,3.0145415643247326,3250.2205042829623,1078.1806901411965
5,MinasGerais_2016-2017.csv,86.68787754174761,134.27307478532117,1.5489256236623998,3.0145415643247326,3250.2205042829623,1078.1806901411965
6,valle_cauca_2016-2017.csv,100.06008195079595,410.93179011444016,4.106850425292614,3.0145415643247326,3250.2205042829623,1078.1806901411965
7,Bahia_2016-2017.csv,243.01872804580026,1018.1339888210358,4.189528918236928,3.0145415643247326,3250.2205042829623,1078.1806901411965
8,RioDeJaneiro_2016-2017.csv,291.35132966450914,1036.3698989757863,3.5571140182169945,3.0145415643247326,3250.2205042829623,1078.1806901411965
