,File,NaiveRMSE,P-LSTM-RMSE,P-LSTM-Naive-Ratio,Average-Ratio,Total P-LSTM-RMSE,TotalNaive-RMSE
0,SaoPaulo_2016-2017.csv,80.94359268557656,91.99328497180335,1.1365110185947522,1.2533034056078165,3215.290703740106,2565.4527781170286
1,huila_2016-2017.csv,120.99953139553122,64.91203461309937,0.5364651735791491,1.2533034056078165,3215.290703740106,2565.4527781170286
2,tolima_2016-2017.csv,119.19558560981183,91.57170494598954,0.7682474520973503,1.2533034056078165,3215.290703740106,2565.4527781170286
3,santander_norte_2016-2017.csv,186.8847431346252,75.61135342088498,0.40458815499142814,1.2533034056078165,3215.290703740106,2565.4527781170286
4,santander_2016-2017.csv,77.58885827124311,174.96434560242233,2.2550189486068213,1.2533034056078165,3215.290703740106,2565.4527781170286
5,MinasGerais_2016-2017.csv,259.48555288548124,257.0776107190607,0.9907203228093272,1.2533034056078165,3215.290703740106,2565.4527781170286
6,valle_cauca_2016-2017.csv,189.1969736686103,452.11565554871726,2.3896558532729206,1.2533034056078165,3215.290703740106,2565.4527781170286
7,Bahia_2016-2017.csv,736.2269290641273,965.2323416191222,1.3110527522351032,1.2533034056078165,3215.290703740106,2565.4527781170286
8,RioDeJaneiro_2016-2017.csv,794.9310114020219,1041.8123722990063,1.3105695429614188,1.2533034056078165,3215.290703740106,2565.4527781170286
