,File,NaiveRMSE,P-LSTM-RMSE - No Google,P-LSTM - No Google-Naive-Ratio,Average-Ratio,Total P-LSTM-RMSE - No Google,TotalNaive-RMSE
0,SaoPaulo_2016-2017.csv,26.394997414214608,66.33209907233594,2.513055713982144,2.9269228463321424,2710.0077844294315,925.8897233404916
1,huila_2016-2017.csv,59.602097278535425,123.4456491498822,2.071162841350867,2.9269228463321424,2710.0077844294315,925.8897233404916
2,tolima_2016-2017.csv,124.83905638861582,130.35592246256317,1.0441918277303677,2.9269228463321424,2710.0077844294315,925.8897233404916
3,santander_norte_2016-2017.csv,96.52642125345785,162.14783983348127,1.6798285663954693,2.9269228463321424,2710.0077844294315,925.8897233404916
4,santander_2016-2017.csv,49.70010060351991,158.8411418233003,3.195992360064774,2.9269228463321424,2710.0077844294315,925.8897233404916
5,MinasGerais_2016-2017.csv,86.68787754174761,146.50808649721452,1.6900642933224241,2.9269228463321424,2710.0077844294315,925.8897233404916
6,MatoGrosso_2016-2017.csv,90.72776124509527,459.88430689313617,5.068837813056888,2.9269228463321424,2710.0077844294315,925.8897233404916
7,valle_cauca_2016-2017.csv,100.06008195079595,409.0518943026419,4.088062755173349,2.9269228463321424,2710.0077844294315,925.8897233404916
8,RioDeJaneiro_2016-2017.csv,291.35132966450914,1053.440844394876,3.6157063213266003,2.9269228463321424,2710.0077844294315,925.8897233404916
