,File,NaiveRMSE,NNRMSE,NN-Naive-Ratio,Average-Ratio,TotalNN-RMSE,TotalNaive-RMSE
0,SaoPaulo_2016-2017.csv,49.0806253593854,77.52441548298502,1.5795319418879508,0.7729037317732395,1130.654115244141,1462.865385123876
1,huila_2016-2017.csv,90.44028109445726,14.26498261780657,0.1577281985988964,0.7729037317732395,1130.654115244141,1462.865385123876
2,tolima_2016-2017.csv,131.52827402762824,38.14526008967731,0.2900156667581959,0.7729037317732395,1130.654115244141,1462.865385123876
3,santander_norte_2016-2017.csv,132.83003493870723,52.6461096435573,0.3963419091762657,0.7729037317732395,1130.654115244141,1462.865385123876
4,santander_2016-2017.csv,56.64696627250914,54.515683632108924,0.9623760497579457,0.7729037317732395,1130.654115244141,1462.865385123876
5,MinasGerais_2016-2017.csv,160.97848418309562,168.60882926981037,1.0473997821847798,0.7729037317732395,1130.654115244141,1462.865385123876
6,MatoGrosso_2016-2017.csv,171.58162382403037,100.71920441783496,0.5870046114094942,0.7729037317732395,1130.654115244141,1462.865385123876
7,valle_cauca_2016-2017.csv,141.6112547601619,141.2572887927454,0.9975004390151335,0.7729037317732395,1130.654115244141,1462.865385123876
8,RioDeJaneiro_2016-2017.csv,528.1678406639006,482.97234129761523,0.9144296644235756,0.7729037317732395,1130.654115244141,1462.865385123876
