,Country,Cases 2016,Cases 2017,Total Cases
0,Brazil,163448.000001193,7744.999999669,171193.000000862
1,Colombia,58473.0,1305.0,59778.0
2,Mexico,4956.0,355.0,5311.0
