,File,NaiveRMSE,P-NN-RMSE - No Google,P-NN - No Google-Naive-Ratio,Average-Ratio,Total P-NN-RMSE - No Google,TotalNaive-RMSE
0,SaoPaulo_2016-2017.csv,26.394997414214608,46.22989472281412,1.7514642641305107,0.6853026485735694,601.3922197905358,877.5571217217827
1,huila_2016-2017.csv,59.602097278535425,21.24615692520465,0.3564665992526417,0.6853026485735694,601.3922197905358,877.5571217217827
2,tolima_2016-2017.csv,124.83905638861582,43.099602211626035,0.34524133278819247,0.6853026485735694,601.3922197905358,877.5571217217827
3,santander_norte_2016-2017.csv,96.52642125345785,42.97882738937424,0.4452545409978578,0.6853026485735694,601.3922197905358,877.5571217217827
4,santander_2016-2017.csv,49.70010060351991,46.61830875117161,0.937992241163994,0.6853026485735694,601.3922197905358,877.5571217217827
5,MinasGerais_2016-2017.csv,86.68787754174761,94.75140472162578,1.0930179329398726,0.6853026485735694,601.3922197905358,877.5571217217827
6,MatoGrosso_2016-2017.csv,90.72776124509527,53.252920592244,0.5869528781646516,0.6853026485735694,601.3922197905358,877.5571217217827
7,valle_cauca_2016-2017.csv,100.06008195079595,97.32024505780838,0.9726180826602274,0.6853026485735694,601.3922197905358,877.5571217217827
8,Bahia_2016-2017.csv,243.01872804580026,155.89485941866695,0.6414931913777707,0.6853026485735694,601.3922197905358,877.5571217217827
