,File,NaiveRMSE,H-LSTM-RMSE,H-LSTM-Naive-Ratio,Average-Ratio,Total H-LSTM-RMSE,TotalNaive-RMSE
0,SaoPaulo_2016-2017.csv,67.15209595289603,63.92875204933627,0.9519993552275601,0.5911833815950241,1007.3522379222265,1703.9589901941608
1,huila_2016-2017.csv,108.014643754012,13.658957704591256,0.12645468456756281,0.5911833815950241,1007.3522379222265,1703.9589901941608
2,tolima_2016-2017.csv,54.45930890610541,40.14525162208082,0.7371605043923014,0.5911833815950241,1007.3522379222265,1703.9589901941608
3,santander_norte_2016-2017.csv,165.42693682883518,32.01965638764316,0.19355769381605262,0.5911833815950241,1007.3522379222265,1703.9589901941608
4,santander_2016-2017.csv,66.52880303036467,65.7517786276407,0.9883204812452537,0.5911833815950241,1007.3522379222265,1703.9589901941608
5,MinasGerais_2016-2017.csv,219.60331450736328,190.33170693356993,0.8667068953879024,0.5911833815950241,1007.3522379222265,1703.9589901941608
6,MatoGrosso_2016-2017.csv,242.69168331016576,108.59982697647283,0.4474806284881203,0.5911833815950241,1007.3522379222265,1703.9589901941608
7,valle_cauca_2016-2017.csv,166.8083343486268,146.39503290110366,0.8776242114805867,0.5911833815950241,1007.3522379222265,1703.9589901941608
8,Bahia_2016-2017.csv,613.2738695557917,346.52127471978787,0.5650351203953645,0.5911833815950241,1007.3522379222265,1703.9589901941608
