,State,RMSE,OBS
0,Bahia_2016-2017.csv,24.737291212642727,52
1,MatoGrosso_2016-2017.csv,24.769249265015553,52
2,MinasGerais_2016-2017.csv,9.509480950809344,52
3,RioDeJaneiro_2016-2017.csv,49.24377855723728,52
4,SaoPaulo_2016-2017.csv,5.868975123293972,52
