,Country,Cumulative RMSE,AvgRMSE
0,Brazil,103732.0,49.871153846153845
1,Colombia,62588.0,33.43376068376068
2,Mexico,12250.0,5.889423076923077
