,Country,Cumulative RMSE,AvgRMSE,OBS,HighestError,LowestError
0,Brazil,114.12877510899888,0.4389568273423034,260,131.54591720000002,-114.9298989
1,Colombia,51.19369177708833,0.19689881452726282,260,81.0,-58.0
2,Mexico,21.618818227466033,0.08314930087486935,260,69.0,-68.0
