,Country,Cumulative RMSE,AvgRMSE,OBS,HighestError,LowestError
0,Brazil,3300,12.692307692307692,260,249.0,-250.0
1,Colombia,1716,6.6,260,81.0,-58.0
2,Mexico,449,1.726923076923077,260,69.0,-68.0
