,File,NaiveRMSE,P-NN-RMSE - No Google,P-NN - No Google-Naive-Ratio,Average-Ratio,Total P-NN-RMSE - No Google,TotalNaive-RMSE
0,SaoPaulo_2016-2017.csv,26.394997414214608,32.96089270308656,1.248755291990898,0.6556966155306189,709.6083675274717,1082.220573844544
1,huila_2016-2017.csv,59.602097278535425,15.262295174327,0.2560697671929647,0.6556966155306189,709.6083675274717,1082.220573844544
2,tolima_2016-2017.csv,124.83905638861582,33.5133876263265,0.2684527470473785,0.6556966155306189,709.6083675274717,1082.220573844544
3,santander_norte_2016-2017.csv,96.52642125345785,37.88385873592693,0.39247139015391413,0.6556966155306189,709.6083675274717,1082.220573844544
4,santander_2016-2017.csv,49.70010060351991,44.9283976176414,0.9039900739045876,0.6556966155306189,709.6083675274717,1082.220573844544
5,MatoGrosso_2016-2017.csv,90.72776124509527,49.30034332198506,0.5433876318054771,0.6556966155306189,709.6083675274717,1082.220573844544
6,valle_cauca_2016-2017.csv,100.06008195079595,92.51183470754992,0.9245628516778766,0.6556966155306189,709.6083675274717,1082.220573844544
7,Bahia_2016-2017.csv,243.01872804580026,128.71177901145685,0.5296372837043215,0.6556966155306189,709.6083675274717,1082.220573844544
8,RioDeJaneiro_2016-2017.csv,291.35132966450914,274.5355786291714,0.9422835960463917,0.6556966155306189,709.6083675274717,1082.220573844544
