,File,NaiveRMSE,LSTMRMSE,NaiveRelativeRMSE,LSTMRelativeRMSE,LSTM-Naive-Ratio,Average-Ratio
0,huila_2016-2017.csv,108.014643754012,55.198681904901896,3.628877301300369,1.8544637732877565,0.5110296158603185,0.6176674290406957
1,tolima_2016-2017.csv,54.45930890610541,39.606207119197244,1.1810162143833436,0.858908673972412,0.7272623893829289,0.6176674290406957
2,santander_norte_2016-2017.csv,165.42693682883518,107.2196236946106,4.517091058575048,2.9277021794571856,0.6481388445555827,0.6176674290406957
3,santander_2016-2017.csv,66.52880303036468,57.242297462541586,0.6710398000180876,0.5773718764233301,0.8604137584801487,0.6176674290406957
4,valle_cauca_2016-2017.csv,166.8083343486268,87.3916389541446,0.637542091422543,0.3340111780939187,0.523904511698423,0.6176674290406957
