,File,NaiveRMSE,LSTMRMSE,NaiveRelativeRMSE,LSTMRelativeRMSE,LSTM-Naive-Ratio,Average-Ratio,TotalLSTM-RMSE,TotalNaive-RMSE
0,huila_2016-2017.csv,108.014643754012,120.76281425176062,3.628877301300369,4.0571668826439975,1.11802261299663,0.9301444834611657,522.0324545998477,561.2380268679441
1,tolima_2016-2017.csv,54.45930890610541,57.16723106051768,1.1810162143833436,1.2397407930804896,1.0497237700735618,0.9301444834611657,522.0324545998477,561.2380268679441
2,santander_norte_2016-2017.csv,165.42693682883518,176.30190022815924,4.517091058575048,4.814039070036112,1.0657387702861005,0.9301444834611657,522.0324545998477,561.2380268679441
3,santander_2016-2017.csv,66.52880303036468,68.52191135913944,0.6710398000180876,0.6911431981469396,1.0299585779089557,0.9301444834611657,522.0324545998477,561.2380268679441
4,valle_cauca_2016-2017.csv,166.8083343486268,99.27859770027074,0.637542091422543,0.3794431798536146,0.59516569173804,0.9301444834611657,522.0324545998477,561.2380268679441
