,File,NaiveRMSE,H-LSTM-RMSE - No Google,H-LSTM - No Google-Naive-Ratio,Average-Ratio,Total H-LSTM-RMSE - No Google,TotalNaive-RMSE
0,SaoPaulo_2016-2017.csv,67.15209595289603,81.36494474948863,1.2116516036455842,0.6859445669227596,1493.3576822287155,2177.082164128977
1,huila_2016-2017.csv,108.014643754012,25.206101676276603,0.23335818922552684,0.6859445669227596,1493.3576822287155,2177.082164128977
2,tolima_2016-2017.csv,54.45930890610541,59.40766769559674,1.0908634150687242,0.6859445669227596,1493.3576822287155,2177.082164128977
3,santander_norte_2016-2017.csv,165.42693682883518,34.38926075149253,0.20788186864074373,0.6859445669227596,1493.3576822287155,2177.082164128977
4,santander_2016-2017.csv,66.52880303036467,66.06757264249916,0.9930672074822239,0.6859445669227596,1493.3576822287155,2177.082164128977
5,MatoGrosso_2016-2017.csv,242.69168331016576,133.48592527475049,0.5500226602497634,0.6859445669227596,1493.3576822287155,2177.082164128977
6,valle_cauca_2016-2017.csv,166.8083343486268,167.48518528843653,1.0040576566060249,0.6859445669227596,1493.3576822287155,2177.082164128977
7,Bahia_2016-2017.csv,613.2738695557917,484.4024209990116,0.7898631346381598,0.6859445669227596,1493.3576822287155,2177.082164128977
8,RioDeJaneiro_2016-2017.csv,692.7264884421796,441.5486031511633,0.6374068416874439,0.6859445669227596,1493.3576822287155,2177.082164128977
