,File,NaiveRMSE,H-LSTM-RMSE - No Google,H-LSTM - No Google-Naive-Ratio,Average-Ratio,Total H-LSTM-RMSE - No Google,TotalNaive-RMSE
0,SaoPaulo_2016-2017.csv,26.394997414214608,46.32633717173866,1.755118079564211,0.6503385740401028,703.8097847909225,1082.220573844544
1,huila_2016-2017.csv,59.602097278535425,32.7323724737214,0.5491815551515726,0.6503385740401028,703.8097847909225,1082.220573844544
2,tolima_2016-2017.csv,124.83905638861582,61.624548893649965,0.4936319664401882,0.6503385740401028,703.8097847909225,1082.220573844544
3,santander_norte_2016-2017.csv,96.52642125345785,38.011812359246555,0.3937969714989808,0.6503385740401028,703.8097847909225,1082.220573844544
4,santander_2016-2017.csv,49.70010060351991,46.50601068157124,0.935732727234712,0.6503385740401028,703.8097847909225,1082.220573844544
5,MatoGrosso_2016-2017.csv,90.72776124509527,53.09393105812419,0.5852004979456543,0.6503385740401028,703.8097847909225,1082.220573844544
6,valle_cauca_2016-2017.csv,100.06008195079595,91.94334313858039,0.9188813495454968,0.6503385740401028,703.8097847909225,1082.220573844544
7,Bahia_2016-2017.csv,243.01872804580026,78.70163581174175,0.3238500853189773,0.6503385740401028,703.8097847909225,1082.220573844544
8,RioDeJaneiro_2016-2017.csv,291.35132966450914,254.86979320254835,0.8747850696134827,0.6503385740401028,703.8097847909225,1082.220573844544
