,File,NaiveRMSE,P-NN-RMSE - No Google,P-NN - No Google-Naive-Ratio,Average-Ratio,Total P-NN-RMSE - No Google,TotalNaive-RMSE
0,SaoPaulo_2016-2017.csv,80.94359268557656,89.7042276189757,1.1082313576990535,0.6413887531769242,1766.8307921069359,2754.6956246979335
1,tolima_2016-2017.csv,119.19558560981183,35.67303464334602,0.2992815082944609,0.6413887531769242,1766.8307921069359,2754.6956246979335
2,santander_norte_2016-2017.csv,186.8847431346252,41.15047611337344,0.22019173648503818,0.6413887531769242,1766.8307921069359,2754.6956246979335
3,santander_2016-2017.csv,77.58885827124311,77.22896738618503,0.9953615648808759,0.6413887531769242,1766.8307921069359,2754.6956246979335
4,MinasGerais_2016-2017.csv,259.48555288548124,219.70792859487605,0.8467058229320372,0.6413887531769242,1766.8307921069359,2754.6956246979335
5,MatoGrosso_2016-2017.csv,310.24237797643605,110.23149970363355,0.3553076804742839,0.6413887531769242,1766.8307921069359,2754.6956246979335
6,valle_cauca_2016-2017.csv,189.1969736686103,171.9418108160716,0.9087978918586609,0.6413887531769242,1766.8307921069359,2754.6956246979335
7,Bahia_2016-2017.csv,736.2269290641273,480.9552001310644,0.6532703180830973,0.6413887531769242,1766.8307921069359,2754.6956246979335
8,RioDeJaneiro_2016-2017.csv,794.9310114020219,540.2376470994099,0.6796031848683212,0.6413887531769242,1766.8307921069359,2754.6956246979335
