,File,NaiveRMSE,P-LSTM-RMSE - No Google,P-LSTM - No Google-Naive-Ratio,Average-Ratio,Total P-LSTM-RMSE - No Google,TotalNaive-RMSE
0,SaoPaulo_2016-2017.csv,49.0806253593854,92.99534035569074,1.8947464437289976,2.1085942601038434,3756.0255482734296,1781.2936416171665
1,huila_2016-2017.csv,90.44028109445726,96.74256584344438,1.0696844887335646,2.1085942601038434,3756.0255482734296,1781.2936416171665
2,santander_norte_2016-2017.csv,132.83003493870723,128.88805862289607,0.9703231553192759,2.1085942601038434,3756.0255482734296,1781.2936416171665
3,santander_2016-2017.csv,56.64696627250914,175.7196860609739,3.1020140640126557,2.1085942601038434,3756.0255482734296,1781.2936416171665
4,MinasGerais_2016-2017.csv,160.97848418309562,233.76541497919428,1.4521531629861255,2.1085942601038434,3756.0255482734296,1781.2936416171665
5,MatoGrosso_2016-2017.csv,171.58162382403037,421.61754757567354,2.4572418548041806,2.1085942601038434,3756.0255482734296,1781.2936416171665
6,valle_cauca_2016-2017.csv,141.6112547601619,443.10481892552264,3.129022616712079,2.1085942601038434,3756.0255482734296,1781.2936416171665
7,Bahia_2016-2017.csv,449.9565305209188,1062.0490562941136,2.360337019810713,2.1085942601038434,3756.0255482734296,1781.2936416171665
8,RioDeJaneiro_2016-2017.csv,528.1678406639006,1101.1430596159207,2.0848354913691773,2.1085942601038434,3756.0255482734296,1781.2936416171665
