,File,NaiveRMSE,P-LSTM-RMSE - No Google,P-LSTM - No Google-Naive-Ratio,Average-Ratio,Total P-LSTM-RMSE - No Google,TotalNaive-RMSE
0,huila_2016-2017.csv,59.602097278535425,128.53983331210068,2.15663272235878,3.8424773820830977,4390.082105613345,1142.5134539720773
1,tolima_2016-2017.csv,124.83905638861582,140.01275092262276,1.1215460527574979,3.8424773820830977,4390.082105613345,1142.5134539720773
2,santander_norte_2016-2017.csv,96.52642125345785,171.03861484448703,1.7719357314136406,3.8424773820830977,4390.082105613345,1142.5134539720773
3,santander_2016-2017.csv,49.70010060351991,186.6377715733842,3.7552795528982488,3.8424773820830977,4390.082105613345,1142.5134539720773
4,MinasGerais_2016-2017.csv,86.68787754174761,309.4256448948275,3.569422319121986,3.8424773820830977,4390.082105613345,1142.5134539720773
5,MatoGrosso_2016-2017.csv,90.72776124509527,491.20090687333635,5.414008900168807,3.8424773820830977,4390.082105613345,1142.5134539720773
6,valle_cauca_2016-2017.csv,100.06008195079595,483.09582151451883,4.828057424059265,3.8424773820830977,4390.082105613345,1142.5134539720773
7,Bahia_2016-2017.csv,243.01872804580026,1189.7091654209526,4.895545191055133,3.8424773820830977,4390.082105613345,1142.5134539720773
8,RioDeJaneiro_2016-2017.csv,291.35132966450914,1290.4215962571157,4.429091151713759,3.8424773820830977,4390.082105613345,1142.5134539720773
