,File,NaiveRMSE,GRURMSE,GRU-Naive-Ratio,Average-Ratio,TotalGRU-RMSE,TotalNaive-RMSE
0,huila_2016-2017.csv,120.99953139553122,96.66237812041534,0.7988657229129178,0.8185150376764413,567.9395030951052,693.8656920798217
1,tolima_2016-2017.csv,119.19558560981183,79.62992673906164,0.6680610387680896,0.8185150376764413,567.9395030951052,693.8656920798217
2,santander_norte_2016-2017.csv,186.8847431346252,154.23577999077534,0.8252989377504685,0.8185150376764413,567.9395030951052,693.8656920798217
3,santander_2016-2017.csv,77.58885827124311,70.77727413666618,0.9122092490294895,0.8185150376764413,567.9395030951052,693.8656920798217
4,valle_cauca_2016-2017.csv,189.1969736686103,166.63414410818672,0.880744236427673,0.8185150376764413,567.9395030951052,693.8656920798217
