,File,NaiveRMSE,GRURMSE,NaiveRelativeRMSE,GRURelativeRMSE,GRU-Naive-Ratio,Average-Ratio,TotalGRU-RMSE,TotalNaive-RMSE
0,huila_2016-2017.csv,120.99953139553122,114.94765896976412,4.763374409645507,4.525131055222046,0.9499843317079936,0.8352423144815261,579.5459865920761,693.8656920798217
1,tolima_2016-2017.csv,119.19558560981183,96.79629230136311,3.14782788024823,2.556286510545119,0.8120795061842888,0.8352423144815261,579.5459865920761,693.8656920798217
2,santander_norte_2016-2017.csv,186.8847431346252,173.36924570609946,6.038580974036857,5.601871030476898,0.9276800384995063,0.8352423144815261,579.5459865920761,693.8656920798217
3,santander_2016-2017.csv,77.58885827124311,108.14324332117747,0.7970895204734783,1.1109822709335113,1.3937986165889849,0.8352423144815261,579.5459865920761,693.8656920798217
4,valle_cauca_2016-2017.csv,189.1969736686103,86.28954629367189,0.7411997756807431,0.33804870720865,0.45608312131256995,0.8352423144815261,579.5459865920761,693.8656920798217
