,File,NaiveRMSE,H-LSTM-RMSE - No Google,H-LSTM - No Google-Naive-Ratio,Average-Ratio,Total H-LSTM-RMSE - No Google,TotalNaive-RMSE
0,huila_2016-2017.csv,120.99953139553122,21.6928914186992,0.17928078868163588,0.4197575046178394,1173.1179422829005,2794.751563407888
1,tolima_2016-2017.csv,119.19558560981183,35.27966878981854,0.29598133697087536,0.4197575046178394,1173.1179422829005,2794.751563407888
2,santander_norte_2016-2017.csv,186.8847431346252,34.02554655171946,0.182067010827142,0.4197575046178394,1173.1179422829005,2794.751563407888
3,santander_2016-2017.csv,77.58885827124311,75.80654804029719,0.9770287864693776,0.4197575046178394,1173.1179422829005,2794.751563407888
4,MinasGerais_2016-2017.csv,259.48555288548124,136.19553765597826,0.5248675162893768,0.4197575046178394,1173.1179422829005,2794.751563407888
5,MatoGrosso_2016-2017.csv,310.24237797643605,104.75906619980228,0.3376684606503341,0.4197575046178394,1173.1179422829005,2794.751563407888
6,valle_cauca_2016-2017.csv,189.1969736686103,136.67215917314294,0.7223802607568783,0.4197575046178394,1173.1179422829005,2794.751563407888
7,Bahia_2016-2017.csv,736.2269290641273,254.62500156115314,0.3458512470941886,0.4197575046178394,1173.1179422829005,2794.751563407888
8,RioDeJaneiro_2016-2017.csv,794.9310114020219,374.06152289228936,0.47055847303347254,0.4197575046178394,1173.1179422829005,2794.751563407888
