,File,NaiveRMSE,H-LSTM-RMSE,H-LSTM-Naive-Ratio,Average-Ratio,Total H-LSTM-RMSE,TotalNaive-RMSE
0,SaoPaulo_2016-2017.csv,26.394997414214608,44.00331975497407,1.6671083184602542,0.6666334348669579,746.1017072141024,1119.208350782772
1,huila_2016-2017.csv,59.602097278535425,23.09896907305854,0.38755295749260826,0.6666334348669579,746.1017072141024,1119.208350782772
2,tolima_2016-2017.csv,124.83905638861582,43.92246650706477,0.35183273390289815,0.6666334348669579,746.1017072141024,1119.208350782772
3,santander_norte_2016-2017.csv,96.52642125345785,40.56690965457363,0.42026741619326746,0.6666334348669579,746.1017072141024,1119.208350782772
4,MinasGerais_2016-2017.csv,86.68787754174761,105.42223653903477,1.2161127891067003,0.6666334348669579,746.1017072141024,1119.208350782772
5,MatoGrosso_2016-2017.csv,90.72776124509527,59.30534836398884,0.6536626447089245,0.6666334348669579,746.1017072141024,1119.208350782772
6,valle_cauca_2016-2017.csv,100.06008195079595,93.93729561653129,0.9388089014630678,0.6666334348669579,746.1017072141024,1119.208350782772
7,Bahia_2016-2017.csv,243.01872804580026,62.70212761395146,0.25801356182777146,0.6666334348669579,746.1017072141024,1119.208350782772
8,RioDeJaneiro_2016-2017.csv,291.35132966450914,273.1430340909249,0.9375039901326311,0.6666334348669579,746.1017072141024,1119.208350782772
