,File,NaiveRMSE,H-LSTM-RMSE,H-LSTM-Naive-Ratio,Average-Ratio,Total H-LSTM-RMSE,TotalNaive-RMSE
0,SaoPaulo_2016-2017.csv,80.94359268557656,115.97477024510302,1.4327850592894267,0.6572159405008999,1838.9600621447225,2798.1062978222217
1,huila_2016-2017.csv,120.99953139553122,27.936585697213207,0.2308817676813331,0.6572159405008999,1838.9600621447225,2798.1062978222217
2,tolima_2016-2017.csv,119.19558560981183,42.82480248816888,0.35928178270256067,0.6572159405008999,1838.9600621447225,2798.1062978222217
3,santander_norte_2016-2017.csv,186.8847431346252,44.24963334943871,0.23677499086997608,0.6572159405008999,1838.9600621447225,2798.1062978222217
4,MinasGerais_2016-2017.csv,259.48555288548124,270.32533648080556,1.0417741314488835,0.6572159405008999,1838.9600621447225,2798.1062978222217
5,MatoGrosso_2016-2017.csv,310.24237797643605,139.05207053472566,0.44820463097819324,0.6572159405008999,1838.9600621447225,2798.1062978222217
6,valle_cauca_2016-2017.csv,189.1969736686103,177.33030597840607,0.937278765827463,0.6572159405008999,1838.9600621447225,2798.1062978222217
7,Bahia_2016-2017.csv,736.2269290641273,578.3471205871366,0.7855555097968456,0.6572159405008999,1838.9600621447225,2798.1062978222217
8,RioDeJaneiro_2016-2017.csv,794.9310114020219,442.9194367837248,0.557179718026784,0.6572159405008999,1838.9600621447225,2798.1062978222217
