,File,NaiveRMSE,LSTMRMSE,NaiveRelativeRMSE,LSTMRelativeRMSE,LSTM-Naive-Ratio,Average-Ratio,TotalLSTM-RMSE,TotalNaive-RMSE
0,SaoPaulo_2016-2017.csv,85.67313124116959,125.06377902351498,1.915375081311663,2.7960230056491473,1.4597783133601228,0.6579967463878633,1509.0429641411672,2293.389705078641
1,MinasGerais_2016-2017.csv,278.6631964995258,283.85025581219344,2.8263779042741124,2.878988331534133,1.0186140810046886,0.6579967463878633,1509.0429641411672,2293.389705078641
2,MatoGrosso_2016-2017.csv,352.23561302533466,183.30558770465498,4.184977580499026,2.1778881707483757,0.5204061739534289,0.6579967463878633,1509.0429641411672,2293.389705078641
3,Bahia_2016-2017.csv,831.2353507481099,710.6703327703137,2.5968496752845374,2.220194342345996,0.8549568207496373,0.6579967463878633,1509.0429641411672,2293.389705078641
4,RioDeJaneiro_2016-2017.csv,745.582413564501,206.15300883049014,1.674133688127242,0.46289677802608065,0.276499291131222,0.6579967463878633,1509.0429641411672,2293.389705078641
