,File,NaiveRMSE,LSTMRMSE,NaiveRelativeRMSE,LSTMRelativeRMSE,LSTM-Naive-Ratio,Average-Ratio
0,MinasGerais_2016-2017.csv,278.6631964995258,284.4974778376918,2.8263779042741124,2.8855528655486964,1.02093667700455,0.6523400430397742
1,MatoGrosso_2016-2017.csv,352.23561302533466,158.58072599287746,4.184977580499026,1.8841274375391381,0.4502120743295525,0.6523400430397742
2,Bahia_2016-2017.csv,831.2353507481099,726.2123412002176,2.5968496752845374,2.268748893723222,0.8736543032567469,0.6523400430397742
3,SaoPaulo_2016-2017.csv,741.5692819959576,550.4231709061964,1.7382227529937475,1.2901803009814157,0.7422410613135361,0.6523400430397742
4,RioDeJaneiro_2016-2017.csv,745.582413564501,204.2235461939933,1.674133688127242,0.4585643550222986,0.2739114314910349,0.6523400430397742
