,File,NaiveRMSE,P-NN-RMSE - No Google,P-NN - No Google-Naive-Ratio,Average-Ratio,Total P-NN-RMSE - No Google,TotalNaive-RMSE
0,SaoPaulo_2016-2017.csv,49.0806253593854,50.14907531165814,1.0217692815535493,0.6541595310711585,1164.3986539931639,1779.9918807060876
1,huila_2016-2017.csv,90.44028109445726,14.55603542447252,0.16094637531334038,0.6541595310711585,1164.3986539931639,1779.9918807060876
2,tolima_2016-2017.csv,131.52827402762824,35.46235346211682,0.26961772078502116,0.6541595310711585,1164.3986539931639,1779.9918807060876
3,santander_2016-2017.csv,56.64696627250914,52.04921788587767,0.9188350464433827,0.6541595310711585,1164.3986539931639,1779.9918807060876
4,MinasGerais_2016-2017.csv,160.97848418309562,151.58221957072422,0.9416303075528767,0.6541595310711585,1164.3986539931639,1779.9918807060876
5,MatoGrosso_2016-2017.csv,171.58162382403037,76.28577677586267,0.4446034200847718,0.6541595310711585,1164.3986539931639,1779.9918807060876
6,valle_cauca_2016-2017.csv,141.6112547601619,139.13543634050941,0.9825167962543259,0.6541595310711585,1164.3986539931639,1779.9918807060876
7,Bahia_2016-2017.csv,449.9565305209188,156.56150987127046,0.34794807776212905,0.6541595310711585,1164.3986539931639,1779.9918807060876
8,RioDeJaneiro_2016-2017.csv,528.1678406639006,488.6170293506719,0.9251169642144175,0.6541595310711585,1164.3986539931639,1779.9918807060876
