,File,NaiveRMSE,NNRMSE,NN-Naive-Ratio,Average-Ratio,TotalNN-RMSE,TotalNaive-RMSE
0,SaoPaulo_2016-2017.csv,26.394997414214608,121.09237948063031,4.587701888366844,0.91609372136907,979.1652803354259,1068.848369435496
1,huila_2016-2017.csv,59.602097278535425,51.81993833915737,0.8694314580406443,0.91609372136907,979.1652803354259,1068.848369435496
2,tolima_2016-2017.csv,124.83905638861582,66.82380512405342,0.535279639698936,0.91609372136907,979.1652803354259,1068.848369435496
3,santander_norte_2016-2017.csv,96.52642125345785,57.058937694294784,0.5911224818381089,0.91609372136907,979.1652803354259,1068.848369435496
4,santander_2016-2017.csv,49.70010060351991,47.912169972208474,0.964025613437394,0.91609372136907,979.1652803354259,1068.848369435496
5,MinasGerais_2016-2017.csv,86.68787754174761,114.66796657916194,1.3227681866353174,0.91609372136907,979.1652803354259,1068.848369435496
6,MatoGrosso_2016-2017.csv,90.72776124509527,57.00450000039541,0.6283027291547665,0.91609372136907,979.1652803354259,1068.848369435496
7,Bahia_2016-2017.csv,243.01872804580026,148.49856863485948,0.6110581263797614,0.91609372136907,979.1652803354259,1068.848369435496
8,RioDeJaneiro_2016-2017.csv,291.35132966450914,314.28701451066485,1.0787217441999188,0.91609372136907,979.1652803354259,1068.848369435496
