,File,NaiveRMSE,H-LSTM-RMSE,H-LSTM-Naive-Ratio,Average-Ratio,Total H-LSTM-RMSE,TotalNaive-RMSE
0,SaoPaulo_2016-2017.csv,49.0806253593854,67.62603474781528,1.3778560124821952,0.6680177173806922,1163.1793651533974,1741.2402918207645
1,huila_2016-2017.csv,90.44028109445726,25.984672707087224,0.28731304671585906,0.6680177173806922,1163.1793651533974,1741.2402918207645
2,tolima_2016-2017.csv,131.52827402762824,45.05654427480616,0.3425616629420818,0.6680177173806922,1163.1793651533974,1741.2402918207645
3,santander_norte_2016-2017.csv,132.83003493870723,69.90471831098813,0.5262719259484107,0.6680177173806922,1163.1793651533974,1741.2402918207645
4,santander_2016-2017.csv,56.64696627250914,54.02800530016187,0.9537669685654773,0.6680177173806922,1163.1793651533974,1741.2402918207645
5,MinasGerais_2016-2017.csv,160.97848418309562,120.22560687800235,0.7468427068878268,0.6680177173806922,1163.1793651533974,1741.2402918207645
6,valle_cauca_2016-2017.csv,141.6112547601619,131.46183747784528,0.9283290208853382,0.6680177173806922,1163.1793651533974,1741.2402918207645
7,Bahia_2016-2017.csv,449.9565305209188,215.26453342612137,0.47841184386613445,0.6680177173806922,1163.1793651533974,1741.2402918207645
8,RioDeJaneiro_2016-2017.csv,528.1678406639006,433.6274120305698,0.82100305744762,0.6680177173806922,1163.1793651533974,1741.2402918207645
