,File,NaiveRMSE,H-LSTM-RMSE,H-LSTM-Naive-Ratio,Average-Ratio,Total H-LSTM-RMSE,TotalNaive-RMSE
0,SaoPaulo_2016-2017.csv,26.394997414214608,43.07825248291751,1.6320612503533871,0.6442231102662447,697.1915040762523,1082.220573844544
1,huila_2016-2017.csv,59.602097278535425,21.351773850098347,0.3582386329513909,0.6442231102662447,697.1915040762523,1082.220573844544
2,tolima_2016-2017.csv,124.83905638861582,54.89032112202721,0.43968868966100827,0.6442231102662447,697.1915040762523,1082.220573844544
3,santander_norte_2016-2017.csv,96.52642125345785,45.27979590513758,0.4690922476680501,0.6442231102662447,697.1915040762523,1082.220573844544
4,santander_2016-2017.csv,49.70010060351991,45.637948300540735,0.918266718705767,0.6442231102662447,697.1915040762523,1082.220573844544
5,MatoGrosso_2016-2017.csv,90.72776124509527,60.55587113832381,0.6674458876455243,0.6442231102662447,697.1915040762523,1082.220573844544
6,valle_cauca_2016-2017.csv,100.06008195079595,93.76535076753666,0.9370904854309965,0.6442231102662447,697.1915040762523,1082.220573844544
7,Bahia_2016-2017.csv,243.01872804580026,85.01173830027919,0.34981558410698926,0.6442231102662447,697.1915040762523,1082.220573844544
8,RioDeJaneiro_2016-2017.csv,291.35132966450914,247.6204522093912,0.8499032851318234,0.6442231102662447,697.1915040762523,1082.220573844544
