,File,NaiveRMSE,P-NN-RMSE - No Google,P-NN - No Google-Naive-Ratio,Average-Ratio,Total P-NN-RMSE - No Google,TotalNaive-RMSE
0,SaoPaulo_2016-2017.csv,91.24688932861062,70.26025815760089,0.7700016808745135,0.5646523212610723,1752.991323735887,3104.549928743452
1,huila_2016-2017.csv,136.82185041140175,14.128433136121918,0.10326152652986306,0.5646523212610723,1752.991323735887,3104.549928743452
2,tolima_2016-2017.csv,131.2911046745615,31.577845800934856,0.24051778587139322,0.5646523212610723,1752.991323735887,3104.549928743452
3,santander_norte_2016-2017.csv,212.29720715701058,37.880782322206834,0.17843278689102585,0.5646523212610723,1752.991323735887,3104.549928743452
4,MinasGerais_2016-2017.csv,279.707734308023,246.51848501445647,0.8813431120320131,0.5646523212610723,1752.991323735887,3104.549928743452
5,MatoGrosso_2016-2017.csv,370.81222649650175,126.29058806364017,0.34057827396053136,0.5646523212610723,1752.991323735887,3104.549928743452
6,valle_cauca_2016-2017.csv,211.5345470208905,196.6114741500069,0.9294532591434824,0.5646523212610723,1752.991323735887,3104.549928743452
7,Bahia_2016-2017.csv,819.9580825630521,494.2816966444476,0.6028133719950726,0.5646523212610723,1752.991323735887,3104.549928743452
8,RioDeJaneiro_2016-2017.csv,850.8802867833996,535.4417604464714,0.6292797809085613,0.5646523212610723,1752.991323735887,3104.549928743452
