,File,NaiveRMSE,P-LSTM-RMSE,P-LSTM-Naive-Ratio,Average-Ratio,Total P-LSTM-RMSE,TotalNaive-RMSE
0,huila_2016-2017.csv,59.602097278535425,94.62612167962163,1.5876307378482042,0.7691562233816445,878.7713334198812,1142.5134539720773
1,tolima_2016-2017.csv,124.83905638861582,88.5188902663012,0.7090640767961885,0.7691562233816445,878.7713334198812,1142.5134539720773
2,santander_norte_2016-2017.csv,96.52642125345785,114.75904557930747,1.1888873956900838,0.7691562233816445,878.7713334198812,1142.5134539720773
3,santander_2016-2017.csv,49.70010060351991,42.46763518722554,0.8544778515844264,0.7691562233816445,878.7713334198812,1142.5134539720773
4,MinasGerais_2016-2017.csv,86.68787754174761,61.02826437713541,0.7039999837087382,0.7691562233816445,878.7713334198812,1142.5134539720773
5,MatoGrosso_2016-2017.csv,90.72776124509527,230.92454191268595,2.5452467772114207,0.7691562233816445,878.7713334198812,1142.5134539720773
6,valle_cauca_2016-2017.csv,100.06008195079595,53.61767754003554,0.5358548233690411,0.7691562233816445,878.7713334198812,1142.5134539720773
7,Bahia_2016-2017.csv,243.01872804580026,50.032442675354496,0.20587895870282552,0.7691562233816445,878.7713334198812,1142.5134539720773
8,RioDeJaneiro_2016-2017.csv,291.35132966450914,142.79671420221405,0.4901186288274173,0.7691562233816445,878.7713334198812,1142.5134539720773
