,File,NaiveRMSE,GRURMSE,NaiveRelativeRMSE,GRURelativeRMSE,GRU-Naive-Ratio,Average-Ratio,TotalGRU-RMSE,TotalNaive-RMSE
0,huila_2016-2017.csv,59.602097278535425,82.26623402516402,1.3787207327905489,1.9029894523517008,1.3802573698155864,0.9627405817008289,414.6790917861028,430.72775747492494
1,tolima_2016-2017.csv,124.83905638861582,135.7635430296492,2.3585689852374045,2.5649639718429853,1.087508564683685,0.9627405817008289,414.6790917861028,430.72775747492494
2,santander_norte_2016-2017.csv,96.52642125345785,121.61833982023849,1.7264607628949715,2.1752520089472096,1.2599487087674637,0.9627405817008289,414.6790917861028,430.72775747492494
3,santander_2016-2017.csv,49.70010060351991,52.07044360868145,0.4866356663421121,0.5098447430596441,1.0476929216717454,0.9627405817008289,414.6790917861028,430.72775747492494
4,valle_cauca_2016-2017.csv,100.06008195079595,22.960531302369663,0.3687899231564055,0.08462528122648409,0.22946744450659545,0.9627405817008289,414.6790917861028,430.72775747492494
