,File,NaiveRMSE,P-NN-RMSE - No Google,P-NN - No Google-Naive-Ratio,Average-Ratio,Total P-NN-RMSE - No Google,TotalNaive-RMSE
0,SaoPaulo_2016-2017.csv,80.94359268557656,64.44414220378219,0.7961611298143624,0.5461862879242974,1428.9378116080675,2616.2096032079835
1,huila_2016-2017.csv,120.99953139553122,13.783891937468052,0.11391690346643046,0.5461862879242974,1428.9378116080675,2616.2096032079835
2,tolima_2016-2017.csv,119.19558560981183,25.791676711938454,0.21638114012349263,0.5461862879242974,1428.9378116080675,2616.2096032079835
3,santander_norte_2016-2017.csv,186.8847431346252,37.13357897152833,0.19869775535811718,0.5461862879242974,1428.9378116080675,2616.2096032079835
4,santander_2016-2017.csv,77.58885827124311,74.70477396289692,0.9628286280710084,0.5461862879242974,1428.9378116080675,2616.2096032079835
5,MatoGrosso_2016-2017.csv,310.24237797643605,105.6951146521441,0.3406856127829577,0.5461862879242974,1428.9378116080675,2616.2096032079835
6,valle_cauca_2016-2017.csv,189.1969736686103,162.96764832302745,0.8613649846665884,0.5461862879242974,1428.9378116080675,2616.2096032079835
7,Bahia_2016-2017.csv,736.2269290641273,447.2344658888215,0.6074682251263676,0.5461862879242974,1428.9378116080675,2616.2096032079835
8,RioDeJaneiro_2016-2017.csv,794.9310114020219,497.1825189564604,0.625441090893634,0.5461862879242974,1428.9378116080675,2616.2096032079835
