,File,NaiveRMSE,H-LSTM-RMSE - No Google,H-LSTM - No Google-Naive-Ratio,Average-Ratio,Total H-LSTM-RMSE - No Google,TotalNaive-RMSE
0,SaoPaulo_2016-2017.csv,80.94359268557656,106.86562837100281,1.3202481484373911,0.6488779749703886,1697.6007894276802,2616.2096032079835
1,huila_2016-2017.csv,120.99953139553122,27.336142514980526,0.22591940811425415,0.6488779749703886,1697.6007894276802,2616.2096032079835
2,tolima_2016-2017.csv,119.19558560981183,41.314372197146675,0.3466099183604816,0.6488779749703886,1697.6007894276802,2616.2096032079835
3,santander_norte_2016-2017.csv,186.8847431346252,44.43877284868364,0.23778705582548013,0.6488779749703886,1697.6007894276802,2616.2096032079835
4,santander_2016-2017.csv,77.58885827124311,79.5723331746501,1.0255639140412782,0.6488779749703886,1697.6007894276802,2616.2096032079835
5,MatoGrosso_2016-2017.csv,310.24237797643605,135.77380994545058,0.43763785860280846,0.6488779749703886,1697.6007894276802,2616.2096032079835
6,valle_cauca_2016-2017.csv,189.1969736686103,180.830395153391,0.9557784759820004,0.6488779749703886,1697.6007894276802,2616.2096032079835
7,Bahia_2016-2017.csv,736.2269290641273,564.7240414067915,0.767051596611189,0.6488779749703886,1697.6007894276802,2616.2096032079835
8,RioDeJaneiro_2016-2017.csv,794.9310114020219,516.7452938155834,0.6500504904245695,0.6488779749703886,1697.6007894276802,2616.2096032079835
