,File,NaiveRMSE,NNRMSE,NN-Naive-Ratio,Average-Ratio,TotalNN-RMSE,TotalNaive-RMSE
0,SaoPaulo_2016-2017.csv,26.394997414214608,71.742644821021,2.718039471463829,0.6624753613703095,581.3599713357266,877.5571217217827
1,huila_2016-2017.csv,59.602097278535425,24.294157214671152,0.4076057441592787,0.6624753613703095,581.3599713357266,877.5571217217827
2,tolima_2016-2017.csv,124.83905638861582,50.16167486170761,0.4018107498790891,0.6624753613703095,581.3599713357266,877.5571217217827
3,santander_norte_2016-2017.csv,96.52642125345785,53.70769395606813,0.5564040731919724,0.6624753613703095,581.3599713357266,877.5571217217827
4,santander_2016-2017.csv,49.70010060351991,47.20402679804604,0.9497772886741985,0.6624753613703095,581.3599713357266,877.5571217217827
5,MinasGerais_2016-2017.csv,86.68787754174761,89.18758849936843,1.0288357614525399,0.6624753613703095,581.3599713357266,877.5571217217827
6,MatoGrosso_2016-2017.csv,90.72776124509527,47.21803504254616,0.5204364617240984,0.6624753613703095,581.3599713357266,877.5571217217827
7,valle_cauca_2016-2017.csv,100.06008195079595,96.8077269249999,0.9674959787920684,0.6624753613703095,581.3599713357266,877.5571217217827
8,Bahia_2016-2017.csv,243.01872804580026,101.03642321729822,0.41575570751179514,0.6624753613703095,581.3599713357266,877.5571217217827
