,File,NaiveRMSE,H-LSTM-RMSE - No Google,H-LSTM - No Google-Naive-Ratio,Average-Ratio,Total H-LSTM-RMSE - No Google,TotalNaive-RMSE
0,SaoPaulo_2016-2017.csv,91.24688932861062,91.57612466463263,1.0036081814782345,0.5471288898297587,1546.6308728808274,2826.8126608376824
1,huila_2016-2017.csv,136.82185041140175,13.89527327354587,0.10155741375931528,0.5471288898297587,1546.6308728808274,2826.8126608376824
2,tolima_2016-2017.csv,131.2911046745615,30.18602251521981,0.2299167380002139,0.5471288898297587,1546.6308728808274,2826.8126608376824
3,santander_norte_2016-2017.csv,212.29720715701058,34.44229750829262,0.1622362251935788,0.5471288898297587,1546.6308728808274,2826.8126608376824
4,santander_2016-2017.csv,93.07495859073302,93.34359041263369,1.0028861879281825,0.5471288898297587,1546.6308728808274,2826.8126608376824
5,MinasGerais_2016-2017.csv,279.707734308023,226.6198065116084,0.8102021457227475,0.5471288898297587,1546.6308728808274,2826.8126608376824
6,valle_cauca_2016-2017.csv,211.5345470208905,191.47319258436173,0.9051627513375033,0.5471288898297587,1546.6308728808274,2826.8126608376824
7,Bahia_2016-2017.csv,819.9580825630521,426.6789088140179,0.5203667332362782,0.5471288898297587,1546.6308728808274,2826.8126608376824
8,RioDeJaneiro_2016-2017.csv,850.8802867833996,438.41565659651474,0.5152495167726432,0.5471288898297587,1546.6308728808274,2826.8126608376824
