,File,NaiveRMSE,P-LSTM-RMSE,P-LSTM-Naive-Ratio,Average-Ratio,Total P-LSTM-RMSE,TotalNaive-RMSE
0,SaoPaulo_2016-2017.csv,67.15209595289603,91.15562918879898,1.3574502462699045,1.587084528927038,3455.2134208920943,2177.082164128977
1,huila_2016-2017.csv,108.014643754012,78.54747181709779,0.7271928054123706,1.587084528927038,3455.2134208920943,2177.082164128977
2,tolima_2016-2017.csv,54.45930890610541,123.18566473864345,2.2619762757370054,1.587084528927038,3455.2134208920943,2177.082164128977
3,santander_norte_2016-2017.csv,165.42693682883518,93.77337914339563,0.5668567703724187,1.587084528927038,3455.2134208920943,2177.082164128977
4,santander_2016-2017.csv,66.52880303036467,173.20734070647424,2.6034940178830515,1.587084528927038,3455.2134208920943,2177.082164128977
5,MatoGrosso_2016-2017.csv,242.69168331016576,352.4585117056369,1.452289204550889,1.587084528927038,3455.2134208920943,2177.082164128977
6,valle_cauca_2016-2017.csv,166.8083343486268,448.05970170713795,2.6860750301043126,1.587084528927038,3455.2134208920943,2177.082164128977
7,Bahia_2016-2017.csv,613.2738695557917,1030.8001079153544,1.6808153079504047,1.587084528927038,3455.2134208920943,2177.082164128977
8,RioDeJaneiro_2016-2017.csv,692.7264884421796,1064.0256139695546,1.535996719805477,1.587084528927038,3455.2134208920943,2177.082164128977
