,File,NaiveRMSE,NNRMSE,NN-Naive-Ratio,Average-Ratio,TotalNN-RMSE,TotalNaive-RMSE
0,SaoPaulo_2016-2017.csv,91.24688932861062,72.07803649451728,0.7899232184775101,0.551514484377862,1646.8720743436008,2986.090340313294
1,huila_2016-2017.csv,136.82185041140175,13.616907376868026,0.09952290029643752,0.551514484377862,1646.8720743436008,2986.090340313294
2,tolima_2016-2017.csv,131.2911046745615,30.82071155688995,0.2347509500608358,0.551514484377862,1646.8720743436008,2986.090340313294
3,santander_norte_2016-2017.csv,212.29720715701058,37.80663308157186,0.17808351597207242,0.551514484377862,1646.8720743436008,2986.090340313294
4,santander_2016-2017.csv,93.07495859073302,97.86187135455975,1.0514307267637435,0.551514484377862,1646.8720743436008,2986.090340313294
5,MinasGerais_2016-2017.csv,279.707734308023,227.90866192220966,0.8148100104776846,0.551514484377862,1646.8720743436008,2986.090340313294
6,MatoGrosso_2016-2017.csv,370.81222649650175,109.22727262787647,0.2945622199674339,0.551514484377862,1646.8720743436008,2986.090340313294
7,Bahia_2016-2017.csv,819.9580825630521,549.2912533310949,0.6699016266954795,0.551514484377862,1646.8720743436008,2986.090340313294
8,RioDeJaneiro_2016-2017.csv,850.8802867833996,508.26072659801304,0.5973351768665386,0.551514484377862,1646.8720743436008,2986.090340313294
