,File,NaiveRMSE,P-LSTM-RMSE - No Google,P-LSTM - No Google-Naive-Ratio,Average-Ratio,Total P-LSTM-RMSE - No Google,TotalNaive-RMSE
0,SaoPaulo_2016-2017.csv,80.94359268557656,94.05642863428496,1.16199967796889,1.1790067702294942,3249.9316557349193,2756.499570483653
1,huila_2016-2017.csv,120.99953139553122,63.822301338162326,0.5274590785772202,1.1790067702294942,3249.9316557349193,2756.499570483653
2,santander_norte_2016-2017.csv,186.8847431346252,74.76507636244541,0.4000598181981462,1.1790067702294942,3249.9316557349193,2756.499570483653
3,santander_2016-2017.csv,77.58885827124311,166.7809170093852,2.149547251054208,1.1790067702294942,3249.9316557349193,2756.499570483653
4,MinasGerais_2016-2017.csv,259.48555288548124,271.39896697726573,1.0459116662153527,1.1790067702294942,3249.9316557349193,2756.499570483653
5,MatoGrosso_2016-2017.csv,310.24237797643605,274.99444470561957,0.8863858203359514,1.1790067702294942,3249.9316557349193,2756.499570483653
6,valle_cauca_2016-2017.csv,189.1969736686103,429.2012654922677,2.2685419178217887,1.1790067702294942,3249.9316557349193,2756.499570483653
7,Bahia_2016-2017.csv,736.2269290641273,914.0652619746081,1.2415536920614196,1.1790067702294942,3249.9316557349193,2756.499570483653
8,RioDeJaneiro_2016-2017.csv,794.9310114020219,960.8469932408807,1.2087174603318498,1.1790067702294942,3249.9316557349193,2756.499570483653
