,File,NaiveRMSE,P-NN-RMSE - No Google,P-NN - No Google-Naive-Ratio,Average-Ratio,Total P-NN-RMSE - No Google,TotalNaive-RMSE
0,SaoPaulo_2016-2017.csv,67.15209595289603,101.08039086310933,1.50524550915004,0.7021410035802657,1644.573033426349,2342.226169730235
1,huila_2016-2017.csv,108.014643754012,18.611836669112904,0.1723084576522672,0.7021410035802657,1644.573033426349,2342.226169730235
2,santander_norte_2016-2017.csv,165.42693682883518,35.57209937036746,0.21503208638369087,0.7021410035802657,1644.573033426349,2342.226169730235
3,santander_2016-2017.csv,66.52880303036467,62.34034630226274,0.9370429567748233,0.7021410035802657,1644.573033426349,2342.226169730235
4,MinasGerais_2016-2017.csv,219.60331450736328,191.60681568199306,0.8725133138897523,0.7021410035802657,1644.573033426349,2342.226169730235
5,MatoGrosso_2016-2017.csv,242.69168331016576,110.45279855276101,0.4551157132632341,0.7021410035802657,1644.573033426349,2342.226169730235
6,valle_cauca_2016-2017.csv,166.8083343486268,161.34573448997963,0.9672522366464591,0.7021410035802657,1644.573033426349,2342.226169730235
7,Bahia_2016-2017.csv,613.2738695557917,425.2828255301402,0.6934631436982343,0.7021410035802657,1644.573033426349,2342.226169730235
8,RioDeJaneiro_2016-2017.csv,692.7264884421796,538.2801859666226,0.7770457676262971,0.7021410035802657,1644.573033426349,2342.226169730235
