,File,NaiveRMSE,P-LSTM-RMSE - No Google,P-LSTM - No Google-Naive-Ratio,Average-Ratio,Total P-LSTM-RMSE - No Google,TotalNaive-RMSE
0,huila_2016-2017.csv,120.99953139553122,67.71709574216982,0.5596475867399165,1.2669999581770646,3540.9501139530803,2794.751563407888
1,tolima_2016-2017.csv,119.19558560981183,95.40622741786682,0.8004174561479167,1.2669999581770646,3540.9501139530803,2794.751563407888
2,santander_norte_2016-2017.csv,186.8847431346252,79.26093292153556,0.42411665924188774,1.2669999581770646,3540.9501139530803,2794.751563407888
3,santander_2016-2017.csv,77.58885827124311,183.30948569506256,2.3625748564855846,1.2669999581770646,3540.9501139530803,2794.751563407888
4,MinasGerais_2016-2017.csv,259.48555288548124,285.62287446920044,1.1007274636027786,1.2669999581770646,3540.9501139530803,2794.751563407888
5,MatoGrosso_2016-2017.csv,310.24237797643605,288.92762690434296,0.9312964553356021,1.2669999581770646,3540.9501139530803,2794.751563407888
6,valle_cauca_2016-2017.csv,189.1969736686103,465.8552494217904,2.462276432802585,1.2669999581770646,3540.9501139530803,2794.751563407888
7,Bahia_2016-2017.csv,736.2269290641273,991.7363582786192,1.3470525447083128,1.2669999581770646,3540.9501139530803,2794.751563407888
8,RioDeJaneiro_2016-2017.csv,794.9310114020219,1083.114263102493,1.362526115558382,1.2669999581770646,3540.9501139530803,2794.751563407888
