,File,NaiveRMSE,NNRMSE,NN-Naive-Ratio,Average-Ratio,TotalNN-RMSE,TotalNaive-RMSE
0,SaoPaulo_2016-2017.csv,80.94359268557656,81.8599472081038,1.0113209025214238,0.6302752172341565,1648.932075991998,2616.2096032079835
1,huila_2016-2017.csv,120.99953139553122,14.142850557874741,0.11688351512406822,0.6302752172341565,1648.932075991998,2616.2096032079835
2,tolima_2016-2017.csv,119.19558560981183,31.830048323641883,0.26704049617943004,0.6302752172341565,1648.932075991998,2616.2096032079835
3,santander_norte_2016-2017.csv,186.8847431346252,40.948883179585245,0.2191130345513925,0.6302752172341565,1648.932075991998,2616.2096032079835
4,santander_2016-2017.csv,77.58885827124311,79.65187838173924,1.0265891283421649,0.6302752172341565,1648.932075991998,2616.2096032079835
5,MatoGrosso_2016-2017.csv,310.24237797643605,122.16160362557734,0.39376182074924637,0.6302752172341565,1648.932075991998,2616.2096032079835
6,valle_cauca_2016-2017.csv,189.1969736686103,175.7401637874327,0.928874074356242,0.6302752172341565,1648.932075991998,2616.2096032079835
7,Bahia_2016-2017.csv,736.2269290641273,544.8079442673234,0.7400000227645425,0.6302752172341565,1648.932075991998,2616.2096032079835
8,RioDeJaneiro_2016-2017.csv,794.9310114020219,557.7887566607199,0.7016819681961411,0.6302752172341565,1648.932075991998,2616.2096032079835
