,File,NaiveRMSE,NNRMSE,NN-Naive-Ratio,Average-Ratio,TotalNN-RMSE,TotalNaive-RMSE
0,SaoPaulo_2016-2017.csv,80.94359268557656,117.32318639065687,1.4494437731025354,0.6640181378639893,1857.9933334254129,2798.1062978222217
1,huila_2016-2017.csv,120.99953139553122,23.09385600372892,0.19085905323251381,0.6640181378639893,1857.9933334254129,2798.1062978222217
2,tolima_2016-2017.csv,119.19558560981183,37.123594171107136,0.3114510825311238,0.6640181378639893,1857.9933334254129,2798.1062978222217
3,santander_norte_2016-2017.csv,186.8847431346252,41.87284551316738,0.22405705682996097,0.6640181378639893,1857.9933334254129,2798.1062978222217
4,MinasGerais_2016-2017.csv,259.48555288548124,262.8523780221269,1.012975000338965,0.6640181378639893,1857.9933334254129,2798.1062978222217
5,MatoGrosso_2016-2017.csv,310.24237797643605,127.52823466880949,0.4110600089536952,0.6640181378639893,1857.9933334254129,2798.1062978222217
6,valle_cauca_2016-2017.csv,189.1969736686103,171.98311534939904,0.9090162068376297,0.6640181378639893,1857.9933334254129,2798.1062978222217
7,Bahia_2016-2017.csv,736.2269290641273,510.58344455331127,0.6935136768256382,0.6640181378639893,1857.9933334254129,2798.1062978222217
8,RioDeJaneiro_2016-2017.csv,794.9310114020219,565.632678753106,0.7115493931423033,0.6640181378639893,1857.9933334254129,2798.1062978222217
