,File,NaiveRMSE,P-LSTM-RMSE - No Google,P-LSTM - No Google-Naive-Ratio,Average-Ratio,Total P-LSTM-RMSE - No Google,TotalNaive-RMSE
0,SaoPaulo_2016-2017.csv,49.0806253593854,80.81775513156505,1.6466325467491367,1.8125432467793305,2651.506774753526,1462.865385123876
1,huila_2016-2017.csv,90.44028109445726,95.06663502400677,1.05115368808637,1.8125432467793305,2651.506774753526,1462.865385123876
2,tolima_2016-2017.csv,131.52827402762824,120.2728987539371,0.9144261919583397,1.8125432467793305,2651.506774753526,1462.865385123876
3,santander_norte_2016-2017.csv,132.83003493870723,124.05485162043968,0.9339367536693283,1.8125432467793305,2651.506774753526,1462.865385123876
4,santander_2016-2017.csv,56.64696627250914,164.76956352010552,2.9087094042681056,1.8125432467793305,2651.506774753526,1462.865385123876
5,MinasGerais_2016-2017.csv,160.97848418309562,187.21823438375478,1.1630015982186432,1.8125432467793305,2651.506774753526,1462.865385123876
6,MatoGrosso_2016-2017.csv,171.58162382403037,412.87738317124996,2.406303040905396,1.8125432467793305,2651.506774753526,1462.865385123876
7,valle_cauca_2016-2017.csv,141.6112547601619,423.13011719269946,2.9879695502262753,1.8125432467793305,2651.506774753526,1462.865385123876
8,RioDeJaneiro_2016-2017.csv,528.1678406639006,1043.2993359557674,1.975317797926418,1.8125432467793305,2651.506774753526,1462.865385123876
