,File,NaiveRMSE,H-LSTM-RMSE - No Google,H-LSTM - No Google-Naive-Ratio,Average-Ratio,Total H-LSTM-RMSE - No Google,TotalNaive-RMSE
0,SaoPaulo_2016-2017.csv,49.0806253593854,120.22137437868759,2.449467045262461,0.9028958697073961,1572.1586676530694,1741.2402918207645
1,huila_2016-2017.csv,90.44028109445726,68.21179452204842,0.7542191786291215,0.9028958697073961,1572.1586676530694,1741.2402918207645
2,tolima_2016-2017.csv,131.52827402762824,64.30820152710808,0.488930627293108,0.9028958697073961,1572.1586676530694,1741.2402918207645
3,santander_norte_2016-2017.csv,132.83003493870723,68.31548046558052,0.5143074794575176,0.9028958697073961,1572.1586676530694,1741.2402918207645
4,santander_2016-2017.csv,56.64696627250914,60.35144200798821,1.0653958363393745,0.9028958697073961,1572.1586676530694,1741.2402918207645
5,MinasGerais_2016-2017.csv,160.97848418309562,193.0934784345409,1.1994986747105778,0.9028958697073961,1572.1586676530694,1741.2402918207645
6,valle_cauca_2016-2017.csv,141.6112547601619,157.01307369230526,1.1087612630664734,0.9028958697073961,1572.1586676530694,1741.2402918207645
7,Bahia_2016-2017.csv,449.9565305209188,420.2316705409162,0.9339383741234072,0.9028958697073961,1572.1586676530694,1741.2402918207645
8,RioDeJaneiro_2016-2017.csv,528.1678406639006,420.4121520838941,0.7959821096934662,0.9028958697073961,1572.1586676530694,1741.2402918207645
