,File,NaiveRMSE,P-NN-RMSE - No Google,P-NN - No Google-Naive-Ratio,Average-Ratio,Total P-NN-RMSE - No Google,TotalNaive-RMSE
0,SaoPaulo_2016-2017.csv,67.15209595289603,72.28680635958553,1.0764638889349223,0.6478001619607822,1155.2943292051186,1783.4116090805487
1,huila_2016-2017.csv,108.014643754012,14.404907047404519,0.13336068653996255,0.6478001619607822,1155.2943292051186,1783.4116090805487
2,tolima_2016-2017.csv,54.45930890610541,45.013671518325474,0.8265560548323265,0.6478001619607822,1155.2943292051186,1783.4116090805487
3,santander_norte_2016-2017.csv,165.42693682883518,35.33439692439971,0.21359518347945772,0.6478001619607822,1155.2943292051186,1783.4116090805487
4,santander_2016-2017.csv,66.52880303036467,68.6984985804372,1.0326128751945567,0.6478001619607822,1155.2943292051186,1783.4116090805487
5,MinasGerais_2016-2017.csv,219.60331450736328,221.2900115156929,1.0076806536919234,0.6478001619607822,1155.2943292051186,1783.4116090805487
6,MatoGrosso_2016-2017.csv,242.69168331016576,115.37917956449705,0.47541464128805644,0.6478001619607822,1155.2943292051186,1783.4116090805487
7,valle_cauca_2016-2017.csv,166.8083343486268,164.02035046926943,0.983286303467724,0.6478001619607822,1155.2943292051186,1783.4116090805487
8,RioDeJaneiro_2016-2017.csv,692.7264884421796,418.86650722550695,0.6046636215217701,0.6478001619607822,1155.2943292051186,1783.4116090805487
