,File,NaiveRMSE,P-NN-RMSE - No Google,P-NN - No Google-Naive-Ratio,Average-Ratio,Total P-NN-RMSE - No Google,TotalNaive-RMSE
0,SaoPaulo_2016-2017.csv,26.394997414214608,121.11960568543878,4.588733379462721,0.9927722081653163,1111.1189458036745,1119.208350782772
1,huila_2016-2017.csv,59.602097278535425,52.18168367694553,0.8755007971126846,0.9927722081653163,1111.1189458036745,1119.208350782772
2,tolima_2016-2017.csv,124.83905638861582,68.3465438482941,0.5474772545182958,0.9927722081653163,1111.1189458036745,1119.208350782772
3,santander_norte_2016-2017.csv,96.52642125345785,65.6931112871952,0.6805712926484558,0.9927722081653163,1111.1189458036745,1119.208350782772
4,MinasGerais_2016-2017.csv,86.68787754174761,146.05852911360873,1.6848783619516936,0.9927722081653163,1111.1189458036745,1119.208350782772
5,MatoGrosso_2016-2017.csv,90.72776124509527,65.6942364174809,0.7240808713444621,0.9927722081653163,1111.1189458036745,1119.208350782772
6,valle_cauca_2016-2017.csv,100.06008195079595,102.1733227709839,1.021119719062664,0.9927722081653163,1111.1189458036745,1119.208350782772
7,Bahia_2016-2017.csv,243.01872804580026,191.2651598884217,0.7870387662154791,0.9927722081653163,1111.1189458036745,1119.208350782772
8,RioDeJaneiro_2016-2017.csv,291.35132966450914,298.58675311530584,1.0248340155479239,0.9927722081653163,1111.1189458036745,1119.208350782772
