,File,NaiveRMSE,H-LSTM-RMSE - No Google,H-LSTM - No Google-Naive-Ratio,Average-Ratio,Total H-LSTM-RMSE - No Google,TotalNaive-RMSE
0,SaoPaulo_2016-2017.csv,67.15209595289603,77.26507467079402,1.1505981097744404,0.4796488224148753,1070.2205320811017,2231.2585418075055
1,huila_2016-2017.csv,108.014643754012,13.50700670057907,0.1250479215701471,0.4796488224148753,1070.2205320811017,2231.2585418075055
2,tolima_2016-2017.csv,54.45930890610541,31.528814155377304,0.5789426048306431,0.4796488224148753,1070.2205320811017,2231.2585418075055
3,santander_2016-2017.csv,66.52880303036467,59.15443614593746,0.8891552748805439,0.4796488224148753,1070.2205320811017,2231.2585418075055
4,MinasGerais_2016-2017.csv,219.60331450736328,180.83623035637567,0.8234676728903025,0.4796488224148753,1070.2205320811017,2231.2585418075055
5,MatoGrosso_2016-2017.csv,242.69168331016576,83.88965342512206,0.3456634866136269,0.4796488224148753,1070.2205320811017,2231.2585418075055
6,valle_cauca_2016-2017.csv,166.8083343486268,146.3525079971942,0.8773692787515027,0.4796488224148753,1070.2205320811017,2231.2585418075055
7,Bahia_2016-2017.csv,613.2738695557917,145.57399921273048,0.23737192539798418,0.4796488224148753,1070.2205320811017,2231.2585418075055
8,RioDeJaneiro_2016-2017.csv,692.7264884421796,332.11280941699147,0.4794284828978533,0.4796488224148753,1070.2205320811017,2231.2585418075055
