,File,NaiveRMSE,H-LSTM-RMSE - No Google,H-LSTM - No Google-Naive-Ratio,Average-Ratio,Total H-LSTM-RMSE - No Google,TotalNaive-RMSE
0,SaoPaulo_2016-2017.csv,67.15209595289603,77.00336481907277,1.1467008397338325,0.6085823258897469,1357.0638189190036,2229.8771442877137
1,huila_2016-2017.csv,108.014643754012,13.332312559133236,0.12343060251622626,0.6085823258897469,1357.0638189190036,2229.8771442877137
2,tolima_2016-2017.csv,54.45930890610541,36.61998842533317,0.6724284454007773,0.6085823258897469,1357.0638189190036,2229.8771442877137
3,santander_norte_2016-2017.csv,165.42693682883518,32.16489174247936,0.1944356364148839,0.6085823258897469,1357.0638189190036,2229.8771442877137
4,santander_2016-2017.csv,66.52880303036467,67.12118699759274,1.0089041729333037,0.6085823258897469,1357.0638189190036,2229.8771442877137
5,MinasGerais_2016-2017.csv,219.60331450736328,175.92734561787327,0.8011142546392416,0.6085823258897469,1357.0638189190036,2229.8771442877137
6,MatoGrosso_2016-2017.csv,242.69168331016576,113.34249562369443,0.4670225781030989,0.6085823258897469,1357.0638189190036,2229.8771442877137
7,Bahia_2016-2017.csv,613.2738695557917,442.2194012968658,0.72107980341177,0.6085823258897469,1357.0638189190036,2229.8771442877137
8,RioDeJaneiro_2016-2017.csv,692.7264884421796,399.3328318369588,0.5764653705317206,0.6085823258897469,1357.0638189190036,2229.8771442877137
