,File,NaiveRMSE,P-NN-RMSE - No Google,P-NN - No Google-Naive-Ratio,Average-Ratio,Total P-NN-RMSE - No Google,TotalNaive-RMSE
0,SaoPaulo_2016-2017.csv,49.0806253593854,61.87674309691429,1.2607162733529018,0.7500903247555578,1366.9508320884268,1822.3816345503374
1,tolima_2016-2017.csv,131.52827402762824,32.02657192811288,0.2434957210902465,0.7500903247555578,1366.9508320884268,1822.3816345503374
2,santander_norte_2016-2017.csv,132.83003493870723,53.88619746932879,0.4056778084429016,0.7500903247555578,1366.9508320884268,1822.3816345503374
3,santander_2016-2017.csv,56.64696627250914,55.230573958543616,0.9749961488290168,0.7500903247555578,1366.9508320884268,1822.3816345503374
4,MinasGerais_2016-2017.csv,160.97848418309562,159.64289910019767,0.9917033317236429,0.7500903247555578,1366.9508320884268,1822.3816345503374
5,MatoGrosso_2016-2017.csv,171.58162382403037,111.89556940182736,0.6521419188606382,0.7500903247555578,1366.9508320884268,1822.3816345503374
6,valle_cauca_2016-2017.csv,141.6112547601619,139.026734740782,0.9817491906010073,0.7500903247555578,1366.9508320884268,1822.3816345503374
7,Bahia_2016-2017.csv,449.9565305209188,336.846700655794,0.7486205395570622,0.7500903247555578,1366.9508320884268,1822.3816345503374
8,RioDeJaneiro_2016-2017.csv,528.1678406639006,416.51884173692616,0.7886107590597848,0.7500903247555578,1366.9508320884268,1822.3816345503374
