,File,NaiveRMSE,NNRMSE,NN-Naive-Ratio,Average-Ratio,TotalNN-RMSE,TotalNaive-RMSE
0,SaoPaulo_2016-2017.csv,80.94359268557656,79.34102296160388,0.9802014011140101,0.5918712615187723,1591.4296111027595,2688.8104129588396
1,huila_2016-2017.csv,120.99953139553122,14.012563881786289,0.11580676156489482,0.5918712615187723,1591.4296111027595,2688.8104129588396
2,tolima_2016-2017.csv,119.19558560981183,32.87176695914464,0.2757800701340632,0.5918712615187723,1591.4296111027595,2688.8104129588396
3,santander_2016-2017.csv,77.58885827124311,69.98450268691758,0.9019916550680326,0.5918712615187723,1591.4296111027595,2688.8104129588396
4,MinasGerais_2016-2017.csv,259.48555288548124,205.89332150471412,0.7934673788778561,0.5918712615187723,1591.4296111027595,2688.8104129588396
5,MatoGrosso_2016-2017.csv,310.24237797643605,104.67653732960865,0.3374024464754431,0.5918712615187723,1591.4296111027595,2688.8104129588396
6,valle_cauca_2016-2017.csv,189.1969736686103,164.20160915370622,0.8678870806956726,0.5918712615187723,1591.4296111027595,2688.8104129588396
7,Bahia_2016-2017.csv,736.2269290641273,399.7598279325196,0.5429845230473762,0.5918712615187723,1591.4296111027595,2688.8104129588396
8,RioDeJaneiro_2016-2017.csv,794.9310114020219,520.6884586927586,0.6550108766978646,0.5918712615187723,1591.4296111027595,2688.8104129588396
