,File,NaiveRMSE,NNRMSE,NN-Naive-Ratio,Average-Ratio,TotalNN-RMSE,TotalNaive-RMSE
0,SaoPaulo_2016-2017.csv,80.94359268557656,82.21966270010975,1.0157649292821738,0.5402396806192236,1489.1704475851157,2756.499570483653
1,huila_2016-2017.csv,120.99953139553122,13.961080339013447,0.11538127609252097,0.5402396806192236,1489.1704475851157,2756.499570483653
2,santander_norte_2016-2017.csv,186.8847431346252,38.45152233988647,0.20574992744157475,0.5402396806192236,1489.1704475851157,2756.499570483653
3,santander_2016-2017.csv,77.58885827124311,67.5317400316089,0.8703793500288985,0.5402396806192236,1489.1704475851157,2756.499570483653
4,MinasGerais_2016-2017.csv,259.48555288548124,196.91525816214804,0.7588679060257842,0.5402396806192236,1489.1704475851157,2756.499570483653
5,MatoGrosso_2016-2017.csv,310.24237797643605,92.73850861054443,0.29892276231066095,0.5402396806192236,1489.1704475851157,2756.499570483653
6,valle_cauca_2016-2017.csv,189.1969736686103,167.50802103220843,0.8853631101182868,0.5402396806192236,1489.1704475851157,2756.499570483653
7,Bahia_2016-2017.csv,736.2269290641273,353.42588129946466,0.48005019559489703,0.5402396806192236,1489.1704475851157,2756.499570483653
8,RioDeJaneiro_2016-2017.csv,794.9310114020219,476.4187730701316,0.5993209048793687,0.5402396806192236,1489.1704475851157,2756.499570483653
