,File,NaiveRMSE,NNRMSE,NN-Naive-Ratio,Average-Ratio,TotalNN-RMSE,TotalNaive-RMSE
0,SaoPaulo_2016-2017.csv,49.0806253593854,31.140059335770022,0.6344674524367138,0.6024399147030645,1055.38040742291,1751.8434314616993
1,huila_2016-2017.csv,90.44028109445726,14.276234092105216,0.15785260637563578,0.6024399147030645,1055.38040742291,1751.8434314616993
2,tolima_2016-2017.csv,131.52827402762824,29.773479008639953,0.22636561780158287,0.6024399147030645,1055.38040742291,1751.8434314616993
3,santander_norte_2016-2017.csv,132.83003493870723,59.60611940856968,0.448739770610421,0.6024399147030645,1055.38040742291,1751.8434314616993
4,santander_2016-2017.csv,56.64696627250914,51.21304998230752,0.9040740105293386,0.6024399147030645,1055.38040742291,1751.8434314616993
5,MatoGrosso_2016-2017.csv,171.58162382403037,94.36641217769561,0.5499797127137306,0.6024399147030645,1055.38040742291,1751.8434314616993
6,valle_cauca_2016-2017.csv,141.6112547601619,133.1265535945351,0.9400845562734628,0.6024399147030645,1055.38040742291,1751.8434314616993
7,Bahia_2016-2017.csv,449.9565305209188,185.44731940548047,0.4121449669611116,0.6024399147030645,1055.38040742291,1751.8434314616993
8,RioDeJaneiro_2016-2017.csv,528.1678406639006,456.4311804178063,0.8641782881821767,0.6024399147030645,1055.38040742291,1751.8434314616993
