,File,NaiveRMSE,H-LSTM-RMSE,H-LSTM-Naive-Ratio,Average-Ratio,Total H-LSTM-RMSE,TotalNaive-RMSE
0,SaoPaulo_2016-2017.csv,49.0806253593854,53.5005085681845,1.0900535226769255,0.587964006586617,1041.4081166826586,1771.210660884633
1,huila_2016-2017.csv,90.44028109445726,13.891387722511643,0.15359735235678068,0.587964006586617,1041.4081166826586,1771.210660884633
2,tolima_2016-2017.csv,131.52827402762824,44.78420499395005,0.3404910869927699,0.587964006586617,1041.4081166826586,1771.210660884633
3,santander_norte_2016-2017.csv,132.83003493870723,59.09788104249484,0.44491353984635196,0.587964006586617,1041.4081166826586,1771.210660884633
4,santander_2016-2017.csv,56.64696627250914,51.93154972912174,0.9167578274059172,0.587964006586617,1041.4081166826586,1771.210660884633
5,MinasGerais_2016-2017.csv,160.97848418309562,130.9392182133151,0.8133957707316084,0.587964006586617,1041.4081166826586,1771.210660884633
6,MatoGrosso_2016-2017.csv,171.58162382403037,98.39458940384434,0.5734564530334277,0.587964006586617,1041.4081166826586,1771.210660884633
7,Bahia_2016-2017.csv,449.9565305209188,246.8078708402367,0.5485149211069454,0.587964006586617,1041.4081166826586,1771.210660884633
8,RioDeJaneiro_2016-2017.csv,528.1678406639006,342.0609061689997,0.6476367545192324,0.587964006586617,1041.4081166826586,1771.210660884633
