,File,NaiveRMSE,NNRMSE,NN-Naive-Ratio,Average-Ratio,TotalNN-RMSE,TotalNaive-RMSE
0,huila_2016-2017.csv,90.44028109445726,36.699160034130074,0.4057833477518816,0.8094583560199279,1508.6209608808867,1863.7412902854094
1,tolima_2016-2017.csv,131.52827402762824,51.4788494590615,0.39138998697913485,0.8094583560199279,1508.6209608808867,1863.7412902854094
2,santander_norte_2016-2017.csv,132.83003493870723,70.90730318088605,0.5338198037334353,0.8094583560199279,1508.6209608808867,1863.7412902854094
3,santander_2016-2017.csv,56.64696627250914,61.81065353960982,1.091155583553406,0.8094583560199279,1508.6209608808867,1863.7412902854094
4,MinasGerais_2016-2017.csv,160.97848418309562,206.14577450412446,1.2805796721856066,0.8094583560199279,1508.6209608808867,1863.7412902854094
5,MatoGrosso_2016-2017.csv,171.58162382403037,115.86773973698826,0.6752922437417842,0.8094583560199279,1508.6209608808867,1863.7412902854094
6,valle_cauca_2016-2017.csv,141.6112547601619,149.1185907178545,1.0530136956303882,0.8094583560199279,1508.6209608808867,1863.7412902854094
7,Bahia_2016-2017.csv,449.9565305209188,365.1538470993253,0.81153138654657,0.8094583560199279,1508.6209608808867,1863.7412902854094
8,RioDeJaneiro_2016-2017.csv,528.1678406639006,451.4390426089069,0.8547264862651491,0.8094583560199279,1508.6209608808867,1863.7412902854094
