,File,NaiveRMSE,NNRMSE,NN-Naive-Ratio,Average-Ratio,TotalNN-RMSE,TotalNaive-RMSE
0,SaoPaulo_2016-2017.csv,91.24688932861062,74.03361954388944,0.8113549961935642,0.5583087963388536,1578.2343741477184,2826.8126608376824
1,huila_2016-2017.csv,136.82185041140175,13.712086603881449,0.10021854376805579,0.5583087963388536,1578.2343741477184,2826.8126608376824
2,tolima_2016-2017.csv,131.2911046745615,35.34600230727036,0.2692185612641804,0.5583087963388536,1578.2343741477184,2826.8126608376824
3,santander_norte_2016-2017.csv,212.29720715701058,39.44647514521168,0.18580779122561839,0.5583087963388536,1578.2343741477184,2826.8126608376824
4,santander_2016-2017.csv,93.07495859073302,94.40820713702254,1.0143244602681163,0.5583087963388536,1578.2343741477184,2826.8126608376824
5,MinasGerais_2016-2017.csv,279.707734308023,220.89742303402528,0.7897437072325145,0.5583087963388536,1578.2343741477184,2826.8126608376824
6,valle_cauca_2016-2017.csv,211.5345470208905,183.68617031263864,0.8683506921188545,0.5583087963388536,1578.2343741477184,2826.8126608376824
7,Bahia_2016-2017.csv,819.9580825630521,442.95465727606364,0.5402162216530159,0.5583087963388536,1578.2343741477184,2826.8126608376824
8,RioDeJaneiro_2016-2017.csv,850.8802867833996,473.7497327877155,0.5567760120270755,0.5583087963388536,1578.2343741477184,2826.8126608376824
