,File,NaiveRMSE,H-LSTM-RMSE,H-LSTM-Naive-Ratio,Average-Ratio,Total H-LSTM-RMSE,TotalNaive-RMSE
0,huila_2016-2017.csv,148.6285524451535,158.4118149478767,1.0658235738811586,1.0147136684378308,1448.268603507762,1427.26825168069
1,tolima_2016-2017.csv,154.0609197372626,134.35663449749654,0.8721006906010299,1.0147136684378308,1448.268603507762,1427.26825168069
2,santander_norte_2016-2017.csv,214.63475410544052,192.69266275455809,0.897770091137695,1.0147136684378308,1448.268603507762,1427.26825168069
3,santander_2016-2017.csv,52.17920948915018,51.18554520528185,0.9809567010769883,1.0147136684378308,1448.268603507762,1427.26825168069
4,MinasGerais_2016-2017.csv,92.60997448261274,101.92218905255848,1.1005530410948778,1.0147136684378308,1448.268603507762,1427.26825168069
5,MatoGrosso_2016-2017.csv,97.03712262175127,104.87535764135409,1.0807756331580038,1.0147136684378308,1448.268603507762,1427.26825168069
6,valle_cauca_2016-2017.csv,107.02671837724421,104.28754293293701,0.9744066202735261,1.0147136684378308,1448.268603507762,1427.26825168069
7,Bahia_2016-2017.csv,270.4808434371977,287.87389303189445,1.0643041827793442,1.0147136684378308,1448.268603507762,1427.26825168069
8,RioDeJaneiro_2016-2017.csv,290.6101569848774,312.6629634438048,1.0758845000041584,1.0147136684378308,1448.268603507762,1427.26825168069
