,File,NaiveRMSE,H-LSTM-RMSE,H-LSTM-Naive-Ratio,Average-Ratio,Total H-LSTM-RMSE,TotalNaive-RMSE
0,SaoPaulo_2016-2017.csv,67.15209595289603,67.80263909178005,1.0096876073583816,0.6144092009322162,1337.6193128262648,2177.082164128977
1,huila_2016-2017.csv,108.014643754012,13.607086169153334,0.12597445768688123,0.6144092009322162,1337.6193128262648,2177.082164128977
2,tolima_2016-2017.csv,54.45930890610541,35.13333752463343,0.6451300655542224,0.6144092009322162,1337.6193128262648,2177.082164128977
3,santander_norte_2016-2017.csv,165.42693682883518,32.77740930159368,0.19813828346170723,0.6144092009322162,1337.6193128262648,2177.082164128977
4,santander_2016-2017.csv,66.52880303036467,67.2266246746933,1.0104890154721426,0.6144092009322162,1337.6193128262648,2177.082164128977
5,MatoGrosso_2016-2017.csv,242.69168331016576,121.8240183800417,0.5019703053620823,0.6144092009322162,1337.6193128262648,2177.082164128977
6,valle_cauca_2016-2017.csv,166.8083343486268,153.12698281043214,0.9179816069045995,0.6144092009322162,1337.6193128262648,2177.082164128977
7,Bahia_2016-2017.csv,613.2738695557917,333.25645859673597,0.5434056057828148,0.6144092009322162,1337.6193128262648,2177.082164128977
8,RioDeJaneiro_2016-2017.csv,692.7264884421796,512.8647562772012,0.7403567855915891,0.6144092009322162,1337.6193128262648,2177.082164128977
