,File,NaiveRMSE,H-LSTM-RMSE,H-LSTM-Naive-Ratio,Average-Ratio,Total H-LSTM-RMSE,TotalNaive-RMSE
0,SaoPaulo_2016-2017.csv,26.394997414214608,48.04827914256958,1.8203555161817875,0.7222367008851903,771.9615200876076,1068.848369435496
1,huila_2016-2017.csv,59.602097278535425,44.53983648683501,0.7472863962938967,0.7222367008851903,771.9615200876076,1068.848369435496
2,tolima_2016-2017.csv,124.83905638861582,64.97632591350734,0.5204807517227644,0.7222367008851903,771.9615200876076,1068.848369435496
3,santander_norte_2016-2017.csv,96.52642125345785,49.63908647235845,0.5142538781378496,0.7222367008851903,771.9615200876076,1068.848369435496
4,santander_2016-2017.csv,49.70010060351991,47.07738271320523,0.9472291231110923,0.7222367008851903,771.9615200876076,1068.848369435496
5,MinasGerais_2016-2017.csv,86.68787754174761,89.57261249714675,1.0332772590263257,0.7222367008851903,771.9615200876076,1068.848369435496
6,MatoGrosso_2016-2017.csv,90.72776124509527,63.93629161238727,0.7047048305277528,0.7222367008851903,771.9615200876076,1068.848369435496
7,Bahia_2016-2017.csv,243.01872804580026,111.20763557524546,0.45760932282670347,0.7222367008851903,771.9615200876076,1068.848369435496
8,RioDeJaneiro_2016-2017.csv,291.35132966450914,252.9640696743524,0.8682440885567275,0.7222367008851903,771.9615200876076,1068.848369435496
