,File,NaiveRMSE,LSTMRMSE,NaiveRelativeRMSE,LSTMRelativeRMSE,LSTM-Naive-Ratio,Average-Ratio
0,huila_2016-2017.csv,136.82185041140175,196.45364946820197,6.413524238034458,9.208764818821969,1.4358353499641818,0.9703874869888756
1,tolima_2016-2017.csv,131.2911046745615,190.82642695724562,3.8709908012155725,5.6263319987394285,1.4534604414385697,0.9703874869888756
2,santander_norte_2016-2017.csv,212.29720715701058,270.0604561397822,8.288138221664504,10.543230495900405,1.2720867116261738,0.9703874869888756
3,santander_2016-2017.csv,93.07495859073302,83.13110773432739,0.9734389393953993,0.8694396276822561,0.8931629838254294,0.9703874869888756
4,valle_cauca_2016-2017.csv,211.5345470208905,21.301622426707187,0.853966211690727,0.085994775145664,0.1007004422053269,0.9703874869888756
