,File,NaiveRMSE,LSTMRMSE,NaiveRelativeRMSE,LSTMRelativeRMSE,LSTM-Naive-Ratio,Average-Ratio,TotalLSTM-RMSE,TotalNaive-RMSE
0,huila_2016-2017.csv,136.82185041140175,143.90302222889898,6.413524238034458,6.7454541669796395,1.0517546853532915,0.8014552489246815,629.158133311177,785.0196678545973
1,tolima_2016-2017.csv,131.2911046745615,163.62435802075373,3.8709908012155725,4.8243053961893,1.2462714700004882,0.8014552489246815,629.158133311177,785.0196678545973
2,santander_norte_2016-2017.csv,212.29720715701058,208.5747338105934,8.288138221664504,8.14281189337819,0.9824657450926139,0.8014552489246815,629.158133311177,785.0196678545973
3,santander_2016-2017.csv,93.07495859073302,93.50417593145362,0.9734389393953993,0.9779279757511219,1.0046115233057256,0.8014552489246815,629.158133311177,785.0196678545973
4,valle_cauca_2016-2017.csv,211.5345470208905,19.551843319477396,0.853966211690727,0.07893090658830235,0.09242860608270533,0.8014552489246815,629.158133311177,785.0196678545973
