,File,NaiveRMSE,LSTMRMSE,LSTM-Naive-Ratio,Average-Ratio,TotalLSTM-RMSE,TotalNaive-RMSE
0,huila_2016-2017.csv,136.82185041140175,90.63558395230118,0.6624350107806191,0.7386268372768792,579.8365944675874,785.0196678545973
1,tolima_2016-2017.csv,131.2911046745615,69.04256869793122,0.5258739262577677,0.7386268372768792,579.8365944675874,785.0196678545973
2,santander_norte_2016-2017.csv,212.29720715701058,146.450072708699,0.6898351357038229,0.7386268372768792,579.8365944675874,785.0196678545973
3,santander_2016-2017.csv,93.07495859073302,84.4876289292123,0.907737486091391,0.7386268372768792,579.8365944675874,785.0196678545973
4,valle_cauca_2016-2017.csv,211.5345470208905,189.22074017944365,0.8945145974702505,0.7386268372768792,579.8365944675874,785.0196678545973
