,File,NaiveRMSE,P-LSTM-RMSE - No Google,P-LSTM - No Google-Naive-Ratio,Average-Ratio,Total P-LSTM-RMSE - No Google,TotalNaive-RMSE
0,huila_2016-2017.csv,90.44028109445726,97.08378438405354,1.073457348973271,1.957488272440525,3648.251718596861,1863.7412902854094
1,tolima_2016-2017.csv,131.52827402762824,123.64964369397889,0.9400993406786863,1.957488272440525,3648.251718596861,1863.7412902854094
2,santander_norte_2016-2017.csv,132.83003493870723,127.04841401874222,0.9564735421274799,1.957488272440525,3648.251718596861,1863.7412902854094
3,santander_2016-2017.csv,56.64696627250914,171.1639982560903,3.021591614150685,1.957488272440525,3648.251718596861,1863.7412902854094
4,MinasGerais_2016-2017.csv,160.97848418309562,214.77086254684377,1.3341588078476696,1.957488272440525,3648.251718596861,1863.7412902854094
5,MatoGrosso_2016-2017.csv,171.58162382403037,418.1937651828943,2.437287606112079,1.957488272440525,3648.251718596861,1863.7412902854094
6,valle_cauca_2016-2017.csv,141.6112547601619,429.59968049936947,3.033654925429165,1.957488272440525,3648.251718596861,1863.7412902854094
7,Bahia_2016-2017.csv,449.9565305209188,1020.5227097538447,2.2680473346444736,1.957488272440525,3648.251718596861,1863.7412902854094
8,RioDeJaneiro_2016-2017.csv,528.1678406639006,1046.2188602610433,1.980845442891712,1.957488272440525,3648.251718596861,1863.7412902854094
