,File,NaiveRMSE,P-LSTM-RMSE,P-LSTM-Naive-Ratio,Average-Ratio,Total P-LSTM-RMSE,TotalNaive-RMSE
0,SaoPaulo_2016-2017.csv,80.94359268557656,88.88558855899839,1.0981176595937905,1.2702453006225987,3415.4487913260746,2688.8104129588396
1,huila_2016-2017.csv,120.99953139553122,64.19878612905792,0.5305705351800142,1.2702453006225987,3415.4487913260746,2688.8104129588396
2,tolima_2016-2017.csv,119.19558560981183,90.5831216802273,0.7599536611762807,1.2702453006225987,3415.4487913260746,2688.8104129588396
3,santander_2016-2017.csv,77.58885827124311,175.75952313002648,2.2652675531786826,1.2702453006225987,3415.4487913260746,2688.8104129588396
4,MinasGerais_2016-2017.csv,259.48555288548124,258.7500700555818,0.9971656116430341,1.2702453006225987,3415.4487913260746,2688.8104129588396
5,MatoGrosso_2016-2017.csv,310.24237797643605,282.316365114872,0.9099864659247644,1.2702453006225987,3415.4487913260746,2688.8104129588396
6,valle_cauca_2016-2017.csv,189.1969736686103,451.06378133014243,2.384096175450498,1.2702453006225987,3415.4487913260746,2688.8104129588396
7,Bahia_2016-2017.csv,736.2269290641273,961.2182316830518,1.3056004796033849,1.2702453006225987,3415.4487913260746,2688.8104129588396
8,RioDeJaneiro_2016-2017.csv,794.9310114020219,1042.6733236441164,1.3116525946134001,1.2702453006225987,3415.4487913260746,2688.8104129588396
