,File,NaiveRMSE,H-LSTM-RMSE - No Google,H-LSTM - No Google-Naive-Ratio,Average-Ratio,Total H-LSTM-RMSE - No Google,TotalNaive-RMSE
0,SaoPaulo_2016-2017.csv,80.94359268557656,84.9981349118877,1.0500909595409351,0.5143224542866929,1417.7296243313672,2756.499570483653
1,huila_2016-2017.csv,120.99953139553122,12.64883604132684,0.10453623989649591,0.5143224542866929,1417.7296243313672,2756.499570483653
2,santander_norte_2016-2017.csv,186.8847431346252,32.51736289482936,0.17399688358404405,0.5143224542866929,1417.7296243313672,2756.499570483653
3,santander_2016-2017.csv,77.58885827124311,79.37032168316384,1.022960299347271,0.5143224542866929,1417.7296243313672,2756.499570483653
4,MinasGerais_2016-2017.csv,259.48555288548124,184.5321375638879,0.7111460946934778,0.5143224542866929,1417.7296243313672,2756.499570483653
5,MatoGrosso_2016-2017.csv,310.24237797643605,105.96990585047503,0.34157134348204293,0.5143224542866929,1417.7296243313672,2756.499570483653
6,valle_cauca_2016-2017.csv,189.1969736686103,140.91780891461167,0.7448206289041259,0.5143224542866929,1417.7296243313672,2756.499570483653
7,Bahia_2016-2017.csv,736.2269290641273,341.0449334032295,0.4632334405870715,0.5143224542866929,1417.7296243313672,2756.499570483653
8,RioDeJaneiro_2016-2017.csv,794.9310114020219,435.7301830679555,0.5481358467817944,0.5143224542866929,1417.7296243313672,2756.499570483653
