,File,NaiveRMSE,P-LSTM-RMSE,P-LSTM-Naive-Ratio,Average-Ratio,Total P-LSTM-RMSE,TotalNaive-RMSE
0,SaoPaulo_2016-2017.csv,67.15209595289603,119.38025373928599,1.777759160682423,1.710205911386938,2914.1207377909714,1703.9589901941608
1,huila_2016-2017.csv,108.014643754012,81.30525306520254,0.7527243551380283,1.710205911386938,2914.1207377909714,1703.9589901941608
2,tolima_2016-2017.csv,54.45930890610541,128.18852532613815,2.35384047100471,1.710205911386938,2914.1207377909714,1703.9589901941608
3,santander_norte_2016-2017.csv,165.42693682883518,99.64031988876899,0.6023222203036097,1.710205911386938,2914.1207377909714,1703.9589901941608
4,santander_2016-2017.csv,66.52880303036467,189.34559117385584,2.846069409777835,1.710205911386938,2914.1207377909714,1703.9589901941608
5,MinasGerais_2016-2017.csv,219.60331450736328,324.0675528356121,1.4756951804784628,1.710205911386938,2914.1207377909714,1703.9589901941608
6,MatoGrosso_2016-2017.csv,242.69168331016576,366.4400420385407,1.509899461903775,1.710205911386938,2914.1207377909714,1703.9589901941608
7,valle_cauca_2016-2017.csv,166.8083343486268,487.15254705416237,2.920432896572309,1.710205911386938,2914.1207377909714,1703.9589901941608
8,Bahia_2016-2017.csv,613.2738695557917,1118.6006526694048,1.8239822503437702,1.710205911386938,2914.1207377909714,1703.9589901941608
