,File,NaiveRMSE,P-LSTM-RMSE - No Google,P-LSTM - No Google-Naive-Ratio,Average-Ratio,Total P-LSTM-RMSE - No Google,TotalNaive-RMSE
0,SaoPaulo_2016-2017.csv,49.0806253593854,118.01665614810678,2.404546708277407,2.244797066023315,4090.87694641337,1822.3816345503374
1,tolima_2016-2017.csv,131.52827402762824,128.31939398999174,0.9756031160496909,2.244797066023315,4090.87694641337,1822.3816345503374
2,santander_norte_2016-2017.csv,132.83003493870723,131.70322440398627,0.9915168995081503,2.244797066023315,4090.87694641337,1822.3816345503374
3,santander_2016-2017.csv,56.64696627250914,185.39864766310163,3.272878670522483,2.244797066023315,4090.87694641337,1822.3816345503374
4,MinasGerais_2016-2017.csv,160.97848418309562,294.0868750821171,1.8268706937731198,2.244797066023315,4090.87694641337,1822.3816345503374
5,MatoGrosso_2016-2017.csv,171.58162382403037,433.39021431159813,2.5258544863526398,2.244797066023315,4090.87694641337,1822.3816345503374
6,valle_cauca_2016-2017.csv,141.6112547601619,472.68366111628825,3.337896143331566,2.244797066023315,4090.87694641337,1822.3816345503374
7,Bahia_2016-2017.csv,449.9565305209188,1129.916881618708,2.511168979613637,2.244797066023315,4090.87694641337,1822.3816345503374
8,RioDeJaneiro_2016-2017.csv,528.1678406639006,1197.3613920794721,2.2670092722313484,2.244797066023315,4090.87694641337,1822.3816345503374
