,File,NaiveRMSE,H-LSTM-RMSE - No Google,H-LSTM - No Google-Naive-Ratio,Average-Ratio,Total H-LSTM-RMSE - No Google,TotalNaive-RMSE
0,SaoPaulo_2016-2017.csv,91.24688932861062,88.20034884578048,0.9666121168047874,0.4966059585585466,1449.0550447729822,2917.9171530261615
1,huila_2016-2017.csv,136.82185041140175,12.279509370250386,0.08974816035105383,0.4966059585585466,1449.0550447729822,2917.9171530261615
2,tolima_2016-2017.csv,131.2911046745615,32.73234503631967,0.24931121660873476,0.4966059585585466,1449.0550447729822,2917.9171530261615
3,santander_norte_2016-2017.csv,212.29720715701058,32.95342345551832,0.15522306627023433,0.4966059585585466,1449.0550447729822,2917.9171530261615
4,santander_2016-2017.csv,93.07495859073302,88.3265751415562,0.9489832332877386,0.4966059585585466,1449.0550447729822,2917.9171530261615
5,MatoGrosso_2016-2017.csv,370.81222649650175,111.4999005478266,0.30069100364164636,0.4966059585585466,1449.0550447729822,2917.9171530261615
6,valle_cauca_2016-2017.csv,211.5345470208905,190.8194250332285,0.9020721566316247,0.4966059585585466,1449.0550447729822,2917.9171530261615
7,Bahia_2016-2017.csv,819.9580825630521,416.8022452797666,0.508321405866154,0.4966059585585466,1449.0550447729822,2917.9171530261615
8,RioDeJaneiro_2016-2017.csv,850.8802867833996,475.44127206273544,0.5587639994106056,0.4966059585585466,1449.0550447729822,2917.9171530261615
