,File,NaiveRMSE,P-LSTM-RMSE - No Google,P-LSTM - No Google-Naive-Ratio,Average-Ratio,Total P-LSTM-RMSE - No Google,TotalNaive-RMSE
0,SaoPaulo_2016-2017.csv,80.94359268557656,102.22893734532718,1.2629651582483252,1.2632897967700978,3240.910318690744,2565.4527781170286
1,huila_2016-2017.csv,120.99953139553122,65.77620475426703,0.5436071032312798,1.2632897967700978,3240.910318690744,2565.4527781170286
2,tolima_2016-2017.csv,119.19558560981183,92.53704307074344,0.7763462262240529,1.2632897967700978,3240.910318690744,2565.4527781170286
3,santander_norte_2016-2017.csv,186.8847431346252,76.71026507500987,0.4104683121176483,1.2632897967700978,3240.910318690744,2565.4527781170286
4,santander_2016-2017.csv,77.58885827124311,177.22519259217307,2.28415775848397,1.2632897967700978,3240.910318690744,2565.4527781170286
5,MinasGerais_2016-2017.csv,259.48555288548124,255.13874589714857,0.983248366084369,1.2632897967700978,3240.910318690744,2565.4527781170286
6,valle_cauca_2016-2017.csv,189.1969736686103,454.998789797623,2.404894650136319,1.2632897967700978,3240.910318690744,2565.4527781170286
7,Bahia_2016-2017.csv,736.2269290641273,967.8443332582428,1.3146005600318664,1.2632897967700978,3240.910318690744,2565.4527781170286
8,RioDeJaneiro_2016-2017.csv,794.9310114020219,1048.4508069002095,1.3189204998444508,1.2632897967700978,3240.910318690744,2565.4527781170286
