,File,NaiveRMSE,NNRMSE,NN-Naive-Ratio,Average-Ratio,TotalNN-RMSE,TotalNaive-RMSE
0,SaoPaulo_2016-2017.csv,67.15209595289603,63.0480015050614,0.9388835986487531,0.7120870852376517,1629.7329438797804,2288.6708348823286
1,tolima_2016-2017.csv,54.45930890610541,31.680599916978732,0.5817297456271435,0.7120870852376517,1629.7329438797804,2288.6708348823286
2,santander_norte_2016-2017.csv,165.42693682883518,35.809049147568764,0.2164644394317708,0.7120870852376517,1629.7329438797804,2288.6708348823286
3,santander_2016-2017.csv,66.52880303036467,64.6832711364445,0.9722596558203844,0.7120870852376517,1629.7329438797804,2288.6708348823286
4,MinasGerais_2016-2017.csv,219.60331450736328,197.35216919358598,0.8986757309938908,0.7120870852376517,1629.7329438797804,2288.6708348823286
5,MatoGrosso_2016-2017.csv,242.69168331016576,110.64788790735976,0.4559195700412573,0.7120870852376517,1629.7329438797804,2288.6708348823286
6,valle_cauca_2016-2017.csv,166.8083343486268,158.32950366144115,0.9491702214982555,0.7120870852376517,1629.7329438797804,2288.6708348823286
7,Bahia_2016-2017.csv,613.2738695557917,447.3407569427021,0.7294306494204966,0.7120870852376517,1629.7329438797804,2288.6708348823286
8,RioDeJaneiro_2016-2017.csv,692.7264884421796,520.8417044686378,0.7518720781703027,0.7120870852376517,1629.7329438797804,2288.6708348823286
