,File,NaiveRMSE,GRURMSE,NaiveRelativeRMSE,GRURelativeRMSE,GRU-Naive-Ratio,Average-Ratio,TotalGRU-RMSE,TotalNaive-RMSE
0,huila_2016-2017.csv,90.44028109445726,107.01802213335506,2.5662332554747116,3.0366248756669965,1.1833004147961874,0.8619508085586217,476.70776550086396,553.0568110934637
1,tolima_2016-2017.csv,131.52827402762824,105.32010583832266,2.7835184114440352,2.2288778277028523,0.8007411837260145,0.8619508085586217,476.70776550086396,553.0568110934637
2,santander_norte_2016-2017.csv,132.83003493870723,156.51521053681444,2.940557571317535,3.4648939720806418,1.1783118976746219,0.8619508085586217,476.70776550086396,553.0568110934637
3,santander_2016-2017.csv,56.64696627250914,66.45644724938946,0.5615349615478528,0.6587752355752033,1.1731686906177865,0.8619508085586217,476.70776550086396,553.0568110934637
4,valle_cauca_2016-2017.csv,141.6112547601619,41.397979742982386,0.5291181393891919,0.1546799514853282,0.2923353783786151,0.8619508085586217,476.70776550086396,553.0568110934637
