,File,NaiveRMSE,H-LSTM-RMSE,H-LSTM-Naive-Ratio,Average-Ratio,Total H-LSTM-RMSE,TotalNaive-RMSE
0,SaoPaulo_2016-2017.csv,91.24688932861062,89.14196451027904,0.9769315443647504,0.5027712684554919,1501.3204281220062,2986.090340313294
1,huila_2016-2017.csv,136.82185041140175,12.70101351639425,0.09282883894790417,0.5027712684554919,1501.3204281220062,2986.090340313294
2,tolima_2016-2017.csv,131.2911046745615,33.68079516190034,0.2565352408709393,0.5027712684554919,1501.3204281220062,2986.090340313294
3,santander_norte_2016-2017.csv,212.29720715701058,34.187545968504025,0.16103624925795482,0.5027712684554919,1501.3204281220062,2986.090340313294
4,santander_2016-2017.csv,93.07495859073302,85.81680848591455,0.9220182290197535,0.5027712684554919,1501.3204281220062,2986.090340313294
5,MinasGerais_2016-2017.csv,279.707734308023,204.73273883109576,0.7319523692742711,0.5027712684554919,1501.3204281220062,2986.090340313294
6,MatoGrosso_2016-2017.csv,370.81222649650175,112.21777900375149,0.30262696584739,0.5027712684554919,1501.3204281220062,2986.090340313294
7,Bahia_2016-2017.csv,819.9580825630521,475.75160534645835,0.580214544454929,0.5027712684554919,1501.3204281220062,2986.090340313294
8,RioDeJaneiro_2016-2017.csv,850.8802867833996,453.0901772977083,0.5324957979817989,0.5027712684554919,1501.3204281220062,2986.090340313294
