,File,NaiveRMSE,H-LSTM-RMSE,H-LSTM-Naive-Ratio,Average-Ratio,Total H-LSTM-RMSE,TotalNaive-RMSE
0,SaoPaulo_2016-2017.csv,26.394997414214608,78.9877734848878,2.9925281766593463,0.8414850495326837,907.2729314486478,1078.1806901411965
1,huila_2016-2017.csv,59.602097278535425,44.98968302910709,0.7548338914796758,0.8414850495326837,907.2729314486478,1078.1806901411965
2,tolima_2016-2017.csv,124.83905638861582,69.69638615061753,0.5582899147655942,0.8414850495326837,907.2729314486478,1078.1806901411965
3,santander_norte_2016-2017.csv,96.52642125345785,54.66161603243925,0.5662865702739509,0.8414850495326837,907.2729314486478,1078.1806901411965
4,santander_2016-2017.csv,49.70010060351991,47.99663232754181,0.9657250537666426,0.8414850495326837,907.2729314486478,1078.1806901411965
5,MinasGerais_2016-2017.csv,86.68787754174761,101.68504452571456,1.1730018937970252,0.8414850495326837,907.2729314486478,1078.1806901411965
6,valle_cauca_2016-2017.csv,100.06008195079595,99.97444490199778,0.9991441437271631,0.8414850495326837,907.2729314486478,1078.1806901411965
7,Bahia_2016-2017.csv,243.01872804580026,130.6558679749493,0.5376370332673512,0.8414850495326837,907.2729314486478,1078.1806901411965
8,RioDeJaneiro_2016-2017.csv,291.35132966450914,278.6254830213927,0.9563213023336113,0.8414850495326837,907.2729314486478,1078.1806901411965
