,File,NaiveRMSE,LSTMRMSE,NaiveRelativeRMSE,LSTMRelativeRMSE,LSTM-Naive-Ratio,Average-Ratio
0,Chiapas_2016-2017.csv,16.264993083306244,16.87666380276717,2.1686657444408324,2.250221840368956,1.0376065772870644,0.8235880331204976
1,Guerrero_2016-2017.csv,13.666016244685206,15.08305422998498,1.6564868175376009,1.8282489975739369,1.1036906410711218,0.8235880331204976
2,Yucatan_2016-2017.csv,34.112167917035116,28.54584535885322,4.070664429240467,3.4064254604836774,0.836822960894193,0.8235880331204976
3,NuevoLeon_2016-2017.csv,44.160615937733475,36.42012739897928,5.001202257953961,4.124589739408752,0.8247196427316981,0.8235880331204976
4,Veracruz_2016-2017.csv,30.309899372977142,17.152528821652236,1.5238762882341448,0.86236947318513,0.5659051721215747,0.8235880331204976
