,File,NaiveRMSE,LSTMRMSE,NaiveRelativeRMSE,LSTMRelativeRMSE,LSTM-Naive-Ratio,Average-Ratio,TotalLSTM-RMSE,TotalNaive-RMSE
0,Chiapas_2016-2017.csv,16.264993083306244,16.873692530053553,2.1686657444408324,2.249825670673807,1.037423898284473,0.8045913949671699,111.44692511547427,138.51369255573718
1,Guerrero_2016-2017.csv,13.666016244685206,13.865326477846581,1.6564868175376009,1.6806456336783735,1.0145843696943422,0.8045913949671699,111.44692511547427,138.51369255573718
2,Yucatan_2016-2017.csv,34.112167917035116,27.693974760604288,4.070664429240467,3.3047702578286735,0.8118503294179179,0.8045913949671699,111.44692511547427,138.51369255573718
3,NuevoLeon_2016-2017.csv,44.160615937733475,36.03561415998563,5.001202257953961,4.081043506227138,0.8160124897441623,0.8045913949671699,111.44692511547427,138.51369255573718
4,Veracruz_2016-2017.csv,30.309899372977142,16.97831718698422,1.5238762882341448,0.8536107182998602,0.5601574910578976,0.8045913949671699,111.44692511547427,138.51369255573718
