,File,NaiveRMSE,LSTMRMSE,LSTM-Naive-Ratio,Average-Ratio,TotalLSTM-RMSE,TotalNaive-RMSE
0,Chiapas_2016-2017.csv,16.264993083306244,14.483055463888865,0.890443382896591,0.8030559432924563,111.23424403426881,138.51369255573718
1,Guerrero_2016-2017.csv,13.666016244685206,12.200272928126441,0.89274538458647,0.8030559432924563,111.23424403426881,138.51369255573718
2,Yucatan_2016-2017.csv,34.112167917035116,24.970437662875767,0.7320096958835002,0.8030559432924563,111.23424403426881,138.51369255573718
3,NuevoLeon_2016-2017.csv,44.160615937733475,33.7782822260113,0.7648960846388266,0.8030559432924563,111.23424403426881,138.51369255573718
4,Veracruz_2016-2017.csv,30.309899372977142,25.802195753366448,0.8512794924146285,0.8030559432924563,111.23424403426881,138.51369255573718
