,File,NaiveRMSE,H-LSTM-RMSE,H-LSTM-Naive-Ratio,Average-Ratio,Total H-LSTM-RMSE,TotalNaive-RMSE
0,SaoPaulo_2016-2017.csv,91.24688932861062,85.18069471097336,0.9335188885640707,0.5257124071494625,1632.1004161554124,3104.549928743452
1,huila_2016-2017.csv,136.82185041140175,12.414008018009426,0.09073118058762149,0.5257124071494625,1632.1004161554124,3104.549928743452
2,tolima_2016-2017.csv,131.2911046745615,35.474472328017185,0.2701970740207398,0.5257124071494625,1632.1004161554124,3104.549928743452
3,santander_norte_2016-2017.csv,212.29720715701058,33.083554643907384,0.15583603329948414,0.5257124071494625,1632.1004161554124,3104.549928743452
4,MinasGerais_2016-2017.csv,279.707734308023,242.926769643685,0.8685021536664637,0.5257124071494625,1632.1004161554124,3104.549928743452
5,MatoGrosso_2016-2017.csv,370.81222649650175,120.60803622526198,0.325253666430548,0.5257124071494625,1632.1004161554124,3104.549928743452
6,valle_cauca_2016-2017.csv,211.5345470208905,186.78244151685772,0.882987881399872,0.5257124071494625,1632.1004161554124,3104.549928743452
7,Bahia_2016-2017.csv,819.9580825630521,463.52729363706146,0.5653060851454168,0.5257124071494625,1632.1004161554124,3104.549928743452
8,RioDeJaneiro_2016-2017.csv,850.8802867833996,452.10314543163895,0.5313357853673327,0.5257124071494625,1632.1004161554124,3104.549928743452
