,File,NaiveRMSE,P-LSTM-RMSE,P-LSTM-Naive-Ratio,Average-Ratio,Total P-LSTM-RMSE,TotalNaive-RMSE
0,SaoPaulo_2016-2017.csv,26.394997414214608,119.90274098997253,4.542631283812924,3.7527279583759974,4011.0971592451824,1068.848369435496
1,huila_2016-2017.csv,59.602097278535425,128.56537692140603,2.1570612913265124,3.7527279583759974,4011.0971592451824,1068.848369435496
2,tolima_2016-2017.csv,124.83905638861582,140.4550646686458,1.125089124603909,3.7527279583759974,4011.0971592451824,1068.848369435496
3,santander_norte_2016-2017.csv,96.52642125345785,171.21192969951406,1.773731248669708,3.7527279583759974,4011.0971592451824,1068.848369435496
4,santander_2016-2017.csv,49.70010060351991,186.27719280042123,3.748024461488284,3.7527279583759974,4011.0971592451824,1068.848369435496
5,MinasGerais_2016-2017.csv,86.68787754174761,301.6609444679561,3.479851543518073,3.7527279583759974,4011.0971592451824,1068.848369435496
6,MatoGrosso_2016-2017.csv,90.72776124509527,489.7703307542557,5.3982411120139115,3.7527279583759974,4011.0971592451824,1068.848369435496
7,Bahia_2016-2017.csv,243.01872804580026,1188.1058997259347,4.888947898295393,3.7527279583759974,4011.0971592451824,1068.848369435496
8,RioDeJaneiro_2016-2017.csv,291.35132966450914,1285.1476792170763,4.410989579820772,3.7527279583759974,4011.0971592451824,1068.848369435496
