,File,NaiveRMSE,P-LSTM-RMSE,P-LSTM-Naive-Ratio,Average-Ratio,Total P-LSTM-RMSE,TotalNaive-RMSE
0,huila_2016-2017.csv,90.44028109445726,97.62385678469404,1.0794289403273098,2.1367492776002357,3982.34785565108,1863.7412902854094
1,tolima_2016-2017.csv,131.52827402762824,124.64866247591905,0.9476948085682012,2.1367492776002357,3982.34785565108,1863.7412902854094
2,santander_norte_2016-2017.csv,132.83003493870723,128.71864918507626,0.9690477702913493,2.1367492776002357,3982.34785565108,1863.7412902854094
3,santander_2016-2017.csv,56.64696627250914,179.47160961709756,3.16824750603097,2.1367492776002357,3982.34785565108,1863.7412902854094
4,MinasGerais_2016-2017.csv,160.97848418309562,266.96483711845525,1.6583883148931358,2.1367492776002357,3982.34785565108,1863.7412902854094
5,MatoGrosso_2016-2017.csv,171.58162382403037,429.1051978313437,2.500880853484769,2.1367492776002357,3982.34785565108,1863.7412902854094
6,valle_cauca_2016-2017.csv,141.6112547601619,463.87835469352444,3.275716718132087,2.1367492776002357,3982.34785565108,1863.7412902854094
7,Bahia_2016-2017.csv,449.9565305209188,1113.237728678537,2.47410061454099,2.1367492776002357,3982.34785565108,1863.7412902854094
8,RioDeJaneiro_2016-2017.csv,528.1678406639006,1178.6989592664324,2.231674987603982,2.1367492776002357,3982.34785565108,1863.7412902854094
