,File,NaiveRMSE,NNRMSE,NN-Naive-Ratio,Average-Ratio,TotalNN-RMSE,TotalNaive-RMSE
0,SaoPaulo_2016-2017.csv,91.24688932861062,111.30492800383169,1.2198216160880329,0.5833393370682803,1788.713116006737,3066.333782659623
1,huila_2016-2017.csv,136.82185041140175,15.44174476483629,0.11286022457966616,0.5833393370682803,1788.713116006737,3066.333782659623
2,santander_norte_2016-2017.csv,212.29720715701058,37.475432991104256,0.17652343849906707,0.5833393370682803,1788.713116006737,3066.333782659623
3,santander_2016-2017.csv,93.07495859073302,94.90178473535512,1.0196274720105434,0.5833393370682803,1788.713116006737,3066.333782659623
4,MinasGerais_2016-2017.csv,279.707734308023,224.761409168639,0.8035580772361647,0.5833393370682803,1788.713116006737,3066.333782659623
5,MatoGrosso_2016-2017.csv,370.81222649650175,108.41376935891535,0.2923683784195237,0.5833393370682803,1788.713116006737,3066.333782659623
6,valle_cauca_2016-2017.csv,211.5345470208905,189.21798218211526,0.8945015594234292,0.5833393370682803,1788.713116006737,3066.333782659623
7,Bahia_2016-2017.csv,819.9580825630521,461.70516522968245,0.5630838637341913,0.5833393370682803,1788.713116006737,3066.333782659623
8,RioDeJaneiro_2016-2017.csv,850.8802867833996,545.4908995722575,0.6410900664233132,0.5833393370682803,1788.713116006737,3066.333782659623
