,File,NaiveRMSE,H-LSTM-RMSE,H-LSTM-Naive-Ratio,Average-Ratio,Total H-LSTM-RMSE,TotalNaive-RMSE
0,SaoPaulo_2016-2017.csv,49.0806253593854,120.65441924070936,2.4582901777888067,0.8094162941935278,1475.065389244078,1822.3816345503374
1,tolima_2016-2017.csv,131.52827402762824,74.75546256962255,0.5683604010033596,0.8094162941935278,1475.065389244078,1822.3816345503374
2,santander_norte_2016-2017.csv,132.83003493870723,58.70568213192537,0.44196090258512977,0.8094162941935278,1475.065389244078,1822.3816345503374
3,santander_2016-2017.csv,56.64696627250914,57.45165708258849,1.0142053646122593,0.8094162941935278,1475.065389244078,1822.3816345503374
4,MinasGerais_2016-2017.csv,160.97848418309562,170.02335584495287,1.0561868358231632,0.8094162941935278,1475.065389244078,1822.3816345503374
5,MatoGrosso_2016-2017.csv,171.58162382403037,98.86702128409411,0.5762098474221782,0.8094162941935278,1475.065389244078,1822.3816345503374
6,valle_cauca_2016-2017.csv,141.6112547601619,141.1632762299163,0.9968365612535225,0.8094162941935278,1475.065389244078,1822.3816345503374
7,Bahia_2016-2017.csv,449.9565305209188,318.83499289300545,0.7085906554659563,0.8094162941935278,1475.065389244078,1822.3816345503374
8,RioDeJaneiro_2016-2017.csv,528.1678406639006,434.60952196726356,0.822862523058891,0.8094162941935278,1475.065389244078,1822.3816345503374
