,File,NaiveRMSE,NNRMSE,NN-Naive-Ratio,Average-Ratio,TotalNN-RMSE,TotalNaive-RMSE
0,SaoPaulo_2016-2017.csv,80.94359268557656,78.97794676085918,0.9757158552085415,0.6421136458296788,1647.3122365606032,2565.4527781170286
1,huila_2016-2017.csv,120.99953139553122,13.943651836908286,0.115237238327216,0.6421136458296788,1647.3122365606032,2565.4527781170286
2,tolima_2016-2017.csv,119.19558560981183,33.3149052687267,0.27949781108323457,0.6421136458296788,1647.3122365606032,2565.4527781170286
3,santander_norte_2016-2017.csv,186.8847431346252,37.830488099701206,0.20242684054978982,0.6421136458296788,1647.3122365606032,2565.4527781170286
4,santander_2016-2017.csv,77.58885827124311,78.84348856623919,1.016170237878872,0.6421136458296788,1647.3122365606032,2565.4527781170286
5,MinasGerais_2016-2017.csv,259.48555288548124,234.03046209962739,0.9019017031861964,0.6421136458296788,1647.3122365606032,2565.4527781170286
6,valle_cauca_2016-2017.csv,189.1969736686103,166.7792069148982,0.8815109654291926,0.6421136458296788,1647.3122365606032,2565.4527781170286
7,Bahia_2016-2017.csv,736.2269290641273,456.41124508784526,0.6199328319435741,0.6421136458296788,1647.3122365606032,2565.4527781170286
8,RioDeJaneiro_2016-2017.csv,794.9310114020219,547.1808419257978,0.6883375212154996,0.6421136458296788,1647.3122365606032,2565.4527781170286
