,File,NaiveRMSE,H-LSTM-RMSE,H-LSTM-Naive-Ratio,Average-Ratio,Total H-LSTM-RMSE,TotalNaive-RMSE
0,SaoPaulo_2016-2017.csv,80.94359268557656,80.7481946373915,0.9975859973383678,0.5083074729058332,1366.7424261339977,2688.8104129588396
1,huila_2016-2017.csv,120.99953139553122,13.055630741566395,0.10789819258794722,0.5083074729058332,1366.7424261339977,2688.8104129588396
2,tolima_2016-2017.csv,119.19558560981183,37.68530820971272,0.3161636231485621,0.5083074729058332,1366.7424261339977,2688.8104129588396
3,santander_2016-2017.csv,77.58885827124311,69.94913895645016,0.9015358714509596,0.5083074729058332,1366.7424261339977,2688.8104129588396
4,MinasGerais_2016-2017.csv,259.48555288548124,182.7603365582944,0.7043179650119173,0.5083074729058332,1366.7424261339977,2688.8104129588396
5,MatoGrosso_2016-2017.csv,310.24237797643605,96.14475638933162,0.30990207403784836,0.5083074729058332,1366.7424261339977,2688.8104129588396
6,valle_cauca_2016-2017.csv,189.1969736686103,143.3728959095165,0.7577969833737542,0.5083074729058332,1366.7424261339977,2688.8104129588396
7,Bahia_2016-2017.csv,736.2269290641273,323.37724607999877,0.4392358297611684,0.5083074729058332,1366.7424261339977,2688.8104129588396
8,RioDeJaneiro_2016-2017.csv,794.9310114020219,419.64891865173564,0.5279060857263572,0.5083074729058332,1366.7424261339977,2688.8104129588396
