,File,NaiveRMSE,H-LSTM-RMSE,H-LSTM-Naive-Ratio,Average-Ratio,Total H-LSTM-RMSE,TotalNaive-RMSE
0,SaoPaulo_2016-2017.csv,67.15209595289603,62.027369535638606,0.923684788322137,0.6156824713276889,1098.0152668732026,1783.4116090805487
1,huila_2016-2017.csv,108.014643754012,14.454528179330156,0.13382007917600774,0.6156824713276889,1098.0152668732026,1783.4116090805487
2,tolima_2016-2017.csv,54.45930890610541,42.13483426237008,0.7736938846399197,0.6156824713276889,1098.0152668732026,1783.4116090805487
3,santander_norte_2016-2017.csv,165.42693682883518,33.06673492880154,0.19988724667624838,0.6156824713276889,1098.0152668732026,1783.4116090805487
4,santander_2016-2017.csv,66.52880303036467,64.62881674854708,0.9714411473636402,0.6156824713276889,1098.0152668732026,1783.4116090805487
5,MinasGerais_2016-2017.csv,219.60331450736328,187.93535469984693,0.8557947092986407,0.6156824713276889,1098.0152668732026,1783.4116090805487
6,MatoGrosso_2016-2017.csv,242.69168331016576,100.08202077539943,0.4123833969518116,0.6156824713276889,1098.0152668732026,1783.4116090805487
7,valle_cauca_2016-2017.csv,166.8083343486268,147.62290202351133,0.8849851693559974,0.6156824713276889,1098.0152668732026,1783.4116090805487
8,RioDeJaneiro_2016-2017.csv,692.7264884421796,446.06270571975756,0.6439232700959283,0.6156824713276889,1098.0152668732026,1783.4116090805487
