,File,NaiveRMSE,H-LSTM-RMSE - No Google,H-LSTM - No Google-Naive-Ratio,Average-Ratio,Total H-LSTM-RMSE - No Google,TotalNaive-RMSE
0,SaoPaulo_2016-2017.csv,26.394997414214608,72.04600230227216,2.72953246297622,0.7852212661285968,846.6104066280745,1078.1806901411965
1,huila_2016-2017.csv,59.602097278535425,50.417214969116074,0.8458966591981468,0.7852212661285968,846.6104066280745,1078.1806901411965
2,tolima_2016-2017.csv,124.83905638861582,59.894517287263795,0.4797738706131844,0.7852212661285968,846.6104066280745,1078.1806901411965
3,santander_norte_2016-2017.csv,96.52642125345785,63.150690702381056,0.6542321768727007,0.7852212661285968,846.6104066280745,1078.1806901411965
4,santander_2016-2017.csv,49.70010060351991,48.460328036708205,0.9750549284255594,0.7852212661285968,846.6104066280745,1078.1806901411965
5,MinasGerais_2016-2017.csv,86.68787754174761,82.68153387699405,0.9537842685925242,0.7852212661285968,846.6104066280745,1078.1806901411965
6,valle_cauca_2016-2017.csv,100.06008195079595,93.89439342098629,0.9383801371176009,0.7852212661285968,846.6104066280745,1078.1806901411965
7,Bahia_2016-2017.csv,243.01872804580026,113.02396815224435,0.46508336645949117,0.7852212661285968,846.6104066280745,1078.1806901411965
8,RioDeJaneiro_2016-2017.csv,291.35132966450914,263.0417578801086,0.9028335589990305,0.7852212661285968,846.6104066280745,1078.1806901411965
