,File,NaiveRMSE,H-LSTM-RMSE - No Google,H-LSTM - No Google-Naive-Ratio,Average-Ratio,Total H-LSTM-RMSE - No Google,TotalNaive-RMSE
0,SaoPaulo_2016-2017.csv,26.394997414214608,90.1692117060828,3.416147775696451,0.8142286561626864,870.2869714871423,1068.848369435496
1,huila_2016-2017.csv,59.602097278535425,51.72193413721419,0.8677871500981706,0.8142286561626864,870.2869714871423,1068.848369435496
2,tolima_2016-2017.csv,124.83905638861582,68.73135300620294,0.5505596965764202,0.8142286561626864,870.2869714871423,1068.848369435496
3,santander_norte_2016-2017.csv,96.52642125345785,64.75392019953765,0.670841406515089,0.8142286561626864,870.2869714871423,1068.848369435496
4,santander_2016-2017.csv,49.70010060351991,49.13942375952216,0.9887187986102781,0.8142286561626864,870.2869714871423,1068.848369435496
5,MinasGerais_2016-2017.csv,86.68787754174761,121.90817370617378,1.406288597243191,0.8142286561626864,870.2869714871423,1068.848369435496
6,MatoGrosso_2016-2017.csv,90.72776124509527,58.519163642730156,0.6449973287078512,0.8142286561626864,870.2869714871423,1068.848369435496
7,Bahia_2016-2017.csv,243.01872804580026,113.45584517942366,0.46686050121224126,0.8142286561626864,870.2869714871423,1068.848369435496
8,RioDeJaneiro_2016-2017.csv,291.35132966450914,251.88794615025486,0.8645505288762666,0.8142286561626864,870.2869714871423,1068.848369435496
