,File,NaiveRMSE,H-LSTM-RMSE - No Google,H-LSTM - No Google-Naive-Ratio,Average-Ratio,Total H-LSTM-RMSE - No Google,TotalNaive-RMSE
0,SaoPaulo_2016-2017.csv,91.24688932861062,112.60645641658438,1.2340854274061968,0.6150387739717397,1882.512547197966,3060.803036922783
1,tolima_2016-2017.csv,131.2911046745615,48.769835186765064,0.3714633623325323,0.6150387739717397,1882.512547197966,3060.803036922783
2,santander_norte_2016-2017.csv,212.29720715701058,37.19161293691466,0.1751865388855941,0.6150387739717397,1882.512547197966,3060.803036922783
3,santander_2016-2017.csv,93.07495859073302,106.20772620639259,1.1410988284551022,0.6150387739717397,1882.512547197966,3060.803036922783
4,MinasGerais_2016-2017.csv,279.707734308023,227.55030726839937,0.8135288351297921,0.6150387739717397,1882.512547197966,3060.803036922783
5,MatoGrosso_2016-2017.csv,370.81222649650175,127.1619814382983,0.3429282325443979,0.6150387739717397,1882.512547197966,3060.803036922783
6,valle_cauca_2016-2017.csv,211.5345470208905,210.62779967253206,0.9957134786675347,0.6150387739717397,1882.512547197966,3060.803036922783
7,Bahia_2016-2017.csv,819.9580825630521,517.9326764479606,0.6316575047702311,0.6150387739717397,1882.512547197966,3060.803036922783
8,RioDeJaneiro_2016-2017.csv,850.8802867833996,494.46415162411876,0.581120704409961,0.6150387739717397,1882.512547197966,3060.803036922783
