,File,NaiveRMSE,P-LSTM-RMSE,P-LSTM-Naive-Ratio,Average-Ratio,Total P-LSTM-RMSE,TotalNaive-RMSE
0,SaoPaulo_2016-2017.csv,49.0806253593854,114.76850876997341,2.338366879590439,2.0063292893755387,3553.631826587044,1771.210660884633
1,huila_2016-2017.csv,90.44028109445726,97.27814153672036,1.0756063599041839,2.0063292893755387,3553.631826587044,1771.210660884633
2,tolima_2016-2017.csv,131.52827402762824,124.50233811036452,0.9465823149493477,2.0063292893755387,3553.631826587044,1771.210660884633
3,santander_norte_2016-2017.csv,132.83003493870723,128.26698128385522,0.9656474256220924,2.0063292893755387,3553.631826587044,1771.210660884633
4,santander_2016-2017.csv,56.64696627250914,176.3451895268775,3.113056199312444,2.0063292893755387,3553.631826587044,1771.210660884633
5,MinasGerais_2016-2017.csv,160.97848418309562,245.6184685610883,1.525784453789016,2.0063292893755387,3553.631826587044,1771.210660884633
6,MatoGrosso_2016-2017.csv,171.58162382403037,424.3234281560652,2.473012078445185,2.0063292893755387,3553.631826587044,1771.210660884633
7,Bahia_2016-2017.csv,449.9565305209188,1096.4011177043524,2.436682308922239,2.0063292893755387,3553.631826587044,1771.210660884633
8,RioDeJaneiro_2016-2017.csv,528.1678406639006,1146.1276529377471,2.1700065106142747,2.0063292893755387,3553.631826587044,1771.210660884633
