,File,NaiveRMSE,P-LSTM-RMSE,P-LSTM-Naive-Ratio,Average-Ratio,Total P-LSTM-RMSE,TotalNaive-RMSE
0,SaoPaulo_2016-2017.csv,80.94359268557656,112.84882118529326,1.3941662019333858,1.2834883282591092,3537.935025567016,2756.499570483653
1,huila_2016-2017.csv,120.99953139553122,67.0019048972026,0.553736895708979,1.2834883282591092,3537.935025567016,2756.499570483653
2,santander_norte_2016-2017.csv,186.8847431346252,79.98410102006247,0.4279862533371423,1.2834883282591092,3537.935025567016,2756.499570483653
3,santander_2016-2017.csv,77.58885827124311,182.72000264804342,2.354977334622866,1.2834883282591092,3537.935025567016,2756.499570483653
4,MinasGerais_2016-2017.csv,259.48555288548124,289.39202103419933,1.115252921853097,1.2834883282591092,3537.935025567016,2756.499570483653
5,MatoGrosso_2016-2017.csv,310.24237797643605,288.0915207314061,0.9286014457808456,1.2834883282591092,3537.935025567016,2756.499570483653
6,valle_cauca_2016-2017.csv,189.1969736686103,463.3321546215114,2.4489406232948796,1.2834883282591092,3537.935025567016,2756.499570483653
7,Bahia_2016-2017.csv,736.2269290641273,984.7729585824018,1.337594320047787,1.2834883282591092,3537.935025567016,2756.499570483653
8,RioDeJaneiro_2016-2017.csv,794.9310114020219,1069.7915408468957,1.3457665199903341,1.2834883282591092,3537.935025567016,2756.499570483653
