,File,NaiveRMSE,NNRMSE,NN-Naive-Ratio,Average-Ratio,TotalNN-RMSE,TotalNaive-RMSE
0,SaoPaulo_2016-2017.csv,91.24688932861062,46.617850884446625,0.5108979739195286,0.5247060813221882,1231.3511632190061,2346.7446005507845
1,huila_2016-2017.csv,136.82185041140175,14.846035533858926,0.10850632036636863,0.5247060813221882,1231.3511632190061,2346.7446005507845
2,tolima_2016-2017.csv,131.2911046745615,17.905064922439536,0.136376831978235,0.5247060813221882,1231.3511632190061,2346.7446005507845
3,santander_norte_2016-2017.csv,212.29720715701058,37.00855345687581,0.17432425961922832,0.5247060813221882,1231.3511632190061,2346.7446005507845
4,santander_2016-2017.csv,93.07495859073302,100.15843209272354,1.0761050405956967,0.5247060813221882,1231.3511632190061,2346.7446005507845
5,MinasGerais_2016-2017.csv,279.707734308023,226.88829636420158,0.8111620399968812,0.5247060813221882,1231.3511632190061,2346.7446005507845
6,MatoGrosso_2016-2017.csv,370.81222649650175,109.77547592331038,0.2960406051345397,0.5247060813221882,1231.3511632190061,2346.7446005507845
7,valle_cauca_2016-2017.csv,211.5345470208905,190.710631917217,0.9015578523841924,0.5247060813221882,1231.3511632190061,2346.7446005507845
8,Bahia_2016-2017.csv,819.9580825630521,487.4408221239327,0.5944704156098737,0.5247060813221882,1231.3511632190061,2346.7446005507845
