,File,NaiveRMSE,LSTMRMSE,NaiveRelativeRMSE,LSTMRelativeRMSE,LSTM-Naive-Ratio,Average-Ratio,TotalLSTM-RMSE,TotalNaive-RMSE
0,huila_2016-2017.csv,90.44028109445726,87.25430953217288,2.5662332554747116,2.475831654825198,0.9647726486060243,0.7727020726736102,427.3481442381767,553.0568110934637
1,tolima_2016-2017.csv,131.52827402762824,97.90195541373856,2.7835184114440352,2.0718883253441893,0.744341520007886,0.7727020726736102,427.3481442381767,553.0568110934637
2,santander_norte_2016-2017.csv,132.83003493870723,115.66055938158154,2.940557571317535,2.5604640829106824,0.8707410145224433,0.7727020726736102,427.3481442381767,553.0568110934637
3,santander_2016-2017.csv,56.64696627250914,47.290845815215505,0.5615349615478528,0.46878879900934567,0.8348345715058324,0.7727020726736102,427.3481442381767,553.0568110934637
4,valle_cauca_2016-2017.csv,141.6112547601619,79.24047409546819,0.5291181393891919,0.2960751409817086,0.5595633922577186,0.7727020726736102,427.3481442381767,553.0568110934637
