,File,NaiveRMSE,P-LSTM-RMSE,P-LSTM-Naive-Ratio,Average-Ratio,Total P-LSTM-RMSE,TotalNaive-RMSE
0,SaoPaulo_2016-2017.csv,67.15209595289603,105.1811017886757,1.566311524549512,1.596959131399161,3721.1649806996757,2330.156675605976
1,huila_2016-2017.csv,108.014643754012,78.97548935340286,0.7311553934599675,1.596959131399161,3721.1649806996757,2330.156675605976
2,tolima_2016-2017.csv,54.45930890610541,124.43510894763197,2.284918987168447,1.596959131399161,3721.1649806996757,2330.156675605976
3,santander_norte_2016-2017.csv,165.42693682883518,95.60920092003431,0.5779542482791648,1.596959131399161,3721.1649806996757,2330.156675605976
4,MinasGerais_2016-2017.csv,219.60331450736328,293.69497119577096,1.3373886084306956,1.596959131399161,3721.1649806996757,2330.156675605976
5,MatoGrosso_2016-2017.csv,242.69168331016576,357.94250685980427,1.4748857561894497,1.596959131399161,3721.1649806996757,2330.156675605976
6,valle_cauca_2016-2017.csv,166.8083343486268,464.74939169782857,2.786128124308883,1.596959131399161,3721.1649806996757,2330.156675605976
7,Bahia_2016-2017.csv,613.2738695557917,1067.1302167598712,1.7400549244545802,1.596959131399161,3721.1649806996757,2330.156675605976
8,RioDeJaneiro_2016-2017.csv,692.7264884421796,1133.4469931766557,1.6362114226721418,1.596959131399161,3721.1649806996757,2330.156675605976
