,File,NaiveRMSE,H-LSTM-RMSE,H-LSTM-Naive-Ratio,Average-Ratio,Total H-LSTM-RMSE,TotalNaive-RMSE
0,huila_2016-2017.csv,136.82185041140175,21.974863231454695,0.16060931178302107,0.6052015434627868,1879.9847589718147,3106.3779980055738
1,tolima_2016-2017.csv,131.2911046745615,39.229642903859265,0.29879893996702933,0.6052015434627868,1879.9847589718147,3106.3779980055738
2,santander_norte_2016-2017.csv,212.29720715701058,39.684578353254075,0.18692934723302407,0.6052015434627868,1879.9847589718147,3106.3779980055738
3,santander_2016-2017.csv,93.07495859073302,107.81618671611453,1.1583801738790054,0.6052015434627868,1879.9847589718147,3106.3779980055738
4,MinasGerais_2016-2017.csv,279.707734308023,232.1194086485342,0.8298641051981671,0.6052015434627868,1879.9847589718147,3106.3779980055738
5,MatoGrosso_2016-2017.csv,370.81222649650175,131.59083938584675,0.35487190006958463,0.6052015434627868,1879.9847589718147,3106.3779980055738
6,valle_cauca_2016-2017.csv,211.5345470208905,222.53161554353827,1.0519871041280162,0.6052015434627868,1879.9847589718147,3106.3779980055738
7,Bahia_2016-2017.csv,819.9580825630521,550.3852419460119,0.6712358273554662,0.6052015434627868,1879.9847589718147,3106.3779980055738
8,RioDeJaneiro_2016-2017.csv,850.8802867833996,534.6523822432008,0.6283520614449282,0.6052015434627868,1879.9847589718147,3106.3779980055738
