,File,NaiveRMSE,NNRMSE,NN-Naive-Ratio,Average-Ratio,TotalNN-RMSE,TotalNaive-RMSE
0,SaoPaulo_2016-2017.csv,67.15209595289603,119.16180581204738,1.7745061285299815,0.6465997386515928,1441.8379787215958,2229.8771442877137
1,huila_2016-2017.csv,108.014643754012,23.92224472557619,0.22147223648726463,0.6465997386515928,1441.8379787215958,2229.8771442877137
2,tolima_2016-2017.csv,54.45930890610541,39.663214338680866,0.7283091749670411,0.6465997386515928,1441.8379787215958,2229.8771442877137
3,santander_norte_2016-2017.csv,165.42693682883518,36.709460235179066,0.22190739270691934,0.6465997386515928,1441.8379787215958,2229.8771442877137
4,santander_2016-2017.csv,66.52880303036467,63.82416548472317,0.9593463669501604,0.6465997386515928,1441.8379787215958,2229.8771442877137
5,MinasGerais_2016-2017.csv,219.60331450736328,193.83790131657508,0.8826729311960168,0.6465997386515928,1441.8379787215958,2229.8771442877137
6,MatoGrosso_2016-2017.csv,242.69168331016576,99.691736275725,0.4107752474909352,0.6465997386515928,1441.8379787215958,2229.8771442877137
7,Bahia_2016-2017.csv,613.2738695557917,342.01368220055997,0.5576850721657003,0.6465997386515928,1441.8379787215958,2229.8771442877137
8,RioDeJaneiro_2016-2017.csv,692.7264884421796,523.0137683325291,0.7550076069830899,0.6465997386515928,1441.8379787215958,2229.8771442877137
