,File,NaiveRMSE,P-LSTM-RMSE - No Google,P-LSTM - No Google-Naive-Ratio,Average-Ratio,Total P-LSTM-RMSE - No Google,TotalNaive-RMSE
0,SaoPaulo_2016-2017.csv,49.0806253593854,77.11203496787786,1.5711298379602283,1.7155692125348598,2987.2182362729186,1741.2402918207645
1,huila_2016-2017.csv,90.44028109445726,91.50160291251719,1.0117350566054903,1.7155692125348598,2987.2182362729186,1741.2402918207645
2,tolima_2016-2017.csv,131.52827402762824,115.64891796735752,0.8792703988730577,1.7155692125348598,2987.2182362729186,1741.2402918207645
3,santander_norte_2016-2017.csv,132.83003493870723,120.1659399052296,0.9046594014725562,1.7155692125348598,2987.2182362729186,1741.2402918207645
4,santander_2016-2017.csv,56.64696627250914,150.53328594698422,2.6573936055608023,1.7155692125348598,2987.2182362729186,1741.2402918207645
5,MinasGerais_2016-2017.csv,160.97848418309562,130.4805369889154,0.8105464382464174,1.7155692125348598,2987.2182362729186,1741.2402918207645
6,valle_cauca_2016-2017.csv,141.6112547601619,394.2781046120365,2.7842285931284247,1.7155692125348598,2987.2182362729186,1741.2402918207645
7,Bahia_2016-2017.csv,449.9565305209188,955.3155088359417,2.1231284447187915,1.7155692125348598,2987.2182362729186,1741.2402918207645
8,RioDeJaneiro_2016-2017.csv,528.1678406639006,952.1823041360586,1.8028025010746147,1.7155692125348598,2987.2182362729186,1741.2402918207645
