,File,NaiveRMSE,NNRMSE,NN-Naive-Ratio,Average-Ratio,TotalNN-RMSE,TotalNaive-RMSE
0,SaoPaulo_2016-2017.csv,26.394997414214608,118.82564663239096,4.501824522566511,0.8332124285678434,932.5383080291242,1119.208350782772
1,huila_2016-2017.csv,59.602097278535425,55.83431041889691,0.936784324181904,0.8332124285678434,932.5383080291242,1119.208350782772
2,tolima_2016-2017.csv,124.83905638861582,60.635285488070934,0.4857076562587693,0.8332124285678434,932.5383080291242,1119.208350782772
3,santander_norte_2016-2017.csv,96.52642125345785,61.60950833777693,0.6382657467016566,0.8332124285678434,932.5383080291242,1119.208350782772
4,MinasGerais_2016-2017.csv,86.68787754174761,122.41629857261591,1.4121501419118494,0.8332124285678434,932.5383080291242,1119.208350782772
5,MatoGrosso_2016-2017.csv,90.72776124509527,46.070618345069505,0.5077896523933029,0.8332124285678434,932.5383080291242,1119.208350782772
6,valle_cauca_2016-2017.csv,100.06008195079595,99.72692520318586,0.9966704329927102,0.8332124285678434,932.5383080291242,1119.208350782772
7,Bahia_2016-2017.csv,243.01872804580026,110.6474821090818,0.4553043421749321,0.8332124285678434,932.5383080291242,1119.208350782772
8,RioDeJaneiro_2016-2017.csv,291.35132966450914,256.77223292203536,0.8813147797118633,0.8332124285678434,932.5383080291242,1119.208350782772
